split,image,boxes
train,100_png.rf.44205ffcbce3a23db90158d9e10637dd.jpg,1
train,100_png.rf.ae3e3cb957d9f9af0da92000b4923617.jpg,1
train,100_png.rf.d2b173f66f996a04e9722da879c91aa2.jpg,1
train,101_png.rf.0a98b15e94e04b78cbe1336cab819ca9.jpg,1
train,101_png.rf.c9494abd59f6581ee544d3437f740134.jpg,1
train,101_png.rf.f34163f5e9157739d94a958ac6aeb0d8.jpg,1
train,102_png.rf.2f06581cbd52f22fadc5113158c7d0da.jpg,1
train,102_png.rf.715503b50d19408be9d8513ad38327f9.jpg,1
train,102_png.rf.dc1315cb0db8542e93a8ab6f16e7f603.jpg,1
train,103_png.rf.0bf110810427204c70c71d887d2393e5.jpg,1
train,103_png.rf.4ee03846421f05e145684c3379e657f7.jpg,1
train,104_png.rf.09385316752ae2230e31961fd5a03f52.jpg,1
train,104_png.rf.9fe670b02ab3e4b9e796743b0877948b.jpg,1
train,104_png.rf.db7f446e416e2f8ae8a4ca8c97a4b5eb.jpg,1
train,105_png.rf.5b20251b7cd910e9b08c72ee9b5b7516.jpg,1
train,105_png.rf.6dcb31ab5f722a75fc988d65496ca4da.jpg,1
train,105_png.rf.7e557f4625ffc569df3a57bccf1b2d5f.jpg,1
train,106_png.rf.064fefba355be26be054010263ff3d07.jpg,1
train,106_png.rf.54cb386242cb995b1c81b56d29e7e38f.jpg,1
train,106_png.rf.601ddb4cc416d8acb244cd5b618e73e8.jpg,1
train,107_png.rf.1dfad04627cb742cc02dbd9967796b22.jpg,1
train,107_png.rf.28cd099155dfbe3dcc80922cb3b1f9eb.jpg,1
train,107_png.rf.733cd882fa039839f90209b7fa800f94.jpg,1
train,108_png.rf.18dabe4f3d8c2c88f30d1ec8607b3b0a.jpg,1
train,108_png.rf.a6633a716d10aa7b53c374e4ea1562e4.jpg,1
train,108_png.rf.ceaf41761f9fc0df4d5f5cac4ebcf161.jpg,1
train,109_png.rf.797b005c4b9680d0eaa926f15e5ca347.jpg,1
train,109_png.rf.86456aca4577f28a58ef012cd0b19bca.jpg,1
train,109_png.rf.941274b1250b96d78349d214e3607dff.jpg,1
train,10_jpg.rf.2a8a787a4fde422108bfb89599eedf78.jpg,1
train,10_jpg.rf.418f9a38a7ed5da52c7f2a424ebeafce.jpg,1
train,10_jpg.rf.5b10fd9f082969b3543cb4fb6cbec1ac.jpg,1
train,10_jpg.rf.90140f9edbc50433ae35048cb293b18d.jpg,1
train,10_jpg.rf.9082ca1f5897d6550a993f85b6b81571.jpg,1
train,10_jpg.rf.f88dbd823cc24195d3b0d5e4c32c32f6.jpg,1
train,10_png.rf.44e757574c6aa5d39c383ca15bf1b463.jpg,1
train,10_png.rf.481d60386b20fedcbf73c0e0bcba208f.jpg,1
train,110_png.rf.0fa6ea25e4d179c8cdc10115cf90d80d.jpg,1
train,110_png.rf.bcaaf316e0290f6ee66151ad4c18bec0.jpg,1
train,110_png.rf.e191757be1f27a31d7358e7a0c6bd2cb.jpg,1
train,111_png.rf.8300a321d6392852e399aaca38816b76.jpg,1
train,111_png.rf.cc7ab32e804a5031d4dd5cb6815d2d00.jpg,1
train,111_png.rf.ce66bf8c2ff53574ca326df3f5503a4b.jpg,1
train,112_png.rf.30121f1b784ac8f9773c42689d9f5138.jpg,1
train,112_png.rf.acc116372d9b07a8b74806a54832131c.jpg,1
train,112_png.rf.bdc26efbff34f838c02d3f22c3baa9bd.jpg,1
train,113_png.rf.65e538451949fae23e75f15ecc37bc9a.jpg,1
train,113_png.rf.8341595e2af6d93e41667ff21c612c6f.jpg,1
train,113_png.rf.8d93af44330dc324f375019d592da2a8.jpg,1
train,114_png.rf.049988df379918e1214b54cd7f633245.jpg,1
train,114_png.rf.199df38cd9d5cbbc1b9e36edc805a90f.jpg,1
train,114_png.rf.f3f89ccb7c091b48b494b597ea387d85.jpg,1
train,115_png.rf.2ccb64d2f96d13dff17b8e330c7c2ce7.jpg,1
train,115_png.rf.be6c3783b03f79b01f1111b67f755fb0.jpg,1
train,115_png.rf.f1019af88572dd99eb167258eb81795f.jpg,1
train,116_png.rf.64a25c0d2c3505bfd7408b868803848b.jpg,1
train,116_png.rf.8b86a2f2034a2bd92ce40f9936d21a42.jpg,1
train,116_png.rf.9ee41841685007d0705694cbedd87557.jpg,1
train,117_png.rf.29d5940cc82a3821e28f57eae8d1598d.jpg,1
train,117_png.rf.509b27d111a5f54044599220688190f8.jpg,1
train,117_png.rf.658e613e3f49478ed63c8e37200d30b7.jpg,1
train,118_png.rf.504752b557345eede602f3fcb13ccdd5.jpg,1
train,118_png.rf.920f4d82d394950660721d6c256bd8e2.jpg,1
train,118_png.rf.c4114e763b5f6945cc7b29ffcb9e83c4.jpg,1
train,119_png.rf.13516ad79d88d7b146e862795a94745e.jpg,1
train,119_png.rf.4ae897b8aed861bb7a43029e358c8d48.jpg,1
train,119_png.rf.cfcff5eb493572acb8a262df19483d6d.jpg,1
train,11_jpg.rf.39650bb4d7869bc18a22d4b2a3cc105d.jpg,1
train,11_jpg.rf.59437568b3cda71fe9cb18e6eb08c26f.jpg,1
train,11_jpg.rf.c0942da427f24c4737987554a8bc5ea8.jpg,1
train,11_jpg.rf.d53118caf9c55ff82906ae2792d8e262.jpg,1
train,11_jpg.rf.f7ddf5d7696c6b1fe81486d067fbfa23.jpg,1
train,11_jpg.rf.fb11168aa626d5f5dfc99884b8cc29f7.jpg,1
train,11_png.rf.707a746b95776b569912c7816acf3daa.jpg,1
train,11_png.rf.afdb4b14b5f8b2a3e473b7728f7192fa.jpg,1
train,11_png.rf.d0e2f2d8e05db3651ef10479e93dedc9.jpg,1
train,120_png.rf.445ada354a6ccdbc74632266340429ab.jpg,1
train,120_png.rf.555a2d60ace29f02e23872ccad4f5d24.jpg,1
train,120_png.rf.7e0a2dc45015c83f826e793427d21219.jpg,1
train,121_png.rf.4d936708c8761c5c3419897739a9eaaa.jpg,1
train,121_png.rf.b642686527c627d07cfca72d79339071.jpg,1
train,121_png.rf.f8120f4bbb831b2a015d9ee2d1dda969.jpg,1
train,122_png.rf.7b69e6a05c0a7bd2a0f16b11bb2fe345.jpg,1
train,122_png.rf.c48c5b0a525e1e9ffcbe00a46a1aff62.jpg,1
train,122_png.rf.dc8a112f80fda4494eafe0793ec5e47e.jpg,1
train,123_png.rf.062959393b9cbb6df8b8fc1059fac3c4.jpg,1
train,123_png.rf.5df8b05ee6c69efa4953bb5827650b35.jpg,1
train,124_png.rf.29a41f24ea52e762927142e5fa77a316.jpg,1
train,124_png.rf.c16d2035805c27532fde2beb3aa0deb9.jpg,1
train,124_png.rf.fba6ecc4c65982457aa91a40da811979.jpg,1
train,125_png.rf.0334b7016da9ee177731900ea9639db7.jpg,1
train,125_png.rf.25af0fe83c2dbc59a49a4f2f74cab8ab.jpg,1
train,125_png.rf.7103b82feef5de136791b72d01382cc1.jpg,1
train,126_png.rf.956ac0d184e55fa67cfa9355b20132cd.jpg,1
train,126_png.rf.abd7476aaf9c8997564e35d8d17c127b.jpg,1
train,126_png.rf.f3edd6e310ff5cabe5f9630480af1508.jpg,1
train,127_png.rf.3e927699afb6f3219659eab0d87d0c8a.jpg,1
train,127_png.rf.55a34fbc9271094929a80a4ba1e3d876.jpg,1
train,127_png.rf.dee11f6f82e0aca2917347b6dbc28869.jpg,1
train,128_png.rf.1ef0ac55773ee19f986cb0689255bde4.jpg,1
train,128_png.rf.7da693d9fd0ccfbe53fd5490366ee8a2.jpg,1
train,128_png.rf.af6fa2f55604a625619b8308fca1b5e8.jpg,1
train,129_png.rf.21250676c6c1e1efcbad33cf5120c049.jpg,1
train,129_png.rf.58ae3f7c59ff30b1274d2f66ceb6c2b6.jpg,1
train,129_png.rf.919e6594ef11d0bd9ed428d97d17064f.jpg,1
train,12_jpg.rf.0241efebde10c4f6709db9bff74f03ab.jpg,1
train,12_jpg.rf.177fadd61198d9924ac3d3cfeec81dee.jpg,1
train,12_jpg.rf.6db9685f411411e76ad833d88ca2f750.jpg,1
train,12_jpg.rf.75491878094f4ad1da7abe6c4e41fbad.jpg,1
train,12_jpg.rf.8afe95ec7c9ccee1e45f256b1b20d42d.jpg,1
train,12_jpg.rf.9415d73fc2d78a40209a22eaa3e0a852.jpg,1
train,12_jpg.rf.c3a0c45bfd421315f3dd9d0b87ae0c6b.jpg,1
train,12_jpg.rf.ca36ee0f7f52f6e18835b7761b478341.jpg,1
train,12_jpg.rf.db7ffa2b79669cc6ca807fc3ea1aa003.jpg,1
train,12_png.rf.0b34cce66708dcb003c3cc5dc19b9f0f.jpg,1
train,12_png.rf.9a3c114f08ab653d86cba1b8cac2759c.jpg,1
train,12_png.rf.b563d2f1205cdfb72d486dad158d2804.jpg,1
train,130_png.rf.5b88253091e0bb5f6f18e82e9cdf74bf.jpg,1
train,130_png.rf.ed394512147d075347841fb48b2a817a.jpg,1
train,130_png.rf.fd7a91f56dae5e58c5d97f2c4bddfd7c.jpg,1
train,131_png.rf.09b7fce6407fbebbdcefe8334074856e.jpg,1
train,131_png.rf.133fea92f059fb9fbee1e7ede646db28.jpg,1
train,131_png.rf.af8947a6250ce273a65ed8be75ac817b.jpg,1
train,132_png.rf.3bd3bdc6028d93183f7aa98ccf9dfeb0.jpg,1
train,132_png.rf.52d8d8e21ec03c12e177c4143d42a7fa.jpg,1
train,132_png.rf.cc26fd45ab4388bde6b3a539c264d81f.jpg,1
train,133_png.rf.49db80cd3bf0b6a1275941c57e78be67.jpg,1
train,133_png.rf.4d1f9c5d1ebdca040b2d8740bd15c3f4.jpg,1
train,133_png.rf.c9997f53dae1c5ee4667e29829cb6d59.jpg,1
train,134_png.rf.81f3988bceb67dfcdfae48791e7956f8.jpg,1
train,134_png.rf.850bc28fe3ba742d7a3f8b1c04343287.jpg,1
train,134_png.rf.b0c820ca3ed83e93bc30dfcd513f3bd4.jpg,1
train,135_png.rf.3bddcfe5fe503e6a639c9b57c770227a.jpg,1
train,135_png.rf.5de25c3f066cf6cd1d462f33ab2860ee.jpg,1
train,135_png.rf.a0eb2a72d57ef22e8372db69ed98e903.jpg,1
train,136_png.rf.012ca1b3041ef8912f76631e53f3b709.jpg,1
train,136_png.rf.25957bbc5279e29be2b57a0311fd7c4d.jpg,1
train,136_png.rf.c16004287a16aed3d12ddc359dd186de.jpg,1
train,137_png.rf.0d3aaddb70cc1f50c655dfa1a99834f7.jpg,1
train,137_png.rf.6b84461a7af836f09f9f9f0187e6a36d.jpg,1
train,137_png.rf.e5cb1571e4d6e20126a7cf1c4f0d96e4.jpg,1
train,138_png.rf.07537b876167d20f11ece337bfcc3a0f.jpg,1
train,138_png.rf.bccec7c85bbba4ac8d330ae22ceb935e.jpg,1
train,139_png.rf.08f6253cc683105f22519581ad9a50e2.jpg,1
train,139_png.rf.8c18f1a18f7893adbc9740a273a6daeb.jpg,1
train,13_png.rf.80704e44e24cf75995db543ca14126ef.jpg,1
train,13_png.rf.c1c5a5add98d223ae6ff61fa42f18551.jpg,1
train,13_png.rf.e0896af5cce559936042bf3d28d8c067.jpg,1
train,140_png.rf.0b9bac5db1e5eb4f474b99aa66b0d2b1.jpg,1
train,140_png.rf.e0258b00fa1462b3bec00e99b7200852.jpg,1
train,140_png.rf.e57249f9c411d80f9f0e7e9daeb11fb0.jpg,1
train,141_png.rf.5ee252fe694d48188a1c0ba116d1d662.jpg,1
train,141_png.rf.b3b2c63de27a3d9669126cdf45867d4e.jpg,1
train,141_png.rf.d0e155825979c905bd3a113c11ff7348.jpg,1
train,142_png.rf.60108fd821910de662e8aa67ec7ae652.jpg,1
train,142_png.rf.603bd21e037fcc15916e8f8eeaf68aaa.jpg,1
train,142_png.rf.be04cb060589ec4537a8a4ac1ec8e104.jpg,1
train,143_png.rf.0fe14e31d7c03f8142de5a05238c1a3b.jpg,1
train,143_png.rf.52273599d17524a935d00bf8ca2379c8.jpg,1
train,143_png.rf.bdfa2aee35b955f6c24d02bd523226a8.jpg,1
train,144_png.rf.0c9da227ca746a12ef318f095ff7d106.jpg,1
train,144_png.rf.708bce825981a4eeb48e9be672cd1e94.jpg,1
train,144_png.rf.835a54afb4dcea9128300b01e2f630c2.jpg,1
train,145_png.rf.27e426f37082f77ed03809518877fa49.jpg,1
train,145_png.rf.aa782fcd2d21e601a2f9b790f63bfbc3.jpg,1
train,146_png.rf.24474cbe378cae99461fc6442f45e142.jpg,1
train,146_png.rf.56576f1c0a8c0f88ad790aa5e8f0d5d5.jpg,1
train,146_png.rf.c1113d5acd8c9c63873b1bf081b44e16.jpg,1
train,147_png.rf.4cb4abacaf68ca4bfcb3e82a37e75651.jpg,1
train,147_png.rf.ab86ff936cc4ab25481e947ec55bb33b.jpg,1
train,147_png.rf.f5cb664c2cf7e7f7c9517e74bb8eca40.jpg,1
train,148_png.rf.9bc1774f4a31fc5af7f5e08571c986f0.jpg,1
train,148_png.rf.aa25e76437add44b6259ba9c83d07402.jpg,1
train,148_png.rf.f9c20dbcb42f13f88b7f7edd6017f38e.jpg,1
train,149_png.rf.1323ed3cac5f12c5c676b9221f8a53c6.jpg,1
train,149_png.rf.f02917fcf35ccd2f4b85f198508043fe.jpg,1
train,149_png.rf.f4b3677741edd9f429a14197d7624e97.jpg,1
train,14_jpg.rf.1d9538f09f21a1b41d43a765410bca6e.jpg,1
train,14_jpg.rf.3e4c540c8235ac89740b62b4f31d1724.jpg,1
train,14_jpg.rf.75b58d87efc199485b22c3c6c8b691b6.jpg,1
train,14_jpg.rf.77810077fab97a688a788435f16d9738.jpg,1
train,14_jpg.rf.b2b178e2ed52e0ef0585bf6e3a1d68f8.jpg,1
train,14_jpg.rf.c30f2d9a3789eef420059ec7c3099224.jpg,1
train,14_png.rf.b130dbf41a26449dd7f35f3a47c65b70.jpg,1
train,14_png.rf.d2c148eef5e9d77a38dbce294d6e782b.jpg,1
train,150_png.rf.7f564b3b8a8072fa92ab282ce9f8eed4.jpg,1
train,150_png.rf.85487a4de559f8558c07de407034d860.jpg,1
train,150_png.rf.de0b88bd9d926e46c15f1030f31c26d8.jpg,1
train,151_png.rf.6919074b7f39e1aba3196e5cc26086b6.jpg,1
train,151_png.rf.a6d68cdfa0454cddf9370373171a6038.jpg,1
train,151_png.rf.b7f23cc957c5f4a6b7c0cdca4acac617.jpg,1
train,152_png.rf.7c20fc7f7393c09fd3a28e2685b39bd3.jpg,1
train,152_png.rf.a96685c1e5c213269b051773d16c2cdc.jpg,1
train,152_png.rf.c5c12bc18132a79ee1461a0fe77472f1.jpg,1
train,153_png.rf.881700fa167f14ff1ebe3ba31d809d5e.jpg,1
train,153_png.rf.9d0f83cbe32e1b9bed2a3eb3862f6505.jpg,1
train,153_png.rf.d9bd292a8a4dd48af4c05a566b9a5389.jpg,1
train,154_png.rf.3aec897166288292930ecc99153236e6.jpg,1
train,154_png.rf.b7535b5751ac536f837013bee03fbfbf.jpg,1
train,154_png.rf.ebe855ebbc4807ce485afde7a0a5b060.jpg,1
train,155_png.rf.c2797fbc1a3575386742209ab16a937c.jpg,1
train,155_png.rf.fe230854600008396696ba00aa9e8f83.jpg,1
train,155_png.rf.ff307a17cbef650cd5a5b0b2a68fe267.jpg,1
train,156_png.rf.30bde30d3d99cb4faf2af908ba3677d9.jpg,1
train,156_png.rf.48a3e2905342e9fb8126bea3eb756d73.jpg,1
train,156_png.rf.bc97d5313096c4f99fe1f2b2980a2215.jpg,1
train,157_png.rf.199fb5e84305ffebe475f366c8f58cf4.jpg,1
train,157_png.rf.605eff6c70a135bbc41051630d9d035c.jpg,1
train,157_png.rf.ac79cdb0b811b604683934e428653baa.jpg,1
train,158_png.rf.260cc6ac6697a3e1ee2f2905f6c2823d.jpg,1
train,158_png.rf.832fb3b9d4a17abd86d9c4f2d6a8cc6d.jpg,1
train,158_png.rf.9f7196fc49457a1acbf4f56cc3af2e2e.jpg,1
train,159_png.rf.392c3d642ac756681440ee33cd421ef1.jpg,1
train,159_png.rf.c0a952f033a787bec6020e417299dbeb.jpg,1
train,15_jpg.rf.4c1e5cd3b661c788d0594a8ef2195fcd.jpg,1
train,15_jpg.rf.b17d655da1ae2f94c19d4308235cdac9.jpg,1
train,15_jpg.rf.c294799a533cd68bc882ffffb237ffc3.jpg,1
train,15_jpg.rf.d0e34f79d386a12b379b4b81ea6f57c8.jpg,1
train,15_jpg.rf.e06cf710c9bce99a210da8aa7b400255.jpg,1
train,15_jpg.rf.f4c053e7f4600fe196e9285845a98d4c.jpg,1
train,15_png.rf.6b02529e5c64fd67d65ec1c5b2aac905.jpg,1
train,15_png.rf.96d6da33473e23045d35689841327e9d.jpg,1
train,15_png.rf.afdff78460393fd892ab1b735e16a363.jpg,1
train,160_png.rf.4f35b47aa3902518341bea8f99061a16.jpg,1
train,160_png.rf.a1014e1f1599384c2b761777e3c0307e.jpg,1
train,160_png.rf.d0198cf3d90002b9c3d7bb5b5ddd99ff.jpg,1
train,161_png.rf.5f171f55b753634801eb6f726df4d3eb.jpg,1
train,161_png.rf.5f339f48c86e66e6a488a9c193c95cb6.jpg,1
train,161_png.rf.aaa3a7fd41fa1634fe4e8c0d35ca25e0.jpg,1
train,162_png.rf.1dfc9f4778e9b6df7827cc7fa6cc8198.jpg,1
train,162_png.rf.917dc8635ce473cd01d903cb643e5a61.jpg,1
train,162_png.rf.a65b04bc575a134fb639b1ebdafa869b.jpg,1
train,163_png.rf.08de932801ded5efbe3012e66a8c2050.jpg,1
train,163_png.rf.ba8e51a950cdbf57b655fbf89e71f543.jpg,1
train,164_png.rf.172e024008c082874f305fc11630c318.jpg,1
train,164_png.rf.e0220d8a0c0f42451dfa9f20de4cb751.jpg,1
train,164_png.rf.e212798ffb70dd029a97563a58a055af.jpg,1
train,165_png.rf.1e663de9f57235db8169d292d58d62a8.jpg,1
train,165_png.rf.bf18134fac6dfe7d5ddf35028132b61b.jpg,1
train,165_png.rf.c6c4ba37f8370527f23aa51da8b0ab01.jpg,1
train,166_png.rf.64b95dabb13cc1d5d78cb8383cf83598.jpg,1
train,166_png.rf.d934bf288159037a7b8a893923131d71.jpg,1
train,166_png.rf.f85a9a5e0f48eb280c5c277c3ff5b85e.jpg,1
train,167_png.rf.8b11ee245d15a23bf0947ee6aebec71d.jpg,1
train,167_png.rf.eeba1c0c298abd90809d8450051de37b.jpg,1
train,167_png.rf.f81240f36f334e4f0417c4182ef79b8e.jpg,1
train,168_png.rf.3fdf1e8198aec5c099e8f5c098dbf53c.jpg,1
train,168_png.rf.45a55b5a8f0a54b3a68783699e2131c8.jpg,1
train,168_png.rf.f545383bab82493c35bc37cdccf35705.jpg,1
train,169_png.rf.36889405d9b81ee86cfdec8e66ff0c60.jpg,1
train,169_png.rf.d0e631dbc1c763ca553d7fe1ff6ad74d.jpg,1
train,169_png.rf.d4fed4e2ea367ec105333315414a73d0.jpg,1
train,16_jpg.rf.02ce3f8d461dc5dacfb8e6530d8456a5.jpg,1
train,16_jpg.rf.26a28ef337ee5276554a374f655cb2eb.jpg,1
train,16_jpg.rf.29b2733839acfa14be3004ebd4fd7ea4.jpg,1
train,16_jpg.rf.38ec2a8f0d1da705d3da08d9b24683a4.jpg,1
train,16_jpg.rf.c94ab88c2299c5e010495739129677b0.jpg,1
train,16_jpg.rf.e109878672e9ff7f574423f3a93c52d9.jpg,1
train,16_png.rf.2529311e1e8d1f7bcd86c5961c33b9ad.jpg,1
train,16_png.rf.7d4cf680e544374b155c8e88ca81f7b6.jpg,1
train,16_png.rf.aed3e3d64377f20aa4a576d30022911f.jpg,1
train,170_png.rf.0d6dd3307900f39f318d78fbcc5a96be.jpg,1
train,170_png.rf.2fd2bb3332e7e5c5b3291ff9a4b0aa9f.jpg,1
train,170_png.rf.a50cf3633b798a544279e9680daf8258.jpg,1
train,171_png.rf.22bb3469fcb31d61f3b627e79332c679.jpg,1
train,171_png.rf.570fb224249cbfeaf339a5c677eb67f1.jpg,1
train,171_png.rf.9a086668ad859e105730a1b46398f722.jpg,1
train,172_png.rf.26639acdf54798b56d2161298c5a1d83.jpg,1
train,172_png.rf.7099a77531a9df311059ecaf7cabfca6.jpg,1
train,172_png.rf.a8b69b7d395e68502344c181d3506cd0.jpg,1
train,173_png.rf.19b0502f1f4bfc034709eb6fc6674d8e.jpg,1
train,173_png.rf.73c37bba4d976a324c9843779a5538ac.jpg,1
train,173_png.rf.a9bcf3231841747145a81ac7ecf6c64c.jpg,1
train,174_png.rf.70ea198fe483ea22cd992f03bd378a67.jpg,1
train,174_png.rf.921089e24494788724ea6e7a4eb6a093.jpg,1
train,174_png.rf.e6ea4dd930021d9db9589933b61f8eed.jpg,1
train,175_png.rf.363e945c22fa8d142744899e711f2b16.jpg,1
train,175_png.rf.3b5195f9422d9b726512dcfef7587a7e.jpg,1
train,175_png.rf.886e3d470d2eb32f7500d75a7fc40f6b.jpg,1
train,176_png.rf.13a22e777c66192a72e290137656244e.jpg,1
train,176_png.rf.c9edfc1505ff111f86377e6462fa5780.jpg,1
train,176_png.rf.d0680314d37ecc7a71759aec7ca9f7b4.jpg,1
train,177_png.rf.c3d10939212c7e165bbc3055efc8b6de.jpg,1
train,177_png.rf.db472f7895c1b8b1f9c47ffaefca5c91.jpg,1
train,177_png.rf.fb42a3a39bba22345ec1bfd27fb9378c.jpg,1
train,178_png.rf.300adfca7de4b9b2b82f1381978cebf3.jpg,1
train,178_png.rf.b287b77444d48fb4a4becd6beca8c575.jpg,1
train,178_png.rf.e1be98701bcccf8cbe5748364287110d.jpg,1
train,179_png.rf.44fedd2461353809cee34b9e5d1fcb32.jpg,1
train,179_png.rf.55a0b7ca9c70aefbd4182149da0dc4a3.jpg,1
train,179_png.rf.8479a84993d0d0595621700bd37e90a4.jpg,1
train,17_jpg.rf.0cd2c1d3365399dd862abe6b3696a26d.jpg,1
train,17_jpg.rf.2ccfb6ddb67159af72e2fde6f3a48957.jpg,1
train,17_jpg.rf.9df6580000f9c549d60714031e5d982a.jpg,1
train,17_jpg.rf.b9b95d7c3c78cc9503735299f3af16dc.jpg,1
train,17_jpg.rf.e65ab2e85605453693bb6c479f3ae34a.jpg,1
train,17_jpg.rf.fb8b336fe63e3575ef82e8cc03361bbf.jpg,1
train,17_png.rf.9db50ad335e967eb1c0d37b5c140a509.jpg,1
train,17_png.rf.c1a4d12d02f8dc5a9df668f5b422efe2.jpg,1
train,17_png.rf.e6660de448150274b1f061f8c13775fd.jpg,1
train,180_png.rf.02f25c50688be534232a7b30350bc1e3.jpg,1
train,180_png.rf.d30f48b1a73158d3947234c36284d02d.jpg,1
train,180_png.rf.d7181216223f0bde2086d563e278ab7d.jpg,1
train,181_png.rf.1285de5d5298905b01da99085b8e6e06.jpg,1
train,181_png.rf.7015cb878c76479ae8d404e984352b53.jpg,1
train,182_png.rf.29d610196c9f91774dc60690238d3a05.jpg,1
train,182_png.rf.3f01f28c5c88aaaee74dd45c66b9fcf0.jpg,1
train,182_png.rf.f217ddc8fa3544799492bfdaccc6d180.jpg,1
train,183_png.rf.5c8cfb20c73fe9caae630367eb3cfe80.jpg,1
train,183_png.rf.ca0028740b2fa2e49a18267de7191ed3.jpg,1
train,184_png.rf.06ca18aab21ccd1d998e80896c636dc1.jpg,1
train,184_png.rf.5a421793e255315e6a25269316d381f7.jpg,1
train,184_png.rf.9929fcd65e09d1d022a9aaf7bb33e46b.jpg,1
train,185_png.rf.24a493f0fd36fa690307301dcdf3c6a0.jpg,1
train,185_png.rf.264526275a7c8c5080e12704edb328ff.jpg,1
train,185_png.rf.9a50f2afcd58007201c885a8a254da7e.jpg,1
train,186_png.rf.2f9789658d1903b4896f077ee126dddd.jpg,1
train,186_png.rf.586f2246926e93229c115d7ae4989758.jpg,1
train,187_png.rf.0e115b218d51caa6750a6339e1d77ebf.jpg,1
train,187_png.rf.c39287e7adc7ac0ae11c5e9e6c6a1e49.jpg,1
train,187_png.rf.c9bf03d27a48240500fea0078667a147.jpg,1
train,188_png.rf.1e6e7b581242fb7b2cfe759045c31f4d.jpg,1
train,188_png.rf.6d7c9792fffffbf47997ecb665babfef.jpg,1
train,188_png.rf.a17653771a432e6e5220fcf5d45b0d57.jpg,1
train,189_png.rf.0a590812cd520c23c320f79f51fd4eb3.jpg,1
train,189_png.rf.ba54a268d0776386ac86b086ae7edff4.jpg,1
train,189_png.rf.c9f84e49f617476c8eda393e5bff6214.jpg,1
train,18_png.rf.99651d8c22ad24653d568fea65b0ac78.jpg,1
train,18_png.rf.e2192145f9c79a22e87102ebbdedf761.jpg,1
train,18_png.rf.ec839151fa5e00a75ad6916cda3c03e8.jpg,1
train,190_png.rf.dcf199ac8d8d5681a891107a769c9680.jpg,1
train,190_png.rf.fa0e42682d7dfb854c7dadc4ee82234d.jpg,1
train,191_png.rf.13458fa33846079c228c6b8f986dd03b.jpg,1
train,191_png.rf.9a6701947c8951f1d49653b0c192ea35.jpg,1
train,191_png.rf.e790a14e89389c79d64dfb5c3167221a.jpg,1
train,192_png.rf.37623052be0b0f73649728364eb64aeb.jpg,1
train,192_png.rf.3c7c431a4d1f489d898d9088e1314ace.jpg,1
train,193_png.rf.3789e4bb4668d584a796b39c909546d4.jpg,1
train,193_png.rf.659c9ba804d6be9b98f13d7d3e86e4aa.jpg,1
train,193_png.rf.79c0a30e6fe92d9d3d1f8569ba66b6b9.jpg,1
train,194_png.rf.3e9846344a42698e0249c7a4d53c14a3.jpg,1
train,194_png.rf.9428b6845a38c73d446eef6e6e728f27.jpg,1
train,194_png.rf.b78d5050b5d16b055653c1e1ec4c4a74.jpg,1
train,195_png.rf.304c54e500b8ec780345eb9418233cc0.jpg,1
train,195_png.rf.54f5de028e94cd29857183a60ef0b07f.jpg,1
train,195_png.rf.b60748dbebed770e0fefbd10fbb7b782.jpg,1
train,196_png.rf.1e03d55cb32ce83d8d524eef0b75a43f.jpg,1
train,196_png.rf.4d16834b091e34313dda09a1d25bf0e6.jpg,1
train,196_png.rf.b40e9a10934ee176056f094b34d4ef40.jpg,1
train,197_png.rf.11ef5727db296ff479bec34605d86f0d.jpg,1
train,197_png.rf.b5674897570e5b6ba56170422c4e993f.jpg,1
train,197_png.rf.dd91b3271b68cf9ba4c5e5cb8ab007ce.jpg,1
train,198_png.rf.0fd34c775144e739c6a092c84d1fd0b3.jpg,1
train,198_png.rf.f4d36cd86110927e09ccdf930bf1e08b.jpg,1
train,198_png.rf.ffe5dcf5226d96fdfebd37a8c7e1754d.jpg,1
train,199_png.rf.a15a9935d4a05fe7a0a90393d08c08a8.jpg,1
train,199_png.rf.c1faab59cb0708f0458756d4eb7d7b32.jpg,1
train,199_png.rf.ec84f4bd2ce2b27f549a9ab44fde1da1.jpg,1
train,19_png.rf.02b92ca6ba82f0b553e3ec69168ad454.jpg,1
train,19_png.rf.528509e4f27b004568add180a89ed7a1.jpg,1
train,19_png.rf.e2d0ff7dbf2f230de48d37070ba477fd.jpg,1
train,1_jpg.rf.7974c956e6a35fb99300a78d47cb5f3a.jpg,1
train,1_jpg.rf.7c6057410a04330c333fb4033113e20d.jpg,1
train,1_jpg.rf.8b0bbd587821b1ebc1c8eb302d6d1416.jpg,1
train,1_jpg.rf.9aeb9cdc88766f7fd052c84d9190d30b.jpg,1
train,1_jpg.rf.d67fff33e22f432ba82ad5ce2d80ede5.jpg,1
train,1_jpg.rf.f70df8b7b35d1c95626a3145e1dbdf8f.jpg,1
train,1_png.rf.4da576993858247b27a92bdea5353245.jpg,1
train,1_png.rf.78b43a7b4411008585c3ff4a65cd89ab.jpg,1
train,1_png.rf.cc4067ae2ad14307143fcfab276ccccc.jpg,1
train,200_png.rf.305d60cd405f2d48706d9afe8399393a.jpg,1
train,200_png.rf.5788c3b8865eb914ecd06c39a61896f2.jpg,1
train,200_png.rf.968c446e4aa33133d9e3d6d9119a0f8f.jpg,1
train,201_png.rf.0c587872e2a281ae2c0c33a23932905a.jpg,1
train,201_png.rf.9e8ef8729c738226f2dedcbd225607e7.jpg,1
train,20200124_154320_jpg.rf.09730a90d74912faae1db6239a28b68b.jpg,1
train,20200124_154320_jpg.rf.205407259761b946c47742d7f2a355d3.jpg,1
train,20200124_154320_jpg.rf.2ad372e6100c9a79c50505cc8897b3ec.jpg,1
train,20200124_154320_jpg.rf.6167911e51b8df2aeb90067aa46f2fe3.jpg,1
train,20200124_154320_jpg.rf.96cd0031238ba906ce98bd99d8d633fd.jpg,1
train,20200124_154320_jpg.rf.ccb225fa9b51ea85982710aae1b8f175.jpg,1
train,20200124_155418_jpg.rf.35e49a7dd4a9156190f1131d3efda287.jpg,1
train,20200124_155418_jpg.rf.5ffb0d5cb6dd6af2725b8c1e538b2c8d.jpg,1
train,20200124_155418_jpg.rf.8d6253630e81762635afe658c53ac515.jpg,1
train,20200124_160522_jpg.rf.0eb44d65a1befd87814590762a0ccfe6.jpg,1
train,20200124_160522_jpg.rf.29638fc0b75b64f6a8a9d24473693c18.jpg,1
train,20200124_160522_jpg.rf.73d84e603501db17582a383d6b87bc3b.jpg,1
train,20200124_160522_jpg.rf.c1cbd19f35b9bfb2a2cf4593a158650f.jpg,1
train,20200124_160522_jpg.rf.c98ced831f88007bb4b8651431f6acfe.jpg,1
train,20200124_160522_jpg.rf.e01308c436b954dc0aec64823d218927.jpg,1
train,20200124_161452_jpg.rf.1fa7cfe9e6a1a51bb8c0920060b2555b.jpg,1
train,20200124_161452_jpg.rf.83dd14b84422d3116a759aa0abb461c2.jpg,1
train,20200124_161452_jpg.rf.9b60799120a96ecdf9328d376067319b.jpg,1
train,20200124_161452_jpg.rf.b5bb947e7af9c351076e65cc9950cd94.jpg,1
train,20200124_161452_jpg.rf.c57bf0145ee779446bf8dd66fd08a4f8.jpg,1
train,20200124_161452_jpg.rf.d78a3c835431b8fe08043934accd569f.jpg,1
train,20200124_184029_jpg.rf.4c21e819de352f76dc4dec87ae40035e.jpg,1
train,20200124_184029_jpg.rf.7f890aa7b75dcfab4d9a644a3351478d.jpg,1
train,20200124_184029_jpg.rf.a5990e7aa906f422d3dd521d2e5128e7.jpg,1
train,20200124_202058_jpg.rf.35318f92d43f0a042122ad546c8fbc90.jpg,1
train,20200124_202058_jpg.rf.b7e53811bf42ca943a5a44eae50791ea.jpg,1
train,20200124_202058_jpg.rf.d0cb9ee3b042df95126342b0ddbb0d20.jpg,1
train,20200131_205917_jpg.rf.1e9d9172e3e01072d2023a1870e1617f.jpg,1
train,20200131_205917_jpg.rf.2ee5a171c1319928e72de4834f931ec1.jpg,1
train,20200131_205917_jpg.rf.4fc8c263fffbea9314a373932de43083.jpg,1
train,20200131_205917_jpg.rf.61af7087b29c018e5fb78982ba3f31e4.jpg,1
train,20200131_205917_jpg.rf.b160fa985ab8cf88e550e97aa7e1a3a3.jpg,1
train,20200131_205917_jpg.rf.cf1c07aaade061acdc004a75da4e04df.jpg,1
train,20200203_094523_jpg.rf.a7def27d73fb5804d4f78394995a1fbf.jpg,1
train,20200203_094523_jpg.rf.b95e57e9497051e9123cac2ceed9b9d3.jpg,1
train,20200203_094523_jpg.rf.bbede53bd03e76ca1a1cd29935f5f6d8.jpg,1
train,20200203_103722_jpg.rf.809b978699ae3277e5a24f348f088a5a.jpg,1
train,20200203_103722_jpg.rf.80e6dcee24117e5b4fd4884a14f6599b.jpg,1
train,20200203_103722_jpg.rf.ecb1c632c2e641663dca65f060de5162.jpg,1
train,20200203_190841_jpg.rf.0bbbe67457faf09784a3c86530536f22.jpg,1
train,20200203_190841_jpg.rf.414c35efa2dcb2076cc78a1a1ba54a98.jpg,1
train,20200203_190841_jpg.rf.50657f65545bb8ef9e2a1ec141fdad1d.jpg,1
train,20200203_190841_jpg.rf.76dff1f3ac71cc80d18321c590443724.jpg,1
train,20200203_190841_jpg.rf.a14a03d8915f8d434d3f5f2cb62deb88.jpg,1
train,20200203_190841_jpg.rf.c9758faa64c37228f889798eb5390e32.jpg,1
train,20200203_190841_jpg.rf.d3a33ea198745e8c519b1ba20d91a1a7.jpg,1
train,20200203_190841_jpg.rf.f51fe0db96537fd44726ce6abec3427d.jpg,1
train,20200203_190841_jpg.rf.fe0ff78efa8352f929db07e2dc475aad.jpg,1
train,20200204_154215_jpg.rf.23dc7ce681243892e7db3d3131fe89a3.jpg,1
train,20200204_154215_jpg.rf.cfc3d4b629554766986b9d22964dfa62.jpg,1
train,20200204_154215_jpg.rf.f02ac7e38f15f5bf30ff8fc054f86855.jpg,1
train,20200204_155221_jpg.rf.059e248e493383e851fee31eb118ddf7.jpg,1
train,20200204_155221_jpg.rf.089ed5b243c2d2ff5344e6ef88ebd3c1.jpg,1
train,20200204_155221_jpg.rf.1b3d59b63720129f6868884f1c13c8d8.jpg,1
train,20200204_155221_jpg.rf.3b645da98cdb01f719295011f39a97a2.jpg,1
train,20200204_155221_jpg.rf.85d525fd2f4ffa5779fbce018bd891ab.jpg,1
train,20200204_155221_jpg.rf.b4c3162f87778ea1baff9c2fb0e21d37.jpg,1
train,20200209_132714_jpg.rf.61c57f57b0b175cf0246c7eb5a8a9efb.jpg,1
train,20200209_132714_jpg.rf.67536106592a4f495b9872832571bd4e.jpg,1
train,20200209_132714_jpg.rf.8dc3316b9367d5fc0372caa835e101ec.jpg,1
train,20200209_132714_jpg.rf.ac79b06c765dc37bf8e71090e8c2e770.jpg,1
train,20200209_132714_jpg.rf.ae208a310ebb499851898f49f35eabce.jpg,1
train,20200209_132714_jpg.rf.f83734940bf8ed40a68a1b12464f0654.jpg,1
train,20200211_140525_jpg.rf.52f327f0e52a18b72bc3425966da5c2c.jpg,1
train,20200211_140525_jpg.rf.af72cd9c0feecca37c62230699b2be44.jpg,1
train,20200211_143315_jpg.rf.049f4c46a4f9e32fa3e1bd5a49bfc236.jpg,1
train,20200211_143315_jpg.rf.7ad07f2fa376eb2f001c5f35385b1f3e.jpg,1
train,20200211_143315_jpg.rf.8a780882fc0226e2f7068773bdd10c95.jpg,1
train,20200211_145200_jpg.rf.0ac658eb56ce11404594f594c7470c82.jpg,1
train,20200211_145200_jpg.rf.2b9e95ba096ffe5f3f3dcb856c5f2f77.jpg,1
train,20200211_145200_jpg.rf.9e4541322d28aa26206619fb8ea2956b.jpg,1
train,20200211_145200_jpg.rf.b12792fd569ae792ef794314043b5c5a.jpg,1
train,20200211_145200_jpg.rf.fd751db3bd1a69a34a82ff4a9ec2ed93.jpg,1
train,20200211_155237_jpg.rf.0a34220bb75642fe2cb5918385f98e15.jpg,1
train,20200211_155237_jpg.rf.1c3012c5db04dd8c53f4aa0ab62b8eb2.jpg,1
train,20200211_155237_jpg.rf.1cd25422e3574aa327a027be9ec5b8ba.jpg,1
train,20200211_155237_jpg.rf.a42cd8a17e221ebcafb13a2edd561829.jpg,1
train,20200211_155237_jpg.rf.adb238f88d36375864e600a5df2b93c3.jpg,1
train,20200211_155237_jpg.rf.b91679eafc8130bd36129ac94e505175.jpg,1
train,20200213_120556_jpg.rf.3fb962f50f3841514f89850f21d0508c.jpg,1
train,20200213_120556_jpg.rf.55a71fda62239e3545ed0f2025ddda4a.jpg,1
train,20200213_120556_jpg.rf.61fe6f4402bc2d0983d899b7175a8439.jpg,1
train,20200213_120556_jpg.rf.745f5e93f586cecf2a92ec8cae44cb22.jpg,1
train,20200213_120556_jpg.rf.a7a5b607b70536dbc37caa293d2e7ade.jpg,1
train,20200213_120556_jpg.rf.b9a8179da732b4e8aa693eae8e31ac21.jpg,1
train,20200213_121216_jpg.rf.013ace50de41f6518a17e5a702293039.jpg,1
train,20200213_121216_jpg.rf.1dfba93c6ed69a1c434ddb71008aa349.jpg,1
train,20200213_121216_jpg.rf.40bcfef92e839d16cbb193e1debd8b0e.jpg,1
train,20200213_150536_jpg.rf.2b79c103f74d5d3e3c7945289f84eff7.jpg,1
train,20200213_150536_jpg.rf.94c5bd3fb1d77500a1dbacd552e0d437.jpg,1
train,20200213_150536_jpg.rf.b749ca8b77613eef1d651d5c5fb31c6b.jpg,1
train,20200213_151234_jpg.rf.791cb786fb17a3fe2fca7457b69c0423.jpg,1
train,20200213_151234_jpg.rf.d98dace8c646b77faff2a96aec121c8c.jpg,1
train,20200213_151234_jpg.rf.f6e036b8e19ec994a2be53fba9ae62d7.jpg,1
train,20200213_152136_jpg.rf.149bdb56f7b575fdd7adf4073c25a261.jpg,1
train,20200213_152136_jpg.rf.44d54d3ae4eda025a4e62b7623353ff4.jpg,1
train,20200213_152136_jpg.rf.4d500026d4c3aa958af65915b33d4dc1.jpg,1
train,20200213_152136_jpg.rf.7e2fcf5c361d40236ad7082c75a6fa16.jpg,1
train,20200213_152136_jpg.rf.a45ae8c4882a0f8df7b57945be8e6bc3.jpg,1
train,20200213_152136_jpg.rf.fb6145a7ac61c4fb5ae79bf9cdc0b9bd.jpg,1
train,20200213_152924_jpg.rf.02df643a5818b09eb648327a59e12a55.jpg,1
train,20200213_152924_jpg.rf.27e92553946cab1175f1d42567f30820.jpg,1
train,20200213_152924_jpg.rf.475cb2d1208e3468f5086e71dc784be7.jpg,1
train,20200213_152924_jpg.rf.4af64a283db32768dfc49d6e3e7c6619.jpg,1
train,20200213_152924_jpg.rf.b9fc838ac0e6891646ff958bd1b4dd77.jpg,1
train,20200213_152924_jpg.rf.e961515f3a35563dea4e93f056eff5a9.jpg,1
train,20200213_153536_jpg.rf.028998abdcf4bc7feb9e64406f8b38ff.jpg,1
train,20200213_153536_jpg.rf.176ecf5d8ae0f225b8828cd9e69253d6.jpg,1
train,20200213_153536_jpg.rf.bfb073961c171ef9437d4a34429bdb62.jpg,1
train,20200213_153536_jpg.rf.d26889e2503b1b04ca6848bb843d02ce.jpg,1
train,20200213_153536_jpg.rf.ddc855dda6d19f8e9df9895c130e1fce.jpg,1
train,20200213_154759_jpg.rf.26cc4b5c3db8cd3750834103b680f149.jpg,1
train,20200213_154759_jpg.rf.3fa99a7b4b023068e5518740ff1b0855.jpg,1
train,20200213_154759_jpg.rf.55ff44960431dc98321986003d99ff10.jpg,1
train,20200213_154759_jpg.rf.5f98a13e1f54eb385335e32cfb1f2c1c.jpg,1
train,20200213_154759_jpg.rf.7d77c248acee40aa767eb041b4f489d3.jpg,1
train,20200213_154759_jpg.rf.b6a0e607cf6bdc245bd21855311059ac.jpg,1
train,20200213_154759_jpg.rf.c5da010e4b20c06714b6cd96026b7cae.jpg,1
train,20200213_154759_jpg.rf.cbc8f5cd885497cfc00d74cc7908da55.jpg,1
train,20200213_154759_jpg.rf.ea6093fe3f6b94665100e40e7020412c.jpg,1
train,20200213_155456_001_jpg.rf.4bad9cb7f17ba347c79fbd76ab5584ec.jpg,1
train,20200213_155456_001_jpg.rf.8d9663eeba0994276cd212fab2cd96fb.jpg,1
train,20200213_155456_001_jpg.rf.a85698d7b7f6224d251b7135aa788d48.jpg,1
train,20200213_155456_001_jpg.rf.aa2e17c965d6fe7becb803b8feadd05b.jpg,1
train,20200213_155456_001_jpg.rf.c1538e4638ec808bebfa77de03f4e215.jpg,1
train,20200213_155456_001_jpg.rf.db26311d905347ccd30a6c5c556907b0.jpg,1
train,20200213_160045_jpg.rf.551afe18546a9abd92c1d7f65c21088a.jpg,1
train,20200213_160045_jpg.rf.5b5ccf3772108ba31c64a0a1580d5c34.jpg,1
train,20200213_160045_jpg.rf.6fe98711680359554114cd2459d2cd6e.jpg,1
train,20200213_232040_jpg.rf.39c98e081118122cdb99550f702aa8a7.jpg,1
train,20200213_232040_jpg.rf.72a65df56b94d88cab44371cc39956b1.jpg,1
train,20200213_232040_jpg.rf.fbc26a453e411e2933301873d3a224f3.jpg,1
train,20200214_121836_jpg.rf.5d4f04fe21176a9c601ffa3017e17143.jpg,1
train,20200214_121836_jpg.rf.7a163f5330eccdfe0f76f52fe8f1ae15.jpg,1
train,20200214_121836_jpg.rf.f5056fec1ccca49ad127853834430920.jpg,1
train,20200214_122915_jpg.rf.8fa1d71c28021040fe6fbc4561f2bbce.jpg,1
train,20200214_122915_jpg.rf.aacb5f4b87ab02ce3507a165119c6b25.jpg,1
train,20200214_122915_jpg.rf.bae4d4fbe5c45741f7a5705a8f42eb60.jpg,1
train,20200214_123002_jpg.rf.076e4d7ee2141afb1295479381edc309.jpg,1
train,20200214_123002_jpg.rf.09a873e1b2816ba31d015398dc7d1288.jpg,1
train,20200214_123002_jpg.rf.1972fa754bc94a876efe7d3654a6b8b4.jpg,1
train,20200214_123002_jpg.rf.533e605fa338979653d93b1a15197a3e.jpg,1
train,20200214_123002_jpg.rf.742d0157719d69001e7da3d9d290d4a9.jpg,1
train,20200214_123002_jpg.rf.7bd234160c19891483249bf4504199a1.jpg,1
train,20200214_123002_jpg.rf.c69238d2eafeecb15b5257fd094c471e.jpg,1
train,20200214_123002_jpg.rf.d09fec2d0e68e3abf58257d9a8b4ddf7.jpg,1
train,20200214_123002_jpg.rf.e8c306790944020897f31f55b0010c44.jpg,1
train,20200214_134745_jpg.rf.08486d7b772161243afb729bce33f6ad.jpg,1
train,20200214_134745_jpg.rf.1501796a87120858f91bcfb744cdaabe.jpg,1
train,20200214_134745_jpg.rf.34b8cebf5ed29b88a7b0d365c5c52787.jpg,1
train,20200214_134745_jpg.rf.360703c668ffb16517f84ef136671717.jpg,1
train,20200214_134745_jpg.rf.7180ceb4770be27e59ebc8b1e58bb142.jpg,1
train,20200214_134745_jpg.rf.b62233bb04e54c4aa04e034120bbef65.jpg,1
train,20200216_210631_jpg.rf.7ded35bb840a86d005504b7f2a15b59a.jpg,1
train,20200216_210631_jpg.rf.c5fc42bee4ec95e402bed8f87814d9da.jpg,1
train,20200216_223744_jpg.rf.5aa780a364d0c64df2bc0693da087a98.jpg,1
train,20200216_223744_jpg.rf.8e0e8a934baafec07b45bf58985efc65.jpg,1
train,20200216_223744_jpg.rf.98fb3961e6568edfe99a3836e22063b9.jpg,1
train,20200216_224452_jpg.rf.228ac224908d4b3a474b5a20fe60f8e6.jpg,1
train,20200216_224452_jpg.rf.336ce5c4ccd34a7b99466aac838219b1.jpg,1
train,20200216_224452_jpg.rf.3ab7856d7c48fc9d7d694f952cf83f79.jpg,1
train,20200216_224452_jpg.rf.75d7684bba0b3dfe67c6042ad64209fb.jpg,1
train,20200216_224452_jpg.rf.a1b9fc196578d9d0d336a59705c82173.jpg,1
train,20200216_224452_jpg.rf.ab6eeb9feaeeb23ddd97885b59343fb6.jpg,1
train,20200216_224452_jpg.rf.c99cfa6c3a33d806df454a60da0c12b5.jpg,1
train,20200216_224452_jpg.rf.cd333746e7967c0e667ecc1a66df0788.jpg,1
train,20200216_224452_jpg.rf.fc687a9ed85fdb14a3a5db57a8a7cc24.jpg,1
train,20200217_152107_jpg.rf.08be6fd61272761c3cab908fa56c6189.jpg,1
train,20200217_152107_jpg.rf.57922c46ba38b60a763b694b320ce404.jpg,1
train,20200217_152107_jpg.rf.9756a3e5c730d69568b6e4ef8ebcc6a2.jpg,1
train,20200217_152107_jpg.rf.99b63b146bc9a025b1c07adf22b9dd83.jpg,1
train,20200217_152107_jpg.rf.bb530b3e04f1c042acea2d516af70bca.jpg,1
train,20200217_152107_jpg.rf.c1f354612d83a4b79e18dd441f777968.jpg,1
train,20200217_154641_jpg.rf.b81719ab4a37b54a257536957f6b25b9.jpg,1
train,20200217_154641_jpg.rf.f6175116308a61ee67f10d57158cce0a.jpg,1
train,20200217_154641_jpg.rf.f96df3566bf0a96716b050cb9d47e368.jpg,1
train,20200218_210419_jpg.rf.0a65686058cf5c9410530c74f88a1d78.jpg,1
train,20200218_210419_jpg.rf.1e34485fb09b6d954f853e91490a4ddd.jpg,1
train,20200218_210419_jpg.rf.3eb8045ac19e9757bd719801ef6c5bef.jpg,1
train,20200218_210419_jpg.rf.3edce04c0b2967451803ad4461366e24.jpg,1
train,20200218_210419_jpg.rf.61db07c762e855a4d7e2e9b01084b9b2.jpg,1
train,20200218_210419_jpg.rf.a19a12c679a41597c0fb6e102d8c0625.jpg,1
train,20200218_221400_jpg.rf.002395b50146fafd28360beac15b3faf.jpg,1
train,20200218_221400_jpg.rf.0240f2b843bc8666df2a4b10866f5450.jpg,1
train,20200218_221400_jpg.rf.07fb1b7b5187ed7eb1f9c250288f7249.jpg,1
train,20200218_222325_jpg.rf.2795d2bfed73a1399d00c2c9841b389d.jpg,1
train,20200218_222325_jpg.rf.4a2e19fff8c7f4e496263eea19725d89.jpg,1
train,20200218_222325_jpg.rf.4c4c30e93e6e92a2029e19d1a1e1f948.jpg,1
train,20200218_222325_jpg.rf.e3790f8f7ad649b4af700939f502d39b.jpg,1
train,20200218_222325_jpg.rf.e9dccb486e22425775d5aa7a81afe454.jpg,1
train,20200219_140311_jpg.rf.0a77c4f73f1815cd67e989320ea7f4c0.jpg,1
train,20200219_140311_jpg.rf.2150da902ed46127b6f7fae73b8d69a3.jpg,1
train,20200219_140311_jpg.rf.4446159c0f3897dec87f39a7417208d1.jpg,1
train,20200219_140311_jpg.rf.8ada6c7d96a899835eb7175c1bac792f.jpg,1
train,20200219_140311_jpg.rf.eaa73a8f7e15ea30f2b586459cae116c.jpg,1
train,20200219_140311_jpg.rf.ff4ef028906bfcfe10e8fa6a8821caf6.jpg,1
train,20200219_180148_jpg.rf.022cdbd17fcd7c7ea4b83811b0ff75ea.jpg,1
train,20200219_180148_jpg.rf.0e5c3e6aa75f956ef6e4536765fdbd79.jpg,1
train,20200219_180148_jpg.rf.4a5138821abe7ee16a0efdf73e95ce11.jpg,1
train,20200219_182849_jpg.rf.24f34fdc961557815834d4bec9d1673e.jpg,1
train,20200219_182849_jpg.rf.cf34795b5c8c25364163cd10a40986fd.jpg,1
train,20200219_183506_jpg.rf.0e8d6fe764abc750c6dbba0b1e758f1c.jpg,1
train,20200219_183506_jpg.rf.12bde213fd6efce94ad7565301f2968c.jpg,1
train,20200219_183506_jpg.rf.463fa176739278c0ff3cbe2e446f2010.jpg,1
train,20200219_183506_jpg.rf.9fbdd4fcdeb6243c83c4c1f2710893da.jpg,1
train,20200219_183506_jpg.rf.e1a8874b68b8aa525d170c63df902ae7.jpg,1
train,20200219_183506_jpg.rf.ecc84c2f586ee8a893ddb235c338e4bb.jpg,1
train,20200219_195511_jpg.rf.2b6e7baa29bea96865bc7d7a1c8681b9.jpg,1
train,20200219_195511_jpg.rf.b5abfc5a720813b755546780bcf8d8f0.jpg,1
train,20200219_195511_jpg.rf.d75eff44ee33e8dc8fe9271c19da0681.jpg,1
train,20200219_201501_jpg.rf.229670727add56d2a9e797a6fc083373.jpg,1
train,20200219_201501_jpg.rf.4d01d5f9df0dc78634e241256b6436f3.jpg,1
train,20200219_201501_jpg.rf.5db6021246dee47df645573c7f69a2d0.jpg,1
train,20200219_201501_jpg.rf.c7ecde7c6a11d3d85ef25246f5769217.jpg,1
train,20200219_201501_jpg.rf.cf1b602b68c264fc98dd668ec20d254f.jpg,1
train,20200219_201501_jpg.rf.e66cfad1aa3d69e17809f93b5401fbc5.jpg,1
train,20200223_184734_jpg.rf.240fcdb99141f4767b08bd3695ec8b9a.jpg,1
train,20200223_184734_jpg.rf.33afdf9190dc1b6cf0e5e196a8adb634.jpg,1
train,20200223_184734_jpg.rf.4a0559f4b361dc3a9a72c67733412112.jpg,1
train,20200223_184734_jpg.rf.631c81ad0d809201169cf146b47273ca.jpg,1
train,20200223_184734_jpg.rf.6539704d7a5c3610e36c09ab8625c830.jpg,1
train,20200223_184734_jpg.rf.d50ffd5b2987e51f9d835a1b0b920aac.jpg,1
train,20200223_190638_jpg.rf.0e48cee1e5f4fd8405c6450f5776853d.jpg,1
train,20200223_190638_jpg.rf.223b2e5bf59f7407ae0b679eb410201f.jpg,1
train,20200223_190638_jpg.rf.359a0740c230842dcc9b7b5597b793f8.jpg,1
train,20200223_190638_jpg.rf.4638f385fc8c6d623ebfa7a238d5b770.jpg,1
train,20200223_190638_jpg.rf.9990592d72ac6bea0abf5b330fa1290f.jpg,1
train,20200223_190638_jpg.rf.e41e1cac4bb88b49937d86bf180ba55a.jpg,1
train,20200223_191233_jpg.rf.1688c2e9a3205d3f2f77603cd41d023c.jpg,1
train,20200223_191233_jpg.rf.45c062ae503e8c6e3c86218f12d6af5e.jpg,1
train,20200223_191233_jpg.rf.467eacd5735db8fd0d6296286eb763df.jpg,1
train,20200223_191233_jpg.rf.50dd4b7aee8f9b428f5f06cc6f5b5026.jpg,1
train,20200223_191233_jpg.rf.71d9c083e651df73a459d71307080fb8.jpg,1
train,20200223_191233_jpg.rf.aaa4e0b453e1af1dfbb680da16fbd38b.jpg,1
train,20200223_191620_jpg.rf.073cd5e24f2a5673a199d0c98d95c9eb.jpg,1
train,20200223_191620_jpg.rf.8d0d07cb5fb9a0062ed943e957afe87f.jpg,1
train,20200223_191620_jpg.rf.d17ce3b715c47cbec0c55a746e05ffaa.jpg,1
train,20200224_114700_jpg.rf.2c4264e994e5c6f9797dc45d2fc7bb61.jpg,1
train,20200224_114700_jpg.rf.b2d8002f2bdda030e1e4249ce75602aa.jpg,1
train,20200224_114700_jpg.rf.fd56d0dacf391f6836f63ff9bac62a08.jpg,1
train,20200224_115146_jpg.rf.105e5c4fa8828ba8aaacec1b23dd7fa8.jpg,1
train,20200224_115146_jpg.rf.2ad4b2185722b7ffd2f09c8b3e31ea4f.jpg,1
train,20200224_115146_jpg.rf.4b19b6b27db9a0dea77ed9a4e4d66113.jpg,1
train,20200224_115146_jpg.rf.6f0f935aa3f9b20494ec47e15e90ebdc.jpg,1
train,20200224_115146_jpg.rf.7891f7c49f1924492167abef738fd8c9.jpg,1
train,20200224_115146_jpg.rf.de1d9b6be951075d54470c6f80bb55bf.jpg,1
train,20200224_115853_jpg.rf.091dbabb405b2633638837d8bb522535.jpg,1
train,20200224_115853_jpg.rf.0c28f96f6798d1fe822761bec8f1a7e0.jpg,1
train,20200224_115853_jpg.rf.327e8ae2b72c09202471c0d9bc4973d9.jpg,1
train,20200224_115853_jpg.rf.58953d676323f44b1115fa70b0693a01.jpg,1
train,20200224_115853_jpg.rf.9c8583972ed7b6e1b84574416ed649f1.jpg,1
train,20200224_115853_jpg.rf.cbcad6710c334f341175dd7e979c0b59.jpg,1
train,20200224_115853_jpg.rf.da7ac2f1b47880ca60b248a2c283d757.jpg,1
train,20200224_115853_jpg.rf.dea1eb7048ffe557c0f248a687946a44.jpg,1
train,20200224_115853_jpg.rf.fe7e49f64b3be288b805eebc67171e1d.jpg,1
train,20200224_120426_jpg.rf.03ac4026b5c756a394012393faa8e73d.jpg,1
train,20200224_120426_jpg.rf.5423cb8c186fed8a97d9cf269a54ecb5.jpg,1
train,20200224_120426_jpg.rf.6a9a3eb86809c4464650d759392ac62b.jpg,1
train,20200224_120426_jpg.rf.7bf3fd4145f1d593c554c458e4dce3f6.jpg,1
train,20200224_120426_jpg.rf.7d53b75eb1d4e0e6681a59eb8be6500f.jpg,1
train,20200224_120426_jpg.rf.8c0774c6ab950217c7eb2a3b9882f12c.jpg,1
train,20200224_120426_jpg.rf.af6e5b685bb306bc7cb64d0332388bed.jpg,1
train,20200224_120426_jpg.rf.e3f16c8b66b5f89b6716fedf09693bf8.jpg,1
train,20200224_120426_jpg.rf.ecd7068eee0177d71479fdb258f9d226.jpg,1
train,20200224_123714_jpg.rf.564b9594ddbe15508ef5c81ba9af0356.jpg,1
train,20200224_123714_jpg.rf.6480a8beda4872c1c2c839fc2348e2df.jpg,1
train,20200224_123714_jpg.rf.83a33e33b648f987ba9766359dac548d.jpg,1
train,20200224_123714_jpg.rf.af355322b0001bf94023ae588d6bf289.jpg,1
train,20200224_123714_jpg.rf.d304ddcf468c0aeb1ba500c7d15f136c.jpg,1
train,20200224_123714_jpg.rf.d35c3d8b6a2bc1e086cbfcd88fed9e4d.jpg,1
train,20200224_133633_jpg.rf.0843c898cb5292b0e11c24bdb8930b17.jpg,1
train,20200224_133633_jpg.rf.12ebb99086577a1c65cda724346031ea.jpg,1
train,20200224_133633_jpg.rf.13f7f0d4031448e0af571a47daf8fee9.jpg,1
train,20200224_133633_jpg.rf.464728b9e08d287bf98052fd5ea39762.jpg,1
train,20200224_133633_jpg.rf.6acab8286dd1d5076091c20e0d5d6b51.jpg,1
train,20200224_133633_jpg.rf.a0e51ddff54e104dc15a62e8df4c8ea9.jpg,1
train,20200224_143301_jpg.rf.0addd6e43d78ca1b2c644a6ef8c0eed9.jpg,1
train,20200224_143301_jpg.rf.0caed1e21432363a8973f6bd69c24808.jpg,1
train,20200224_143301_jpg.rf.7b3a99d63aa6917adec984e555ed3d4b.jpg,1
train,20200224_143301_jpg.rf.7dd35dc5ee60819d49e0fe97a648357d.jpg,1
train,20200224_143301_jpg.rf.c945b22381cc41e40db9e62c63ab6c6a.jpg,1
train,20200224_143301_jpg.rf.d1f115790960d54bf44da765231d776a.jpg,1
train,20200224_144551_jpg.rf.4df66f71c55336060d0258293061dc47.jpg,1
train,20200224_144551_jpg.rf.6ab0433478e60fd7483a57b5fb94012f.jpg,1
train,20200224_144551_jpg.rf.a9b4b79b0883927174ae8a5191671e3d.jpg,1
train,20200224_144551_jpg.rf.b6f763f040968d76dbfd16e2d9ead2f4.jpg,1
train,20200224_144551_jpg.rf.c6c53d56dc05b21dcdbbf88faa6ac6e1.jpg,1
train,20200224_144551_jpg.rf.ce80f00b129213b41aed58376faa0b27.jpg,1
train,20200224_144551_jpg.rf.e7cbfd40e49f0fc6adac1116fa132b1d.jpg,1
train,20200224_144551_jpg.rf.f030c647b67ba11ced9bf6e8c5303ada.jpg,1
train,20200224_144551_jpg.rf.f4a568a4e19f8b07d0b26b9c7d212a1a.jpg,1
train,20200224_150539_jpg.rf.14b9ae53fe5bbefb5e56fe6a1aaa9bdd.jpg,1
train,20200224_150539_jpg.rf.4c29295f5f127edf375dedb38e97cb53.jpg,1
train,20200224_150539_jpg.rf.591e14fcaabc6acd361f12717a1f41fd.jpg,1
train,20200224_150539_jpg.rf.64b1517c5c3d3c5f14b0fd252c79ddf7.jpg,1
train,20200224_150539_jpg.rf.b8286dd7e8ba58488cc25a85ccc99e0b.jpg,1
train,20200224_150539_jpg.rf.d5394ee504e6e1fb18da708bc1d19fcd.jpg,1
train,20200224_151450_jpg.rf.6ae696987f1709a296db30216114d902.jpg,1
train,20200224_151450_jpg.rf.9f90fe10dd9f7ebd77ee1afe7b4dfc3a.jpg,1
train,20200224_151450_jpg.rf.cb0c49eab5acccd5f9dbe360bfd614c6.jpg,1
train,20200224_162916_jpg.rf.25fa886ff1953720ead8623f6e9b9528.jpg,1
train,20200224_162916_jpg.rf.316f02b4226fa8f2aaccbe9d9b393342.jpg,1
train,20200224_162916_jpg.rf.cec2fa9e20ed23d0b166881909bc38a3.jpg,1
train,20200224_180925_jpg.rf.1399e5a6510f7a7666791a3e43652370.jpg,1
train,20200224_180925_jpg.rf.16e3d6d11bc056925c7a5701e0469955.jpg,1
train,20200224_180925_jpg.rf.30362cb2bd14380f0312adfa8b657ae1.jpg,1
train,20200224_180925_jpg.rf.46f4277e34f9748dedd468cf6a142331.jpg,1
train,20200224_180925_jpg.rf.86ac85613afa7e156e3db390c603a8a5.jpg,1
train,20200224_180925_jpg.rf.abf4e95e0cdc9d60fbf45d05183bc797.jpg,1
train,20200228_190130_jpg.rf.32ebd129a2da900ed7d867f0a7fc1350.jpg,1
train,20200228_190130_jpg.rf.33010a5918b5d6b25d421d6a4c2c6980.jpg,1
train,20200228_190130_jpg.rf.5f9139b7baa95059eb7c56c1f1893da5.jpg,1
train,20200228_190130_jpg.rf.af58a07cdafabff4198d30317f75ac5e.jpg,1
train,20200228_190130_jpg.rf.c48aeda8696c559d6979f3e46352a5e5.jpg,1
train,20200228_190130_jpg.rf.f818635e6d582984a200ef98b758679c.jpg,1
train,20200228_190334_jpg.rf.79721d806457dad0e2ba2b6f3d185240.jpg,1
train,20200228_190334_jpg.rf.7f60b23eedede2c684aba9b73ca4fe45.jpg,1
train,20200228_190334_jpg.rf.bd15653a35973e012665fb0f79f44228.jpg,1
train,20200229_205012_jpg.rf.2edede2dd45a5cfbc3377f571406ae14.jpg,1
train,20200229_205012_jpg.rf.2fc5ddb31323c813ad31462f18b7b9a4.jpg,1
train,20200229_205012_jpg.rf.63c8b652a81ee5b5d67287ab874fb5cc.jpg,1
train,20200229_205445_jpg.rf.0d6e91fa338a39e637d1f12bef9b2404.jpg,1
train,20200229_205445_jpg.rf.33d076ec7053434487f44646eb86dca1.jpg,1
train,20200229_205445_jpg.rf.38bb7dde8c4f31bf3fc2f0f22588fe0a.jpg,1
train,20200229_205445_jpg.rf.48d3deae136145099f180463943e3d32.jpg,1
train,20200229_205445_jpg.rf.86d04c88f7f1c34032f2bb97e161c70e.jpg,1
train,20200229_205445_jpg.rf.b9c26cda09be34a567b7d8f23ebadd12.jpg,1
train,20200302_222551_jpg.rf.049491ae810a2db79f575156ec9d99fa.jpg,1
train,20200302_222551_jpg.rf.460da731ff301d4cdc1c1ac0c866988e.jpg,1
train,20200302_222551_jpg.rf.75cc82f5d83d33562b9e76043e91fecb.jpg,1
train,20200302_222551_jpg.rf.7643700f8f93a61867aea1dea1e9dcd9.jpg,1
train,20200302_222551_jpg.rf.84ec629fdc29b4996fce1ecd0b2b8a72.jpg,1
train,20200302_222551_jpg.rf.86e510e5f63a59a10b172516522926e0.jpg,1
train,20200302_222551_jpg.rf.9d350f88d6fdd5981ecb0f504a0dd754.jpg,1
train,20200302_222551_jpg.rf.bb42b146d2380074639bfe9ae7b7d0de.jpg,1
train,20200302_222551_jpg.rf.efd46be7c6d73123d71425e2eb283a3a.jpg,1
train,20200302_223503_jpg.rf.dded824a399d7e7175799c6650cc80fb.jpg,1
train,20200302_223503_jpg.rf.feb8da7f278175c51b297cbdf8aa7039.jpg,1
train,20200302_224240_jpg.rf.0323edfa699d876f6b21ec8ab963567b.jpg,1
train,20200302_224240_jpg.rf.4059577f9535762a04de8eb2c088283c.jpg,1
train,20200302_224240_jpg.rf.511a3117962ad0070b26957be18776c1.jpg,1
train,20200302_224240_jpg.rf.6ad9cc17cba22138a9c86d0682adfe43.jpg,1
train,20200302_224240_jpg.rf.70c46fcacc71cf49c090f565274c4560.jpg,1
train,20200302_225922_jpg.rf.66d89a6635e357cc7ff98ae4d2f7b551.jpg,1
train,20200302_225922_jpg.rf.6a7124eb6cfdeb58bb0e8466ed8e3eb9.jpg,1
train,20200302_225922_jpg.rf.d801f72dc571435bed4da546bad00382.jpg,1
train,20200302_231050_jpg.rf.42d038bb344c0468a19bd01dbdbbde73.jpg,1
train,20200302_231050_jpg.rf.82f43279c66eeb102da9a07d3e0f2d8d.jpg,1
train,20200302_231050_jpg.rf.8b8e96bf6b245c5a82b043de903c0dc2.jpg,1
train,20200302_231050_jpg.rf.b0ef451b823145fc9ca9f6b66e6e860b.jpg,1
train,20200302_231050_jpg.rf.b86bfd6d5a3229ff55512fc102b85e1c.jpg,1
train,20200302_231050_jpg.rf.d15dfac6a1567a1c40461fcf4011d3a6.jpg,1
train,20200315_161347_jpg.rf.96f8032e85258387504474eb8665c533.jpg,1
train,20200315_161347_jpg.rf.c7c5c51f280291a48da56b00bbafe8de.jpg,1
train,20200315_161347_jpg.rf.d6abe4ae48298fe0ce361858e60b0eb7.jpg,1
train,20200318_130148_jpg.rf.811586194459bf67de20679502fd2e38.jpg,1
train,20200318_130148_jpg.rf.9ecc73fbc81c9a98ad14c6355538f91b.jpg,1
train,20200318_130148_jpg.rf.bcac4d3ee56ccbc089c421a24c7615d6.jpg,1
train,20200318_130225_jpg.rf.1d43bbde408f2f7b219b85ba5aa3ac80.jpg,1
train,20200318_130225_jpg.rf.b23730ff33f8e0ecd4f4d553d185f15e.jpg,1
train,20200318_130225_jpg.rf.b716356401c56d8c642c191a0b2d4087.jpg,1
train,20200318_130225_jpg.rf.d73e25b8c47be32ec9286b6aff8ad6cf.jpg,1
train,20200318_130225_jpg.rf.f69943b9ead8dcb5a4616f1ec19db01c.jpg,1
train,20200318_130225_jpg.rf.fffd8e76e8b5faaf13a6958a10e8bb4e.jpg,1
train,202_png.rf.29c10f0709232fe4edce071f41c5b6f2.jpg,1
train,202_png.rf.2f5c637ef6c4e570537987a510540dc4.jpg,1
train,202_png.rf.f1b56e17e7c89393b559e5a304660d94.jpg,1
train,203_png.rf.586bdf69f07336c8bab75a995a0bff04.jpg,1
train,203_png.rf.aa487db643e6c4bb8e391f93eab10136.jpg,1
train,203_png.rf.db9c285e3060cc9754024b75e06f3bd1.jpg,1
train,204_png.rf.593f78090a71457c334ee4e3bf956b90.jpg,1
train,204_png.rf.9b24a92892bbfeb62fe58f0550c5c2cc.jpg,1
train,204_png.rf.a0f9651b203f932dcce7f8aa5fcc7d01.jpg,1
train,205_png.rf.84f2ad6254183dcf0c4db0a53ee7cdc0.jpg,1
train,205_png.rf.b29ba9423d305e3f830368e12ece8bc6.jpg,1
train,205_png.rf.cc04b6544130134b068656848b5ec23c.jpg,1
train,206_png.rf.36959d040700c20d28574777377a76f7.jpg,1
train,206_png.rf.9dfd782359e6dc7825ca2f38c91ac0cd.jpg,1
train,206_png.rf.c960b215ba88d5e3a6d019161dd442a7.jpg,1
train,207_png.rf.32f02f61dce2eff0feced7ed64b99ada.jpg,1
train,207_png.rf.ad9add39708be9794d817cce8eecbaf7.jpg,1
train,207_png.rf.f5a758570d209ab4fd4e8e934d6c2ab9.jpg,1
train,208_png.rf.76d0983cc79af32591ce4ee4d397b64d.jpg,1
train,208_png.rf.fa4b0f622337f1cc0d39e352d6f46eb5.jpg,1
train,209_png.rf.731831cfaa0b919cdf40456ef6c7c779.jpg,1
train,209_png.rf.93f8f7454e098799073b85fa91d8a43e.jpg,1
train,209_png.rf.fb8e6c0ebc6a09d12d2e31e40afe68f5.jpg,1
train,20_png.rf.08972ad2e1dcb1f8d2a3cbdfd31b250e.jpg,1
train,20_png.rf.51c350593652c4412a7b14559c15bf48.jpg,1
train,210_png.rf.640d7d203b058b02d83824dd0066fbd2.jpg,1
train,210_png.rf.bc494647c32d11f3e04cfdd97dd5fcec.jpg,1
train,210_png.rf.d69834a3d41de73f9f5b035b9dca2bad.jpg,1
train,211_png.rf.231ebf1fbf68311c6800169bc1ee606e.jpg,1
train,211_png.rf.740abe1e9f81740a986100377961e02c.jpg,1
train,211_png.rf.c63aefb567516db8397f96a39fa09842.jpg,1
train,212_png.rf.0c6edc9602459a825bc3348e70297ca8.jpg,1
train,212_png.rf.baedf59b9bd9fa557b1d9b3e8c951c77.jpg,1
train,212_png.rf.bde2a715d6d4e2f9009d4ed26829bfcb.jpg,1
train,213_png.rf.2f0d9cb770bbb47a53efe232187dedcf.jpg,1
train,213_png.rf.43d8476b0313b814662c774bd0bd99a8.jpg,1
train,213_png.rf.fb1226ac34becc7b3f4c5850d12e2ffa.jpg,1
train,214_png.rf.3021c444e655219b2b9c1fa38247c7bb.jpg,1
train,214_png.rf.879dba7cce74ac873d08f66e358a7866.jpg,1
train,214_png.rf.a5e6f786d3189bdef65163e4cd08da18.jpg,1
train,215_png.rf.811267a3967dfab75635bab85306e28c.jpg,1
train,215_png.rf.d0dba43c2bd83f3c21db636ba126eeec.jpg,1
train,215_png.rf.f97baa897c8656770f254e40ea8caf8f.jpg,1
train,216_png.rf.3153b158d69d0fda500584fbc9f8e3cb.jpg,1
train,216_png.rf.68355dd9f510c183e95d0d22e306cc63.jpg,1
train,216_png.rf.dcd89a5ea6613c9560dfdad19c538c85.jpg,1
train,217_png.rf.548247f46e6d9aee011465e3674cfc0b.jpg,1
train,217_png.rf.9ffa1e7faf266ff72942ea4266568476.jpg,1
train,217_png.rf.d307cd42f53ade7f037a6a839a6dde83.jpg,1
train,218_png.rf.2dc95fdef8734e950de7c7d749f4708d.jpg,1
train,218_png.rf.31e55737045018547b815123351e97a4.jpg,1
train,218_png.rf.696fe672cc24febf0a835627f90a7bce.jpg,1
train,219_png.rf.126ea087da392cb723b54be3fc21b045.jpg,1
train,219_png.rf.65346742d8f9e345a2fddad118db27bc.jpg,1
train,219_png.rf.e5459ef8d231411fb7f7ef6f4dac99b0.jpg,1
train,21_jpg.rf.145f954d89d86634a80449857bd02e47.jpg,1
train,21_jpg.rf.4563d0c7f930cb35ea5125dc39b6f222.jpg,1
train,21_jpg.rf.692800660be577f0d2743ffb6e00490f.jpg,1
train,21_png.rf.046cfb6825a02d9ea3cf9d5884049b4c.jpg,1
train,21_png.rf.eadd1629fba06e602b37b2f1d6e33e9d.jpg,1
train,220_png.rf.1e1cdf1d6832b636a31164366581c888.jpg,1
train,220_png.rf.23a76089220ee8ba2b84bcc4aa4bba06.jpg,1
train,220_png.rf.9d41f0a61f8d541869533d7745c16906.jpg,1
train,221_png.rf.18956cf46c91479ecdc3982f52ac63c5.jpg,1
train,221_png.rf.88e5f9bf18e13da874ec93ef74ba55de.jpg,1
train,221_png.rf.9920cab2fd279b992c53c1257dde2141.jpg,1
train,222_png.rf.5d799d9a4689a65daf013210fba9cbdf.jpg,1
train,222_png.rf.a9e956d586731779605ce4af02c2cf10.jpg,1
train,223_png.rf.1ec1bf2cf04d499fae02085c645f90c6.jpg,1
train,223_png.rf.9b0c8acbc554a0273d67ef5f554534c0.jpg,1
train,223_png.rf.fc486eed6c98e826875de170a6329ffa.jpg,1
train,224_png.rf.218c4f4e963be8e0850c5f90f4e84097.jpg,1
train,224_png.rf.2bb30ffff814dd3041434523b6b9fd7f.jpg,1
train,224_png.rf.b209c92577fd14ea0237d2007c21493a.jpg,1
train,225_png.rf.198af4e1e95630bc3497f4b0d5ecfa02.jpg,1
train,225_png.rf.3870593d1aad29807bfb53882afcc737.jpg,1
train,225_png.rf.44d36ca14cff5e0e1b9a90f8afe51c01.jpg,1
train,226_png.rf.7a5a114ad65c13b817c95e8b0ea11d1b.jpg,1
train,226_png.rf.bd895ad1c5a0975e7de7f20632692c3b.jpg,1
train,226_png.rf.e97af2d45ff5fc573e319cf7ecad9466.jpg,1
train,227_png.rf.a50e80013e60075960530e0d0f8753b5.jpg,1
train,227_png.rf.b720e88dbc9f1aa2a804f8b24acde29b.jpg,1
train,227_png.rf.eefb19f6351e3039995325f97452fbfe.jpg,1
train,228_png.rf.5192025a0032e7bedb08f77ef960939e.jpg,1
train,228_png.rf.98e4b57ada19da0b4979d8240aad5b75.jpg,1
train,228_png.rf.b4df2fa11f94d739abf52ba00664dabb.jpg,1
train,229_png.rf.09531ea5c3a77613408f5cf2518fe84b.jpg,1
train,229_png.rf.45f360954f5d949dfe628632eac453fa.jpg,1
train,229_png.rf.53e9234a2ec0ee1c92b6061e7ff1c10e.jpg,1
train,22_jpg.rf.191811cf98863e1c90f5c20882847e4f.jpg,1
train,22_jpg.rf.988e560d56725cd935c540c3a5b367e5.jpg,1
train,22_jpg.rf.bf95867604983584410d9aeebc7fe449.jpg,1
train,22_png.rf.b50dde18589069e88ebb174d21a5a9ec.jpg,1
train,22_png.rf.bcd7ccef8a0798fe88c939ed5682e932.jpg,1
train,22_png.rf.c7ad497aa776d6eb6ecbcbd18c95f13e.jpg,1
train,230_png.rf.af0ecd01eae48dc6b99e0a05b3a01f68.jpg,1
train,230_png.rf.b36fb0836f754ef46572c2804862806a.jpg,1
train,230_png.rf.ef387734efc086eb055f6d0ade07cada.jpg,1
train,231_png.rf.6295aa9d94483469f81bfdec61f0200d.jpg,1
train,231_png.rf.df22313e538b54b67d2fe41a1ed94d63.jpg,1
train,231_png.rf.f542f92401935f7ec83388147c1dd573.jpg,1
train,232_png.rf.0f6fe386c701fefe21a7b7411e855ec0.jpg,1
train,232_png.rf.bb76c6f5a54fcb4a7a9a7927659250e8.jpg,1
train,232_png.rf.c299233306dca89b8fab155858686250.jpg,1
train,233_png.rf.0d5acdcfbce3ba511e9cbd97eae965f8.jpg,1
train,233_png.rf.27c3136418d5ce9729093f37d3214567.jpg,1
train,233_png.rf.f6d9747c678b952c755a9bb91dfb731b.jpg,1
train,234_png.rf.ad1d2493308f74bb53eec7bd10155216.jpg,1
train,235_png.rf.856bbd13c51ef658db391046e6577fd8.jpg,1
train,235_png.rf.c346b1816c9419bcb0dc7bea757199d7.jpg,1
train,235_png.rf.f91b699ce609d2f29518b803100fe2af.jpg,1
train,236_png.rf.586cfd186e98e9e67aab3c360f19a04b.jpg,1
train,236_png.rf.737a31c86e8f69a3f9eb74a04266ce0d.jpg,1
train,236_png.rf.c7e7b33e8acb4f98eca10ee3e9ac928f.jpg,1
train,237_png.rf.3ddeef785eca8aa80253c1b831b20c99.jpg,1
train,237_png.rf.48c2beffcfe8e048d7278e563fc85607.jpg,1
train,237_png.rf.ba22fd65431564567f31d8217b88e20e.jpg,1
train,238_png.rf.1f544c6ffa33683cffcf0ed6093a2267.jpg,1
train,238_png.rf.2395166f9a5eb52e1399df0cd13df5ed.jpg,1
train,238_png.rf.7bfee0e7097a5ab1683446e2081924cc.jpg,1
train,239_png.rf.217ca2be282d4b297f992a0a9bf9f45a.jpg,1
train,239_png.rf.8ddcfcd70b411616978be138ad328225.jpg,1
train,239_png.rf.db52a4ccc7a962402ee1b9ddbe78db10.jpg,1
train,23_png.rf.78556c33949e8a9b380e45c45f91341e.jpg,1
train,23_png.rf.7ef21374ec0b2a1a1a16c51631b0e36d.jpg,1
train,23_png.rf.bf77bd4d739b5ac887fcf854d709e3f2.jpg,1
train,240_png.rf.28d0a3a422514b8e690cbc69c68c2244.jpg,1
train,240_png.rf.353864fb1738a67cf280c22fc537e340.jpg,1
train,240_png.rf.5d83ff26d37ef770fd6c8597381bd32a.jpg,1
train,241_png.rf.1a5cc4b42c3216de8c65c5f9109b1c94.jpg,1
train,241_png.rf.85354e5aa18acfa6a200466108bb41dc.jpg,1
train,242_png.rf.3afbc5c562203c908cec9f9a4925e2aa.jpg,1
train,242_png.rf.6ff7847482f9712ac742fb93fd194c20.jpg,1
train,242_png.rf.b0687a2b1835805a3fc35f09f75f2f64.jpg,1
train,243_png.rf.78e2ce4e50ae185db761b96a5e1a19b4.jpg,1
train,243_png.rf.d5bd68b31ce47416dfff84b337d5ba66.jpg,1
train,243_png.rf.eb491d4a59f98ed2a9e5bfca9b3bef99.jpg,1
train,244_png.rf.2eeac60218b903f77377530e010b8345.jpg,1
train,244_png.rf.94f63d3932ff945fb156ddd8ca5d763d.jpg,1
train,244_png.rf.fa2bebef16810bae7ede4a35b9130289.jpg,1
train,245_png.rf.13fc8440c7a159d88931edb7345f6076.jpg,1
train,245_png.rf.2d4d6ce45ced28ed6a70576e191d6dab.jpg,1
train,245_png.rf.e18392cf28f6ddeccb22680ec8f90ff8.jpg,1
train,246_png.rf.0a4e76d5ea683116a0e4ef1feb0ea161.jpg,1
train,246_png.rf.2bb3e10c745ebceab31e3c992272a9fe.jpg,1
train,246_png.rf.338e1f26c34c43bc257f10021aad6246.jpg,1
train,247_png.rf.9a8d9c49206bb68aa3fcc3e221f1c75f.jpg,1
train,247_png.rf.a72d9b2d2a5337aa2489eb160d59ee5d.jpg,1
train,247_png.rf.e0f5efeb499b01cc42d7254fa4d32e6a.jpg,1
train,248_png.rf.7f1802186edf3f763365559f9649e350.jpg,1
train,248_png.rf.93af2a7677b6714c9c7059cb6a048638.jpg,1
train,248_png.rf.b204b83c446c4d67e9d69d622ad0dcbc.jpg,1
train,249_png.rf.0b5f84ac24e7f65f89b81d3b8b0ba7e3.jpg,1
train,249_png.rf.46d30d33545b258644e07ff85ceede04.jpg,1
train,249_png.rf.bec62931105ea5ad4925167260b06289.jpg,1
train,24_jpg.rf.9b1972e33d038b6eb7787ee4418794dc.jpg,1
train,24_jpg.rf.c2dca3e92537e539330d82ee01d51d7d.jpg,1
train,24_jpg.rf.dedeaf5ace255a89de384c56b0a8ce37.jpg,1
train,24_png.rf.32eb5305c8fb0622c106a11b8c8702c1.jpg,1
train,24_png.rf.360f6b63c47b3c666133c458c8521f32.jpg,1
train,24_png.rf.583937ee588eb07406f5b4039438d067.jpg,1
train,250_png.rf.25a62cba7a637213908d45f2821a1085.jpg,1
train,250_png.rf.d1eb20fc9575be01629fa10e8fee713e.jpg,1
train,250_png.rf.fa66943bfc4b7cc9940384b795ab3421.jpg,1
train,251_png.rf.1745d7461e45f6985ed94f9fe13267fd.jpg,1
train,251_png.rf.c7787a5c02bb47e46fad70271792a5af.jpg,1
train,251_png.rf.e2ea60fe1c1e30b003ababf0737e70ac.jpg,1
train,252_png.rf.3c9b7c39b4e2120d5ad3396f2dbc54c4.jpg,1
train,252_png.rf.c2f169ef756e21350087f056ffc0a0e1.jpg,1
train,252_png.rf.d25610c7e2a947871367a2e639bbce0d.jpg,1
train,253_png.rf.3b7fde87e42019a3b081900b10b20a39.jpg,1
train,253_png.rf.617a44195fc7bd7ff845cfe751da38ec.jpg,1
train,253_png.rf.e31a9625aa39237254b3319aabc1e878.jpg,1
train,254_png.rf.8489331c17cf2e0e952048c44d58623c.jpg,1
train,254_png.rf.a7bebd899aba91bb5e9c6371a8bdb42d.jpg,1
train,254_png.rf.b701936531e510139786e85d3b67139f.jpg,1
train,255_png.rf.71614b88e9ebdbe2306c74350ef88463.jpg,1
train,255_png.rf.94e8f12c5cb0d7984243ef266d84f3c4.jpg,1
train,255_png.rf.ebe476dade4a79ffadf55eac10e28e40.jpg,1
train,256_png.rf.3ec00a08d277b5d466533af9890eac23.jpg,1
train,256_png.rf.7e054da996c6149017270cd896b5d55d.jpg,1
train,256_png.rf.f0d145d08ea17221acb7831340c105eb.jpg,1
train,257_png.rf.28997cc47293cbd9f19fece7ad1ea98a.jpg,1
train,257_png.rf.2c299a3478e0be754ed0abc2a8c48fcd.jpg,1
train,257_png.rf.6ac9d7aa26cacd65b2ad1d8847e2df62.jpg,1
train,258_png.rf.7af46eeae66eeeac37f486266934ba76.jpg,1
train,258_png.rf.a012567fefad7fc82b4d2ac2bb3cf620.jpg,1
train,258_png.rf.b2bc92e225cab88a014f5e24e481417c.jpg,1
train,259_png.rf.8e49592b890a1a9cff0f4369772f0148.jpg,1
train,259_png.rf.b6581340ee11d90ce9cac2118b76c9ee.jpg,1
train,259_png.rf.d934d3980d30f05361b3a4c067bda362.jpg,1
train,25_png.rf.1b603c84114612d7fc3f407d4c72f69a.jpg,1
train,25_png.rf.1fc1fc0b3b0fe87d3dcc2b010ce1478e.jpg,1
train,25_png.rf.76d779d1c65485945109b4068a3aeb00.jpg,1
train,260_png.rf.631f357ea4df1fc94bf5e2e2ec8ee996.jpg,1
train,260_png.rf.774a595264a1fe3b64000edbf3d4bc3d.jpg,1
train,260_png.rf.ed416862f18fd6595f22791ac2dfc2a4.jpg,1
train,261_png.rf.19f1c2938eeda9e0543181386515bc39.jpg,1
train,261_png.rf.4a05a343dad55c7d0458bf3e7293a453.jpg,1
train,261_png.rf.85cac3a6682030e4e0e389a44138efb3.jpg,1
train,262_png.rf.83415cf19f5ede0cef8874832612f27b.jpg,1
train,262_png.rf.d176a53c3dae14a519841c3a4b9ea1d8.jpg,1
train,262_png.rf.dfafe3884b2b6bb324be4859017123d4.jpg,1
train,263_png.rf.266902220285115e286b15b541ddff5c.jpg,1
train,263_png.rf.290d90973370d6a9748188178b886ee0.jpg,1
train,263_png.rf.9a301003b52841d13df07c8c80cbab71.jpg,1
train,264_png.rf.126319da90a98eac1869f9aca6a6d756.jpg,1
train,264_png.rf.4148ee161444969c5c3efc04805eb665.jpg,1
train,264_png.rf.721a2545ba89ae3cf95ce53a9bbf91d6.jpg,1
train,265_png.rf.5164814549b3309af2f11509af293146.jpg,1
train,265_png.rf.6838cb3872f7193cb32bff92a4e5acfe.jpg,1
train,265_png.rf.acc34245efbc97f12093457f179b51bb.jpg,1
train,266_png.rf.2b9029109f1c7a29e30f920dea710daa.jpg,1
train,266_png.rf.69653365386aa41b2ac090859c34ce60.jpg,1
train,266_png.rf.cba8ed3930bed5cce2578bef484285e0.jpg,1
train,267_png.rf.12fe74223d56073af2bbb69da2a0d6d6.jpg,1
train,267_png.rf.568dc02aae856e94886c27727f86ff60.jpg,1
train,267_png.rf.bd68357ca6471c6204a9a48451b31b61.jpg,1
train,268_png.rf.8b607b8101248369f6df91e497b0d2cb.jpg,1
train,268_png.rf.8da33232c914c59bc459b12bfcafee08.jpg,1
train,268_png.rf.ad9795294219698cd4f98aa8bcd89f50.jpg,1
train,269_png.rf.b0cf01f86870a23493919d81c2bc96bd.jpg,1
train,269_png.rf.dafb110ca75fce7c3087d89fb95a1f6f.jpg,1
train,26_jpg.rf.3a1de68e297f316598f863e967054e22.jpg,1
train,26_jpg.rf.4de6100101aa7b9578a4bc4db9ebc534.jpg,1
train,26_jpg.rf.84637ef16f4c6680e44914e8083360a1.jpg,1
train,26_png.rf.2950df84ff727a9f94404e50ee7b1964.jpg,1
train,26_png.rf.6182a1c2c067e3f9a6eac7150c18dc6d.jpg,1
train,26_png.rf.fcce6d96a2ad754baa75c22d35b0f156.jpg,1
train,270_png.rf.01fe54864b4f62a33e3e23baab52ac5f.jpg,1
train,270_png.rf.0cce7cf4ab956aef7461eef37bf24998.jpg,1
train,270_png.rf.302b26a25577f3a140ac6f6a9d6418ab.jpg,1
train,271_png.rf.401e4f43c112f55779cb1326f3f0b7fe.jpg,1
train,271_png.rf.c687757770f74b479b41b52b16aa0c46.jpg,1
train,272_png.rf.3f2b6795ec647b5d25e9ddf4eb4b626c.jpg,1
train,272_png.rf.a55eb78aee815c59eb14867501dbec38.jpg,1
train,273_png.rf.309f450d6e30a57cc515635422c535ef.jpg,1
train,273_png.rf.a76d7573cd495198b76722e5b762a8f5.jpg,1
train,273_png.rf.bcf3910a99f258f7abc4c077d984c06c.jpg,1
train,274_png.rf.0211423e5cce0ce2a0be9696ba31affa.jpg,1
train,274_png.rf.46ebe838d9a144ca348b91fa4d0b8b33.jpg,1
train,274_png.rf.658dec388610d986632da894c41277d9.jpg,1
train,275_png.rf.64674dbce1f1fea390ad439810687026.jpg,1
train,275_png.rf.c50f85fd21431f61d18b7876d827390b.jpg,1
train,275_png.rf.f8931fed58a334e56070fab38b94467f.jpg,1
train,276_png.rf.450fd5dc4c6325402d4f37c145801b45.jpg,1
train,276_png.rf.4d2835c0446df29bea1481991a0ba72d.jpg,1
train,276_png.rf.e87721e76255076194df0a1e012b2fe3.jpg,1
train,277_png.rf.97515270a2274228102b03bce43c3f4a.jpg,1
train,277_png.rf.b6491ceaa160e5f912ebc0cf77be0776.jpg,1
train,277_png.rf.d9c1d58b2226cc6e717b20ab9dc8a2ea.jpg,1
train,278_png.rf.480cf0e4cf88f1dcce746be5a3f572c5.jpg,1
train,278_png.rf.cc28b0bdb9949986c70753b49e6ea71f.jpg,1
train,278_png.rf.f62bdc7d728e939b6493a25cb00c06e7.jpg,1
train,279_png.rf.5abe118e4aa0b6ab1f98088f27814dab.jpg,1
train,279_png.rf.688d70d66296d48d1585d60fedc819ff.jpg,1
train,279_png.rf.bac924f1b15b7b6b57d5320355e94c51.jpg,1
train,27_jpg.rf.20a189b0478ef9cbffdb4fd0aab91df0.jpg,1
train,27_jpg.rf.2db5023ddcc44a77f804d0fc5808c694.jpg,1
train,27_jpg.rf.851baf35752154ccd783482dead519db.jpg,1
train,27_jpg.rf.b11e71c60e7174a6d08816006b69d30a.jpg,1
train,27_jpg.rf.e944fdb9d5890cde3bc98ab1d5f8bf68.jpg,1
train,27_jpg.rf.ee0bc5ee28dab4070beb6d7d77c688cc.jpg,1
train,27_png.rf.5fc2665cec3b18f847403228ef77e1f4.jpg,1
train,27_png.rf.6857d55978178196f5271a2e1b18488c.jpg,1
train,27_png.rf.dda5d0e06e2d450ed103d1cc4210de61.jpg,1
train,280_png.rf.5b71999dcb82679b933976f3fa96412d.jpg,1
train,280_png.rf.aff9e797ed1891fa3162b1545b1a13a1.jpg,1
train,280_png.rf.b67f250840cb07d5499de2735bd8fb24.jpg,1
train,281_png.rf.8cb2614adf3b1650c96b8e94cf3abd7e.jpg,1
train,281_png.rf.b126d16946bb3f44ec91931cf4974dc0.jpg,1
train,281_png.rf.ccffdb5963844eea0b0d10c54e70307f.jpg,1
train,282_png.rf.0c9afa03c15c14cedd9486e6e699a3b1.jpg,1
train,282_png.rf.0d54219192eb57d9096b6af42c55b69e.jpg,1
train,282_png.rf.bef2bf0377d2a5cca2789642b1004576.jpg,1
train,283_png.rf.6f70a89dfc94bbb57a97845d9c223a5a.jpg,1
train,283_png.rf.8f9e7a0e6e3b6cf6b289998e8da5cb6b.jpg,1
train,283_png.rf.ff6e88e9543c3bfdd272de14b6143fe1.jpg,1
train,284_png.rf.13b5f6a1abac50e1c714822e1b4076f0.jpg,1
train,284_png.rf.4143c5ac78c6093a6127f8b84bd5fa05.jpg,1
train,284_png.rf.add4e9791d911d93e2e9c53bcd533769.jpg,1
train,285_png.rf.0368dc58906667ed7c003ea05b9ab01c.jpg,1
train,285_png.rf.0658b2796cff5559b417bc779822ca04.jpg,1
train,285_png.rf.b81fbb779f453d2e13ee42835e236d50.jpg,1
train,286_png.rf.4b2f8843ecea88cdd98824fc0d869002.jpg,1
train,286_png.rf.524ca544ec87749c5b60824356a010d2.jpg,1
train,286_png.rf.8ca0f4ac2d2fabac77ddf800e412d411.jpg,1
train,287_png.rf.036805ae8f2c41926404ae0eba965cc7.jpg,1
train,287_png.rf.1a5ed5e9cff1ee690d66fe24595b11de.jpg,1
train,287_png.rf.2739400789e5f294a1af8f22bcfe0bc3.jpg,1
train,288_png.rf.73740fe7d5c446f1b65b2b334eed365a.jpg,1
train,288_png.rf.bf4cde6d62537f943b82a5c607086738.jpg,1
train,289_png.rf.3de812a87ec90bc2e4094b8013b18367.jpg,1
train,289_png.rf.8a1650c7bb9b7f08a46e90a3a5573b8b.jpg,1
train,289_png.rf.a13a5bd03beba5ea90040bf87fcd37b3.jpg,1
train,28_png.rf.27dd3ebbe5a0e58e0be9fa48b22e2afb.jpg,1
train,28_png.rf.8376d1835ddc76a7c3de4e5bcddd4503.jpg,1
train,290_png.rf.559817749e34187a86316d08e16166bf.jpg,1
train,290_png.rf.eafdf431bfa3f42d2f0b5d34eb1f32e0.jpg,1
train,291_png.rf.4e7ea4b886d1125bc3ca42fb2a9bee29.jpg,1
train,291_png.rf.5b0eae826e102cc3bd81a306fa223e3a.jpg,1
train,292_png.rf.454dcd12a81e9568f66a85d2d7d13a1b.jpg,1
train,292_png.rf.4d69f74a7bad8e16cba2d803e0a79626.jpg,1
train,292_png.rf.da3added60b8eff2e551144f404a02e2.jpg,1
train,293_png.rf.570fd12c4ab2ebf57b17e7b2a671595d.jpg,1
train,293_png.rf.c2a092892be0e32a0ff6a416ac9db16d.jpg,1
train,293_png.rf.d534d1ce5349af38df902c94e4aa461a.jpg,1
train,294_png.rf.b90b35b3bbba15b14910e3524ac8867b.jpg,1
train,294_png.rf.d8220d3122a0ec63b8e14a514967f86d.jpg,1
train,294_png.rf.faeed8e779c271be418752cf02e7f54d.jpg,1
train,295_png.rf.40ba34f481c4df54d304b364b4154a3b.jpg,1
train,295_png.rf.4d3217c05df7793b051b9b70dd347f8c.jpg,1
train,295_png.rf.dfd7f298e8795fdc454a0e2a8195baff.jpg,1
train,296_png.rf.20506fb2904b9a6d318cfa4905482560.jpg,1
train,296_png.rf.d3396bf7918d4aa317badddece74c468.jpg,1
train,296_png.rf.fa9e8a0c942c22ce85788954cca1cc86.jpg,1
train,297_png.rf.0f43d5c8f792c75bd50743afda4916d8.jpg,1
train,297_png.rf.473bccd0c5cc07621a1aa23dcfc0c8af.jpg,1
train,297_png.rf.947064887c3076070b754cdb55a66cbe.jpg,1
train,298_png.rf.5a36af0abdd1781f00209830a489a1e0.jpg,1
train,298_png.rf.663128816d43ba5c91ca1ca6ad8691cf.jpg,1
train,298_png.rf.d5d3dbe5301cdd895d5129c9c52071d9.jpg,1
train,299_png.rf.0e52b784af414b4887d5e470b6c1ac45.jpg,1
train,299_png.rf.81dcf7ace48cb247264110d3e9ecdacc.jpg,1
train,299_png.rf.ca450d39fa8526b1c9557317b8fbb490.jpg,1
train,29_jpg.rf.1f5e427255de9f562f6a42f13d74fbf8.jpg,1
train,29_jpg.rf.4690698634b16bb6059812ab8b144935.jpg,1
train,29_jpg.rf.4a126439e814c5799571bd6702356749.jpg,1
train,29_png.rf.ca58e455896dec72a18721aea4e4ecea.jpg,1
train,29_png.rf.f48efa2c0116103cfc3aff7474336bfb.jpg,1
train,2_jpg.rf.273b5c27a6b788630ad38170f24389db.jpg,1
train,2_jpg.rf.3f77b99af90f36a3260afd6d9fdcf485.jpg,1
train,2_jpg.rf.d7f2c39bd230bb6a48d618f03825bb3d.jpg,1
train,2_png.rf.0eb49d97ecee56dfab08d24e6f9c51a8.jpg,1
train,2_png.rf.71e9615ace8523596c84f5535727a079.jpg,1
train,2_png.rf.b30b6048f61fd626665ffecdeb57bdcf.jpg,1
train,300_png.rf.30598b242293e2a3f9361f3faba38e90.jpg,1
train,300_png.rf.5c7dec1b189fcc0237a51640d8b3a4db.jpg,1
train,300_png.rf.f8991490dce0448d8b1aef0ff899b7e7.jpg,1
train,301_png.rf.10990b245403fcf410342aa9fe06e8be.jpg,1
train,301_png.rf.7d46c1e16d850b72aacde71d25051f17.jpg,1
train,301_png.rf.9fd1ae7d6b709bff2de7e1c5371ba298.jpg,1
train,302_png.rf.b56e935a0c09917d198f71cc4b0111a8.jpg,1
train,302_png.rf.cc5120e36c622809c73b3fa8680b3d4f.jpg,1
train,302_png.rf.fb2577d38a51cb81d99834137ab9baa1.jpg,1
train,303_png.rf.8f3c66ae3e3e9ea39abded04cd3b97bd.jpg,1
train,303_png.rf.9db9431f8240adbf571f0b0dc16acb53.jpg,1
train,303_png.rf.a6c11c8df983d86cada0618ed6dfe2a8.jpg,1
train,304_png.rf.046e038a473d0e2041ab114674c16066.jpg,1
train,304_png.rf.a91471bbce2b80cd37b3ae57a875b480.jpg,1
train,305_png.rf.71e7508c39d96d62c976e551b904783b.jpg,1
train,305_png.rf.b8647c014b85a4bd44a7898d89a3e722.jpg,1
train,305_png.rf.c468d6439ba4ff1613e3e9bc050ce4d6.jpg,1
train,306_png.rf.01b9657632423b631d4cf9968de245d4.jpg,1
train,306_png.rf.64e2cac9d6d4c5910422f3aa61566e7c.jpg,1
train,307_png.rf.4314d77fc0cc64e42ccf2c1baf57ae33.jpg,1
train,307_png.rf.5b38b1cde15f2fbeeec95dfc12f61464.jpg,1
train,307_png.rf.cdf1b2dc405789d939171b99334fe3a3.jpg,1
train,308_png.rf.16f836c21adc20165389019f84021028.jpg,1
train,308_png.rf.48da3688b90777840964d3d6ffb0a35f.jpg,1
train,308_png.rf.792dcaf311ae44db6421bc2102296bcc.jpg,1
train,309_png.rf.43e7a6726a409c70f3c830be5964e1d6.jpg,1
train,309_png.rf.cdc380530ae1e3ea2e719f4b39c4e33f.jpg,1
train,309_png.rf.f3337652bc883afa66d3fc0fcb572a94.jpg,1
train,30_jpg.rf.201e25a9090834ef023d388e2e5efacb.jpg,1
train,30_jpg.rf.2b9e18e9eb7dccff28611ae0ead7f9f3.jpg,1
train,30_jpg.rf.f639be728089b2fc508e25949c2cb11e.jpg,1
train,30_png.rf.4a60410b0036cfa072b9f79dd039aef2.jpg,1
train,30_png.rf.666b060e263f94ddcbe68a1cd0d51170.jpg,1
train,30_png.rf.d86d28e443075a9599ad3556df98e8c0.jpg,1
train,310_png.rf.117d1be5ebe91c51a695df29bb6f54f7.jpg,1
train,310_png.rf.1fcdc4acb72b25676d7cd6c09a69c2b2.jpg,1
train,310_png.rf.5cec3bc22837f1cb05105328a87bf21c.jpg,1
train,311_png.rf.9cef645a92bccd1b50adee2f7720926f.jpg,1
train,311_png.rf.c729d0cf5abcc9905d48766071a82be9.jpg,1
train,311_png.rf.fb806c1942187cebea04294f71fdfa69.jpg,1
train,312_png.rf.52f8efd61c09f660571b380e1bc61d9a.jpg,1
train,312_png.rf.c319aeba8273fcf4e7da182567bc0375.jpg,1
train,312_png.rf.f7cc3c71182faad231e4f3e41ddb3a0d.jpg,1
train,313_png.rf.a5402ddbca17f29aca4bf7930e2ec4e5.jpg,1
train,313_png.rf.c03c3cc0df9acb502f71959becd6cf4e.jpg,1
train,313_png.rf.dec338ad324db219729c1976bd0edb5f.jpg,1
train,314_png.rf.587cd6e007897ccf2a1a620a844d7c91.jpg,1
train,314_png.rf.ac6e08ac8959348192bbae6a9147c05c.jpg,1
train,315_png.rf.2df3c50b6f7b7338df71afa51581c706.jpg,1
train,315_png.rf.6e4205332d7d4d10f54e6bdcfe2d90b1.jpg,1
train,315_png.rf.ecc1a180259dbfa952741e57efb53be7.jpg,1
train,316_png.rf.83f24675e6683c4e79009afe2d8873fe.jpg,1
train,316_png.rf.a151cabaae9dcc463d9c5532940671bb.jpg,1
train,316_png.rf.ae9d7fa20d2c2330f431305515798e18.jpg,1
train,317_png.rf.13c029ec9a2485077dc7647c9572e5e2.jpg,1
train,317_png.rf.34fc3692eec5aa9b91c27f0fa8860168.jpg,1
train,317_png.rf.5f3c8586f1d281eb6b0e914f72d279b4.jpg,1
train,318_png.rf.a92394bce7bb7346594896623c630137.jpg,1
train,319_png.rf.084f89854fecc1230dc56c2c1cd7204f.jpg,1
train,319_png.rf.e763f50783836d92710df5ebe44920ec.jpg,1
train,319_png.rf.f6ae909d149c48ef8b0bd50d7681d5a2.jpg,1
train,31_jpg.rf.394100d939b8c0fb97ebf654afec71f6.jpg,1
train,31_jpg.rf.4628927ab06ebdc2ed58ea16b4ba3ea7.jpg,1
train,31_jpg.rf.8365c49acd5e07ea1705a5dda8f64017.jpg,1
train,31_jpg.rf.b050f63cd661eed4b4c9e5d57e147659.jpg,1
train,31_jpg.rf.e726a3837fcbba0893f98b7480c7843f.jpg,1
train,31_jpg.rf.fd98fe0df8069cc3464536801933d4e1.jpg,1
train,31_png.rf.249aeda87864167815411115799d5b59.jpg,1
train,31_png.rf.50410832ace0233a91d1ca1c70f67a7a.jpg,1
train,31_png.rf.c3c8a8b2798e59caa9c4f37b7e2b4740.jpg,1
train,320_png.rf.00154793090c8e8d562c4942e5de2715.jpg,1
train,320_png.rf.3c89d2121a160aded00692dfe398c211.jpg,1
train,320_png.rf.e63224c6000184d068dd48bd5b33a92b.jpg,1
train,321_png.rf.0de756dbd040de911b1277c8857dfbbc.jpg,1
train,321_png.rf.2d206b9ae6009a6f9cfba0fc9e76a3f5.jpg,1
train,321_png.rf.50a6ebe27ea401d2299f692450a1cf7f.jpg,1
train,322_png.rf.c08f3d89279cb3166771bd6c7594e720.jpg,1
train,322_png.rf.eb70913093c342812915a4d464308ebd.jpg,1
train,322_png.rf.edc52c35469d1445e821e2c0e0bcb206.jpg,1
train,323_png.rf.05be3f24ea3d7d3d10334747677775fa.jpg,1
train,323_png.rf.1787d4bf4d2b8b8beed3956a3808072a.jpg,1
train,323_png.rf.8e3de80e19e8237f4e804f1747816c04.jpg,1
train,324_png.rf.05ac9e50b8583d81c7a06027f289e9a5.jpg,1
train,324_png.rf.53883377e63186ecec80ce98cdce6055.jpg,1
train,324_png.rf.ae98728704c24e2696448eb669211923.jpg,1
train,325_png.rf.0972e0e86c2babf587e05bed2f69df70.jpg,1
train,325_png.rf.d775aaaa8451cddaa2d07ae182ba5fe2.jpg,1
train,326_png.rf.2be19455b22defad169b140b9d562d79.jpg,1
train,326_png.rf.41df0dbdd285107a0dc6798a988028e7.jpg,1
train,326_png.rf.6d6680543fb82272c6306b10e8b95ed0.jpg,1
train,327_png.rf.e02c7046fa8e555ab4fed5e90ec066b6.jpg,1
train,327_png.rf.f42939064ce68415ac200130dbdfa4fb.jpg,1
train,328_png.rf.10827665e124971576e811605233f031.jpg,1
train,328_png.rf.1e432655cd04812b392213ed5f3f9044.jpg,1
train,328_png.rf.c04f42a07b8d2f54081f9c1a3dfd5586.jpg,1
train,329_png.rf.23d5ab0c9ca312f6e4e06ee355d0b763.jpg,1
train,329_png.rf.6634d37996fc685755ad311a6c65221d.jpg,1
train,329_png.rf.b957946249cf772e796d88d006625ef0.jpg,1
train,32_png.rf.64322ca29dec4c09cbde15bfab2ce48e.jpg,1
train,32_png.rf.7527e04c6050d11e9f2dc59076758534.jpg,1
train,32_png.rf.b293acbbad516b33818e3edbe9d01c71.jpg,1
train,330_png.rf.54c9d58a42784c2f13f82fd845fbaa23.jpg,1
train,330_png.rf.e97c0cde01a96726cb68c8fe279a717f.jpg,1
train,331_png.rf.399c3670c17e2a32c9b2ee89b2198064.jpg,1
train,331_png.rf.3a2701510b7c543be60fdb76a13303ad.jpg,1
train,331_png.rf.bd5602723a98c920b56decd51f5c5fa3.jpg,1
train,332_png.rf.07ab093f695ee41f2ee8d5aa71d78f12.jpg,1
train,332_png.rf.3013d7fcf911dbd63079cacb4289ab8d.jpg,1
train,332_png.rf.b4988daa6813f62822c186372bad53aa.jpg,1
train,333_png.rf.59c31a098fcf8a9915088067542dc266.jpg,1
train,333_png.rf.734419a2222a7b68b1502020d6883ec5.jpg,1
train,333_png.rf.e2c56d50a87af34b56b6706a31935e6b.jpg,1
train,334_png.rf.80155317f9693f751ad76475fae58633.jpg,1
train,334_png.rf.a4f3b4b0308bd470b8af469594494c44.jpg,1
train,334_png.rf.cfde6c1822421865c145aaa8c56d4efe.jpg,1
train,335_png.rf.1ee6ca380ede60956b13a70836e31548.jpg,1
train,335_png.rf.41749768c737fa1d50ffbb9a0b566b6d.jpg,1
train,335_png.rf.f17d0ced504879eb7f886c9dd40216fc.jpg,1
train,336_png.rf.8459de5275aa41630d575ed761929c27.jpg,1
train,336_png.rf.dcd23aa5aba958949e55fb2250de9c5d.jpg,1
train,336_png.rf.fd26f4b700690111a1d93d4fad6fa50f.jpg,1
train,337_png.rf.50eae93d34710330742b2157bc6546a7.jpg,1
train,337_png.rf.6cf6168aa022680153c9cc37ef5567ca.jpg,1
train,337_png.rf.a2e3025656f1de9ea2d0be9772c6b8e8.jpg,1
train,338_png.rf.08158355736dda7196dd7a64962c6d7d.jpg,1
train,338_png.rf.6af7569d63989f010ed3cdf11d474a73.jpg,1
train,338_png.rf.9bf0a79d4c61292eb3056e29fbb2823c.jpg,1
train,339_png.rf.248dca051b3d0de913bd9e82bfede760.jpg,1
train,339_png.rf.29f1d58eb835780fc20fe0f4e5c6eaf0.jpg,1
train,33_png.rf.10fb0042587cbae112b1481d2495578e.jpg,1
train,33_png.rf.38c0a7e4c77dc7f2b498ab759b76803d.jpg,1
train,33_png.rf.e31f77e83d9dff46e9eac7a5e1a90659.jpg,1
train,340_png.rf.192f9970cb4e521a840e217dd7809c83.jpg,1
train,340_png.rf.9425531de2d0d7fb14cf2eca457d28c8.jpg,1
train,340_png.rf.be639210bea56f5f70628e6898feb649.jpg,1
train,341_png.rf.12ffefa8147dcf86baf629dd8931c6b4.jpg,1
train,341_png.rf.2acdd9d1eec855ddc7c6850a852ad365.jpg,1
train,341_png.rf.8a8fb293709e229a2987603e52ed8b58.jpg,1
train,342_png.rf.1f4c2e44df07fcc0c79ea4505f6c4187.jpg,1
train,342_png.rf.681ac4ba5b2988c387b36093921ce683.jpg,1
train,343_png.rf.5ea3a77a33b65c81c47cd7c3108f3958.jpg,1
train,343_png.rf.9654457a95305057ba21070354572433.jpg,1
train,343_png.rf.e29941055abcfc4a2a13094a8c8f3795.jpg,1
train,344_png.rf.06c7c4cf2182c173a8b1b0bdbabfab42.jpg,1
train,344_png.rf.6b2e70e1e5e2b7406dff40bdbd823189.jpg,1
train,345_png.rf.15f196a34029ce66b6f1de87554469f7.jpg,1
train,345_png.rf.83c77a2a251f00564769d90d5f067d04.jpg,1
train,345_png.rf.fc970680b4e524ca930d676f2a32e5f7.jpg,1
train,346_png.rf.b1b0386dcba917bc1b087337a6935e2d.jpg,1
train,346_png.rf.f290b81d080f049fac8b6f4503274dfb.jpg,1
train,347_png.rf.1de5deece92e19157938b84360d79950.jpg,1
train,347_png.rf.3a77534e035ee2b0d4a3d168b37ecea2.jpg,1
train,347_png.rf.fc2f774c1cd2cf678b767a7b6f420617.jpg,1
train,348_png.rf.3ea4bbf314c1af2f89840472e1fbfc5e.jpg,1
train,348_png.rf.bb0721b9112895d8899cbe87669db2e4.jpg,1
train,348_png.rf.d17491224f6561d9343aa7bac5daadf9.jpg,1
train,349_png.rf.13db36d01b255016d738cb116dd3a5b0.jpg,1
train,349_png.rf.42b3e9ccf91cb9d22eae4d8c44c8e19e.jpg,1
train,349_png.rf.7e2e386111048cd8a98c3a4fe4b70abc.jpg,1
train,34_png.rf.4a9555270e699b2ebc58331c737a89cc.jpg,1
train,34_png.rf.f32ee16721f20e774aec2fdc5bdab47e.jpg,1
train,350_png.rf.2f3c0091eefbc5b9afaddf6e19084e83.jpg,1
train,350_png.rf.bc892f66187f0cbb89a967ae9ccf6db4.jpg,1
train,350_png.rf.fa5593f5b05e08fd3739d05125e18ec7.jpg,1
train,351_png.rf.1d1853a6bd7db9fe5a76806113e4efc0.jpg,1
train,351_png.rf.9d9d452db72d24e97074abef829b41eb.jpg,1
train,351_png.rf.f52f8bd8c3c36b913325048e839eba8d.jpg,1
train,352_png.rf.57e8e16c9696a9e69baaa00f8ee208f8.jpg,1
train,352_png.rf.834d54d5ac86a5f3715dfadbb599be1c.jpg,1
train,352_png.rf.ec6b8937982b3effbbac33381d29cf66.jpg,1
train,353_png.rf.318b7c7300612ecfbc4ea1e6f8d7b506.jpg,1
train,353_png.rf.7a35dbf82c2b6496397c1135b71e757b.jpg,1
train,353_png.rf.afbfec5d2fbfc803ea8bd329a3fa6201.jpg,1
train,354_png.rf.2610dabd56735b453e30169212972636.jpg,1
train,354_png.rf.6b4a30e9b1719f218cdaf321c95d639f.jpg,1
train,355_png.rf.243cd610f7831837a4be7e3f7b41643e.jpg,1
train,355_png.rf.7c55a2909793700fdf83c5338d1be5ed.jpg,1
train,355_png.rf.dcae7052b5a4a01e6f772520808c90d6.jpg,1
train,356_png.rf.4126a68f3bc828b2222d8595f75cf9ca.jpg,1
train,356_png.rf.80504ca959a81076dab8cbe6f13b786e.jpg,1
train,357_png.rf.1126513a69875e68c0456e2711926bd2.jpg,1
train,357_png.rf.8646c127181afd1636b28449839c89c1.jpg,1
train,357_png.rf.bce856767e39edc3f8e954e9432e99ac.jpg,1
train,358_png.rf.578f3f3ee7fb225bbcee24f2d0829d9b.jpg,1
train,358_png.rf.592e26f1db50e35305cdb2e4be0ef119.jpg,1
train,358_png.rf.caf37af138e0e0b3b449282b29657a54.jpg,1
train,359_png.rf.0b03216b50bd748ac06aa9c5f5389487.jpg,1
train,359_png.rf.58649077bd292caf7ff724c9f6725815.jpg,1
train,359_png.rf.67a7886270e3d8023e5871ef9f7aeb4b.jpg,1
train,35_png.rf.52b8361aa986da36ce7b5e7caa020130.jpg,1
train,35_png.rf.b078cb55858342bbf7dfc3635a5b6432.jpg,1
train,35_png.rf.e64e2a4a4c908f230e281cafc6d916a3.jpg,1
train,360_png.rf.1f001ba2cefa9f7cf83cf11b3470e686.jpg,1
train,360_png.rf.8128f46a285752f8e1a366297b38e988.jpg,1
train,360_png.rf.d26ac72f33f62daa6a47c4796213ecd7.jpg,1
train,361_png.rf.30ea50301d67c079ea13559775edc4d6.jpg,1
train,361_png.rf.92ccc9d081a8da43cbea6de26c942b72.jpg,1
train,361_png.rf.db50214808a7f3169b8c2d8159e9f3ac.jpg,1
train,362_png.rf.86d1b0ac58208902092f93dec765f7e6.jpg,1
train,362_png.rf.874793a885005668fddf1cfc7ee4f416.jpg,1
train,363_png.rf.4453eba2b286b594c7fc0a353f5cf4f3.jpg,1
train,363_png.rf.5720feb8fc524ce54554f4217d7560b3.jpg,1
train,363_png.rf.94ec6ca7f9d067f6ee3f46d76617ecf2.jpg,1
train,364_png.rf.68b48e48cbb4b4d55b0bf013a449460b.jpg,1
train,364_png.rf.a918722e4886c4a2884e2f358644eeed.jpg,1
train,364_png.rf.ebe981e21ce175d9851543a244046255.jpg,1
train,365_png.rf.1312f6451f682fca1be6df4541d98feb.jpg,1
train,365_png.rf.3d518c224e4b05f45bf5e5019bfea4d6.jpg,1
train,365_png.rf.5e298227beef7bc7e05f9b33e3d88104.jpg,1
train,366_png.rf.0e2f0b11e0179adaa228de51fb6fd6a7.jpg,1
train,366_png.rf.93103b55a88659cfc4538fdcd110e358.jpg,1
train,366_png.rf.dbf6fb7e42ecb182f75a088500719bf9.jpg,1
train,367_png.rf.686752a975cf2740f60911cc8a86cf57.jpg,1
train,367_png.rf.f6a57fc8b40b3d20c856132df340123a.jpg,1
train,367_png.rf.f8a0d3bc1bfdee26b2efc08b8ee77269.jpg,1
train,368_png.rf.55120458ba53774d8dcac6c4540beeee.jpg,1
train,368_png.rf.6983a66b2c12687fc43c0904228d5e95.jpg,1
train,368_png.rf.b852e0f2e57665ab7f7e17cc47956a10.jpg,1
train,369_png.rf.81e0028146b427b454c1520dd6c1556d.jpg,1
train,369_png.rf.a251dd780012467256e869958cb52eaa.jpg,1
train,369_png.rf.d59d3bd05d18c312152bde16c225aa4b.jpg,1
train,36_png.rf.080c46bbd17f187684ced92351de5c46.jpg,1
train,36_png.rf.5ffaf360f6b32ccc50268ea3805c6512.jpg,1
train,36_png.rf.ab4122d6ae7d1b23b3d2d784b3c08c52.jpg,1
train,370_png.rf.1d96b29e352460e92f6a5c049bd93a07.jpg,1
train,370_png.rf.744bbdef051aa059d78838e2bdf08034.jpg,1
train,370_png.rf.aa085600f3d11f201ce5970fec4d8e7a.jpg,1
train,371_png.rf.3f35abfcfd6b95d39c71d96fff3418ec.jpg,1
train,371_png.rf.6157e23ae3563fadc40432539f66871e.jpg,1
train,371_png.rf.ab1aa0eb3620948bded5f1d7fe0b41a7.jpg,1
train,372_png.rf.35665709a689f70a39953968bfb32cdc.jpg,1
train,372_png.rf.c13e2db7c1eeb4684a9a5792896d2f65.jpg,1
train,372_png.rf.feb38b78f10a59b6eb50c32417c32b03.jpg,1
train,373_png.rf.441de2b4dd8e637b75c2ca0ed6dd1a39.jpg,1
train,373_png.rf.b4aa49bd5e25ff27498b94bba1ff7367.jpg,1
train,373_png.rf.ed7228a752541eadec0b953334d59aba.jpg,1
train,374_png.rf.44b58a68f64a482a1240e030f3b0beaa.jpg,1
train,374_png.rf.91dc92b1c7c142a6dd5fd370a13013e6.jpg,1
train,374_png.rf.ed42d31a149fbb37d68726f63aee601e.jpg,1
train,375_png.rf.38729a033abf694879a9a1e46bdcd9c7.jpg,1
train,375_png.rf.a899b07b68174eb2f780bfb52b8a5117.jpg,1
train,375_png.rf.c88990640639cd433bcc1ac37b8f55d2.jpg,1
train,376_png.rf.1fb22d58e2da969102b6e45c97e0ee1b.jpg,1
train,376_png.rf.45c6b2e6789fed3ccc9c708d90274acc.jpg,1
train,376_png.rf.9dc8a67d1e2cbf1a320df53a3a438f7a.jpg,1
train,377_png.rf.06b08bf33516b0f3145610b01e33343b.jpg,1
train,377_png.rf.287c1dbb767d9c82127f7f7427378578.jpg,1
train,377_png.rf.44ed87d56d63347b1a83a8e6507e4df3.jpg,1
train,378_png.rf.5dbfce9748ff5964de1d1f718fd65955.jpg,1
train,378_png.rf.7b7e6b3cb44e14325fb1f516b6257524.jpg,1
train,378_png.rf.8dae02edceecfa8d1a486062548432db.jpg,1
train,379_png.rf.2c42f66f209aa87a3631567cc111c5b5.jpg,1
train,379_png.rf.8d68a9621a5bd15e9b42b4cffae6f6b8.jpg,1
train,379_png.rf.e7443359705c3f6c8955e06585db3230.jpg,1
train,37_png.rf.196703a16ae49fd50a49d9646ef0f179.jpg,1
train,37_png.rf.6c9135b527fd5577302fc4952bd01b2b.jpg,1
train,37_png.rf.ce127e32131fdd43620d509ca53bd53e.jpg,1
train,380_png.rf.2176f18375d7cc29fe1aa40dc544453a.jpg,1
train,380_png.rf.48a2a81a78f9171d75a11d216ab7a5dd.jpg,1
train,380_png.rf.cd671a81e1caf3a32869a38d251934cf.jpg,1
train,381_png.rf.28070c2853d6501f84f6e52b62550a0f.jpg,1
train,381_png.rf.b5b6404260dedf2877d868d7e01265a2.jpg,1
train,381_png.rf.dba0c20c1d512bfb50d47cb3025382ad.jpg,1
train,382_png.rf.59f8ba998e572f04da8d5ba85176b277.jpg,1
train,382_png.rf.a405e48c2703298a9bfe319a5bb1e2ea.jpg,1
train,382_png.rf.b82deef5663fc33e5565e3a69a1dd4e1.jpg,1
train,383_png.rf.1e8faf4e3c5ff013950017bc093822be.jpg,1
train,383_png.rf.5761423536b8c216701852d3e4915bc4.jpg,1
train,383_png.rf.df3e56069589999d205c534bbbcd388f.jpg,1
train,384_png.rf.028eccb2d78583ea63e65075c1cddb82.jpg,1
train,384_png.rf.464d3731a2f4637e1afbd196b20d52e5.jpg,1
train,384_png.rf.7dbf1872ef0bcee9d6dd3020e9824dab.jpg,1
train,385_png.rf.6c90333cef3a96b7edbf38105f2fa969.jpg,1
train,385_png.rf.caa7a21861e0478fe7f7bd8a2256e18b.jpg,1
train,385_png.rf.ccc6f8b5ddd18b34c4877949b98c9f43.jpg,1
train,386_png.rf.5c0a6bed9a724d8fe993722dec574152.jpg,1
train,386_png.rf.8a75a08ecde316eddfbba0e2ae8b7d99.jpg,1
train,387_png.rf.7254dfb31aad41d769f3d80468d04003.jpg,1
train,387_png.rf.94cac10e954ffc322ceb03ee58f39a77.jpg,1
train,387_png.rf.b8017cc1f5adefd56142d85132d7e008.jpg,1
train,388_png.rf.0f6d58f65efe2fbd1da628d1e5813b8f.jpg,1
train,388_png.rf.46f3135aad6bca93bd778bb00cafcab4.jpg,1
train,388_png.rf.81deccdac85436aacc86ead35c7c7a52.jpg,1
train,389_png.rf.d371e393dc01217b7e66c0af413e9f18.jpg,1
train,389_png.rf.e658e51987ff3dd90448ce314d578288.jpg,1
train,38_png.rf.0c3dc5f0e9adbc53998c98e6bea19ef3.jpg,1
train,38_png.rf.770d8483997c0401b1bd4355cf20d532.jpg,1
train,38_png.rf.c2b625e9d877b19e33909302e6810637.jpg,1
train,390_png.rf.4448d8d0500243b7cb53b821fc506849.jpg,1
train,390_png.rf.a1d3d5a3fc8bd3f79b654efb0475c656.jpg,1
train,390_png.rf.b9d511fbf8b748d79562b0d8caa5c729.jpg,1
train,391_png.rf.8ef4927129dea80f0e0f16651d26e364.jpg,1
train,391_png.rf.9869e16591720322dc7b4d80b8b7a4f1.jpg,1
train,392_png.rf.47d79ed006804aac01f60f42fb6b747e.jpg,1
train,392_png.rf.7584e55266365d92302e6d84c58b5abd.jpg,1
train,392_png.rf.ec8400b68c5d08be88a0a02d8b0564f3.jpg,1
train,393_png.rf.76ce98720ff9d2d4da0f610eefa63ad3.jpg,1
train,393_png.rf.e296fbc972a551a997ace2e7d473ef3b.jpg,1
train,393_png.rf.faad46423dfe13ad201aa1ad9974a2cb.jpg,1
train,394_png.rf.7735b7ca03c2806bcdbe9951b083616f.jpg,1
train,394_png.rf.f2c7125b2d8ceabb6f3e4f7db3d2814a.jpg,1
train,394_png.rf.f9111b063c1750bc6f33b2e7603b8152.jpg,1
train,395_png.rf.1ecdcb49c3980dccf053673694914b0a.jpg,1
train,395_png.rf.39571dcb8010824e5260638942db3639.jpg,1
train,395_png.rf.3acfcf7f8fd21cdd158e00f836d1eccf.jpg,1
train,396_png.rf.0c3059afe248b084bcef2b935e4544ea.jpg,1
train,396_png.rf.1d533464fd365b2296689a04f262ecb4.jpg,1
train,396_png.rf.560bc1ed61fd32c8b8bb538012b67900.jpg,1
train,397_png.rf.601c5b0e68ae457cd01aa7f9cf685495.jpg,1
train,397_png.rf.7ea9a8d10ad8540ce21939b9fd763176.jpg,1
train,397_png.rf.810166396700cf35c40387008347cc64.jpg,1
train,398_png.rf.761c1c31db6ba0dfee21509ddf138dd0.jpg,1
train,398_png.rf.7da5e1c20a5671c36c80aee69894ebbd.jpg,1
train,398_png.rf.957b62a7c63937a9c99c2c8b51dedeec.jpg,1
train,399_png.rf.541222db12ccbc7b6c7e5339b72037be.jpg,1
train,399_png.rf.5d9603db6cdc750d2132caddd8473605.jpg,1
train,399_png.rf.d8693ea925fcdd3067cea3ef095ef69c.jpg,1
train,39_png.rf.695a258566b3010f7e409576d158f065.jpg,1
train,39_png.rf.854acdefd9cd45e974782168e4ddf7ba.jpg,1
train,39_png.rf.f668c7dbad693855f9f2969fd9d0ec5d.jpg,1
train,3_png.rf.3b1ba9f0a428325e78923fe8197ca79b.jpg,1
train,3_png.rf.707d599b1646eff8749c2cb1293e4c63.jpg,1
train,3_png.rf.8d8c09d0b2696c3508ba55f7c65f92b1.jpg,1
train,400_png.rf.43796a122347b25f09a8e30c190240a2.jpg,1
train,400_png.rf.712cf4869c8ffa8861349cbb58a5f1d1.jpg,1
train,400_png.rf.abe313a2a48da886073d3a8f8de5b0e9.jpg,1
train,401_png.rf.2ada1bcba9ecbf298fa06379a75a325e.jpg,1
train,401_png.rf.6d83555510f61cfa7c615b385f17f7fe.jpg,1
train,401_png.rf.810ebb1f9276a720d5206b95e0d53ea2.jpg,1
train,402_png.rf.867926cc0b85dc1fcd318f46c037e38e.jpg,1
train,402_png.rf.ca9b6b116826db60fba4842fc2a39f40.jpg,1
train,402_png.rf.d8d9e8af621f742d0298240dc8a2307b.jpg,1
train,403_png.rf.0d200bba2c902db0d8d7a4714b5b1f91.jpg,1
train,403_png.rf.380b2a465550ae83e51c04089babba3d.jpg,1
train,403_png.rf.d18c31f25b6aee0a8be9aaa0b2444433.jpg,1
train,404_png.rf.71f4afa28efc0512ba51bcf0bc567882.jpg,1
train,404_png.rf.97eeb819fb83f87c746ca5a195024a84.jpg,1
train,404_png.rf.e41ea87561888b280555c01b1503d391.jpg,1
train,405_png.rf.1e3cd36400eaa920cf16a97a46bdc0f7.jpg,1
train,405_png.rf.99915a12cc2a6c0209d0fc8754efe1aa.jpg,1
train,405_png.rf.e587253edcf3d7d6d12328c013edf750.jpg,1
train,406_png.rf.04b2578dad4121046ab1038ddd0e778b.jpg,1
train,406_png.rf.44081e100d7fe8acc6f1b7bee9825565.jpg,1
train,406_png.rf.db1ed4c9b5a6be2eed79f0e07a1a080b.jpg,1
train,407_png.rf.3d018adbb31c732b4603a703ad463292.jpg,1
train,407_png.rf.5b80afa87e0090b9dce4275f46800097.jpg,1
train,407_png.rf.9c9719ab7cd25a04e5c5428dc689e779.jpg,1
train,408_png.rf.467f92f981c65d6b8f20e328f9e491c6.jpg,1
train,408_png.rf.8641776d6c6c84a248b04b08ea410e00.jpg,1
train,408_png.rf.917bfa5883839054a3c17e88a566da67.jpg,1
train,409_png.rf.d42ae2a0f1ab7243b410637b189269cf.jpg,1
train,409_png.rf.dc96dfd4016de2c6ff61cd9305e13a84.jpg,1
train,40_png.rf.10e7cd9468e7c585cc074d2a86e37946.jpg,1
train,40_png.rf.d153dd635b30d96c27b9874bfc8de5ed.jpg,1
train,410_png.rf.c44f7e521804a5f726762c76e6765bd4.jpg,1
train,410_png.rf.e75c864413ed8f72732a4203560caeea.jpg,1
train,410_png.rf.ff0c271d99fd20c11589c4e32b6ae699.jpg,1
train,411_png.rf.7aa4b2e49a6d2e11922a65314ab10ab8.jpg,1
train,411_png.rf.b3d64c8c9960c6e76b38da7ed053dbe1.jpg,1
train,411_png.rf.c8c3342033e8344a2712e55e6fa029c6.jpg,1
train,412_png.rf.15e77de29bfbb533d2601d9ec21f76d0.jpg,1
train,412_png.rf.7938259b5eb1a459b28e3ebd8ada8ee8.jpg,1
train,412_png.rf.8410e6db793d16803f07b38b29ffa538.jpg,1
train,413_png.rf.4e4ce09bc5472e71532cc640ca2c5502.jpg,1
train,413_png.rf.b292dca4d6dc5d57ba0783f2a995827c.jpg,1
train,413_png.rf.ca9d7445677e8bff68b5e3d6324fb194.jpg,1
train,414_png.rf.69b05b4b27c43712ca7a5326a6dd489d.jpg,1
train,414_png.rf.844f879c84aacb186a702add66295da6.jpg,1
train,414_png.rf.fa9a369d624c387d82a37de8b4ff623c.jpg,1
train,415_png.rf.9072390c1d09db3c749286e909f73a04.jpg,1
train,415_png.rf.cbd81290df36c024152febba3c42f118.jpg,1
train,415_png.rf.db5dd0a868b5235f6d9feecf2d1719a0.jpg,1
train,416_png.rf.172bb43a7056e0ab6cfa4404b5757704.jpg,1
train,416_png.rf.b413c689e7bb04bd70149addf2a76f2d.jpg,1
train,417_png.rf.18a3dbc0f77ac90590b8822bfdf0b9d2.jpg,1
train,417_png.rf.a17ed435b639790b950f3f702cea50f4.jpg,1
train,417_png.rf.fd37fa5f6306e07eb84e966d50faec99.jpg,1
train,418_png.rf.1fb746c5fc2bee522fc1c399be6f0dd0.jpg,1
train,418_png.rf.a0770a0b5f1147dcbf6053fbdca97a70.jpg,1
train,418_png.rf.e09bfeaceafacff92f814c321dda9c77.jpg,1
train,419_png.rf.1a732418ae59cd22068e502d74d301ef.jpg,1
train,419_png.rf.4041331ea61ca1af9664b3588a2d1a18.jpg,1
train,419_png.rf.ea0dcb1cb68ce17e60217dee907b1852.jpg,1
train,41_png.rf.3bc3f52bf13a56a30d88a68b117e98d4.jpg,1
train,41_png.rf.98ce4672cfd8e808fcf7682b8f35d752.jpg,1
train,41_png.rf.fe8be5838f3fb09fb8348b0b983538a6.jpg,1
train,420_png.rf.07581801b1e79ad895c76b4eb3884704.jpg,1
train,420_png.rf.2269eff71d175137f5b458cccdb9f0a4.jpg,1
train,420_png.rf.ecfd8de5a02c85f90693a136d80ceaf6.jpg,1
train,421_png.rf.4495e5015b840212b4e76524ea1d5233.jpg,1
train,421_png.rf.7a9eb1c9b9ee4c20ceae5e144b70580f.jpg,1
train,421_png.rf.7f3d01644c846e4635ac0649e03f66f7.jpg,1
train,422_png.rf.35e8d0131e1ae05fb515687c52ef8c35.jpg,1
train,422_png.rf.bb4a56aad1a290d117634a8da39f9782.jpg,1
train,423_png.rf.1d6ff0cdbfb279a547b93525a9346ff8.jpg,1
train,423_png.rf.5ceb57b4216200c89e5d7be8c1cc54a7.jpg,1
train,423_png.rf.eb51c09eec7d89446b84e21ba4bc4b9e.jpg,1
train,424_png.rf.060094310d15b71d0a95a3660bdfd224.jpg,1
train,424_png.rf.dec1381af36432ed98032dc550ab0ecc.jpg,1
train,425_png.rf.0e70621965b2ca9a1c0fa8e7f53e7646.jpg,1
train,425_png.rf.4152aa6277b6321e69182ad7d32e22f0.jpg,1
train,426_png.rf.10614146f9a184ffc46cce66314fb632.jpg,1
train,426_png.rf.94fbd656aad001e14f01d6e386ac3d9b.jpg,1
train,426_png.rf.e986507f15bfa989b15364414d217d04.jpg,1
train,427_png.rf.077762c722a9d934b1223f3690060d7d.jpg,1
train,427_png.rf.59de7011dbcf60446dff6f268e89c8fe.jpg,1
train,427_png.rf.fe04e4439c9dcd10cb8a1408a4b1059e.jpg,1
train,428_png.rf.0188054618147e206e3535154ed92299.jpg,1
train,428_png.rf.1b1d7a97b93bf3b8871521468c0f80fb.jpg,1
train,428_png.rf.b1cfd79e6513fe7d3cc1a3d710d782e2.jpg,1
train,429_png.rf.739b057b62ce3cc48704c385a4c9c584.jpg,1
train,429_png.rf.ed78140d46cc7643f7e6dc9be084a794.jpg,1
train,42_png.rf.225a59977bd26f06625de02b5042bf5b.jpg,1
train,42_png.rf.a1236e170d795cb8a6975f3a5f17783b.jpg,1
train,42_png.rf.ca0321b3c7b8e1e5929f3fcb20266630.jpg,1
train,430_png.rf.2d6100ec9339993ac2b2e79fe4ef9954.jpg,1
train,430_png.rf.4ea36124af466ef4dedd06437508d81b.jpg,1
train,430_png.rf.8a8d8e7812925bc1bdfdda789831245f.jpg,1
train,431_png.rf.9803dff2fd762a0402bd3291216df414.jpg,1
train,431_png.rf.a1d9386f37275f8cf731053903097bb8.jpg,1
train,431_png.rf.fc6d6278adf4c4b67202940c498126c7.jpg,1
train,432_png.rf.1a87d0eecaab1f2136e2e8e6fa267cd1.jpg,1
train,432_png.rf.cc671053886bb6eb8157a3b4fcb65990.jpg,1
train,432_png.rf.d443a3e515c84b578cda445e9c743fa5.jpg,1
train,433_png.rf.57635031291ee93f018451a5beb2b959.jpg,1
train,433_png.rf.77f28742e3175c2b145f2ae2ec7c47d5.jpg,1
train,433_png.rf.a374895a6396385c49e3ca334c6275d4.jpg,1
train,434_png.rf.1ef3b4571d36e9c035b355c48479da0e.jpg,1
train,434_png.rf.2b18c728ac6e96f5ba9536ee25eefe55.jpg,1
train,434_png.rf.73ec4d805ea86d560e67c38dc5aff697.jpg,1
train,435_png.rf.233c5ce40894abb1100181d368df8af1.jpg,1
train,435_png.rf.ae5f1f0a2bba81c4dabfd76b40d45ce4.jpg,1
train,436_png.rf.992c59a3015fc13fad09ec836357fcfb.jpg,1
train,436_png.rf.f9cada13f1479ea246505eadd32c89aa.jpg,1
train,437_png.rf.616fa4659d798055b95719de7d73ff3a.jpg,1
train,437_png.rf.6d1c4a3289abd8dc251596b4c00679a3.jpg,1
train,437_png.rf.d0c7700156491f6e9290099409382f35.jpg,1
train,438_png.rf.0b1707ca7f7cca297abc1bb883493ee4.jpg,1
train,438_png.rf.0d16ff6d0eef4aa2edeb7480df97bb16.jpg,1
train,438_png.rf.e4d81fa48eb9d97e2913a1d69de3cef4.jpg,1
train,439_png.rf.3a54d885c5bd78aef2342383e4482942.jpg,1
train,439_png.rf.4e8553ff9e9dfd91936ee4b5deed61b3.jpg,1
train,439_png.rf.f874f5074e0f0cb3faf969995978f2db.jpg,1
train,43_png.rf.4c6ff50bceb75a24a541f6710441b6c3.jpg,1
train,43_png.rf.b1741beb3664918181f69ad69e45790e.jpg,1
train,43_png.rf.f5c530351982516c57bdc52057bfb8de.jpg,1
train,440_png.rf.2afdf90a8d7e6a61b413b36bc4faeaf7.jpg,1
train,440_png.rf.4f0c2cd49df14dba16e9fb2896f0e285.jpg,1
train,440_png.rf.dfffc1b511ee9ee76f6d60e0901b885d.jpg,1
train,441_png.rf.380e08857822c3385f2ac1804cc4fe24.jpg,1
train,441_png.rf.4d4279e6645978f71457c1706001df01.jpg,1
train,441_png.rf.966973143877a96517cfb2566c32fbbe.jpg,1
train,442_png.rf.79a46d068115c44d8cd399e114af2e7d.jpg,1
train,442_png.rf.8e25222a62e700f76cafb1ffcb379aab.jpg,1
train,442_png.rf.d954ff5c48ed03a5dbfff327d8f9232e.jpg,1
train,443_png.rf.7506d8664f15e9f2de812914754d5c96.jpg,1
train,443_png.rf.7b60a5489f9b9878478a48d8ef27ac06.jpg,1
train,443_png.rf.b6ee202981c849ca7245494a63280ce6.jpg,1
train,444_png.rf.67d41d5e08de5a568df628f12b0e6245.jpg,1
train,444_png.rf.6ad03a312a7077cc184962af7fc08a65.jpg,1
train,444_png.rf.aebf3a344503d1bf3edde6a87e7775ae.jpg,1
train,445_png.rf.093e4fa33aa9188be71c3ac501beff8f.jpg,1
train,445_png.rf.8e2957c49196f9277e7fd35e240c8a10.jpg,1
train,445_png.rf.9a315a4a3812f7f9a0d67ed97df2675a.jpg,1
train,446_png.rf.1551c353a945b202443650097bf1f2e6.jpg,1
train,446_png.rf.ad947f194affeac2b27dbe1e92cb9786.jpg,1
train,446_png.rf.e9b3ea7568f5a08f11f1ce9034b7291b.jpg,1
train,447_png.rf.17389f388e3c6a0b734d488dcda152a4.jpg,1
train,447_png.rf.85c2642304d1112f0912e0b376ab2083.jpg,1
train,447_png.rf.da74a03d3e36c3ec2708eaa1ddd4f35d.jpg,1
train,448_png.rf.4946835891829132052b50a65da2b130.jpg,1
train,448_png.rf.7d266bac3c4763ca7b8bf7d94456ceb4.jpg,1
train,448_png.rf.cc3153fff1e4db900106038dd4620325.jpg,1
train,449_png.rf.58037776f67a7ab188e6f73b344b0b3b.jpg,1
train,449_png.rf.ce930a17d393ee643746beacbc51422c.jpg,1
train,449_png.rf.fb2802edfd5163c004d2c5c3f9c25d19.jpg,1
train,44_png.rf.21450e83a744f101956939a6123ca7fd.jpg,1
train,44_png.rf.d66c69c570cbbad8db8e9d972faabd69.jpg,1
train,44_png.rf.dd9455ab7c5827b18676c96fa3d81dc3.jpg,1
train,450_png.rf.2c79f5fa057d160e6131aea5dd470275.jpg,1
train,450_png.rf.980e2bf2692ba0509a577ed4965652b5.jpg,1
train,451_png.rf.88ed5b17fd013cb0d9258e0f5cb4834a.jpg,1
train,451_png.rf.cfab4110e24c28505cdae56473563b75.jpg,1
train,451_png.rf.d732c326d67e0c65171c6ed4ddbb025b.jpg,1
train,452_png.rf.3bd8959022ab1152e48177e857a634a8.jpg,1
train,452_png.rf.bc9a82d7066bb44411617e0da7389fc2.jpg,1
train,452_png.rf.d2efe1488cfc61731be91bb4dd589097.jpg,1
train,453_png.rf.1a9d20ed4ed6341636733f1ce06a9761.jpg,1
train,453_png.rf.278f44f58fc79802314d1bc1f47c81a9.jpg,1
train,453_png.rf.2a7afbacc218f82a6704d648a7900bfd.jpg,1
train,454_png.rf.868946198a85d538d8981cfbbd980f12.jpg,1
train,454_png.rf.c146a96b57597174119d891a8881e468.jpg,1
train,455_png.rf.0bd2b668057b20ae1d025beadf3d46e9.jpg,1
train,455_png.rf.584b2a869a05ec816fa7ad563471e1db.jpg,1
train,455_png.rf.a8a4be04dc274ef9082cd13cab95b8d9.jpg,1
train,456_png.rf.4ae5cb505301ba9323caaf3bd399f9e2.jpg,1
train,457_png.rf.41ee2e885abbf73ea570a83b78a161d7.jpg,1
train,457_png.rf.67b3534c30edac536bf3a0fa2504d9bd.jpg,1
train,457_png.rf.eef7322e97caddafd42d7bb1b2cc5d3b.jpg,1
train,458_png.rf.3004fb3707a98c3ee93b9da63e27de62.jpg,1
train,458_png.rf.b5b0e66986583f805b2d44f09b5bb5b3.jpg,1
train,458_png.rf.c6d106485a412df54c79c6b32be75c03.jpg,1
train,459_png.rf.a5f2fcf9fb09b1c16744bea6f9fe3280.jpg,1
train,459_png.rf.fae33e855239e323d32a0fff3f9d37e2.jpg,1
train,459_png.rf.fd6cf43e7464b7314c9bbecbaaec8e97.jpg,1
train,45_png.rf.53a92bcfe599631c75d7823e0146a1cb.jpg,1
train,45_png.rf.845e074f66e0c5aa1d04dade19625551.jpg,1
train,45_png.rf.da3fc1d1cbeca17fddecb7bc6af1d240.jpg,1
train,460_png.rf.63dd8e6a1172e9346aef9571ff406b2d.jpg,1
train,460_png.rf.9210f7f91ee911dded5bec467ddbf9bb.jpg,1
train,460_png.rf.f5da62bd7bfd0e0f9499ea611520ce31.jpg,1
train,461_png.rf.0c77a6a6c7c2b5a11390b13a6ff8e60b.jpg,1
train,461_png.rf.292f1ee8ae988c1ba100c136cab23223.jpg,1
train,461_png.rf.87f1d46ac4658d4e2d746032675911c5.jpg,1
train,462_png.rf.0bea49ede4299b8206d9d5cb08473356.jpg,1
train,462_png.rf.19847b93d73103c2a982c56ab7f0efac.jpg,1
train,462_png.rf.8b88513a8df0c896cda7e335fdb39688.jpg,1
train,463_png.rf.57ba651505449aa1bd791c6f79f3f9a6.jpg,1
train,463_png.rf.aeaf1766473310b4d223679998fddc02.jpg,1
train,463_png.rf.b902fb107b8d587d30ad6ea02ba76418.jpg,1
train,464_png.rf.3ae982e2a243feb905f57f1288d56325.jpg,1
train,464_png.rf.60db66cc97b3520019b098aa55770983.jpg,1
train,464_png.rf.9c312fbe2c156d34b0348ebdaf5e9df7.jpg,1
train,465_png.rf.3278f86d09e5c6741ea4aec9bc5de9f1.jpg,1
train,465_png.rf.678d972f285f1400ba16c04554a4c940.jpg,1
train,465_png.rf.c29368cfc7f4ccbe618d5e295ad18fe9.jpg,1
train,466_png.rf.7022f2bb5d01d362091ecd5d39eacd80.jpg,1
train,466_png.rf.7560967913c440b1d18ac3300c970ed0.jpg,1
train,466_png.rf.d3c490ffc097cb567cf583f554c18c1d.jpg,1
train,467_png.rf.500d77c470cc2878d753a5f1044732d0.jpg,1
train,467_png.rf.a2e4f66b8204114ac7ba2ae1e435b371.jpg,1
train,467_png.rf.f83bce5b50d721300d4c13370717860b.jpg,1
train,468_png.rf.4f486c428d68700f04d6cf2226f70cdb.jpg,1
train,468_png.rf.58e31937f730bc0dce6e203bb1881d5e.jpg,1
train,468_png.rf.d676067d9eaf8aecb3b22c7bc7315d6a.jpg,1
train,469_png.rf.9a6340be3e040b61bff347c382fdb675.jpg,1
train,469_png.rf.aabb3219f65d52b37b51cbb63e5ebc10.jpg,1
train,469_png.rf.efdf71299ac86931d5450a3a69663a65.jpg,1
train,46_png.rf.0702324fd5b9fbf494f9ec81ff247b7f.jpg,1
train,46_png.rf.4ea1b8f2f4f2e6dc9e8551a5429fda72.jpg,1
train,46_png.rf.f1a0550d73857a349002a07f7e4a1f82.jpg,1
train,470_png.rf.ae6a2558eeb713b46828151df9671afa.jpg,1
train,470_png.rf.b04a80c2a0e15e68eb6ff3b272aee545.jpg,1
train,470_png.rf.b82f123e12578e614367da968ef4803a.jpg,1
train,471_png.rf.07f43f4b35f17febb85796b313391018.jpg,1
train,471_png.rf.7e4931cfb7daa37db122318447fde0f1.jpg,1
train,471_png.rf.c1365924fb5262d46e67985b90b145af.jpg,1
train,472_png.rf.2669446589e8b0238b00c99a0c5b1c5e.jpg,1
train,472_png.rf.92890be197708d05f81edc5b9a0d7c0f.jpg,1
train,472_png.rf.db5da3cff8a828e031752456c4dd6eaa.jpg,1
train,473_png.rf.57a068690eba0345088430b76b2e80a9.jpg,1
train,473_png.rf.b8ff7e04051231660471c7d943118c5f.jpg,1
train,473_png.rf.dd77e07c4bdfea7d09b6b8f0a5cac7ae.jpg,1
train,474_png.rf.2784ce880f8881e9ea93eda1c5fdfb79.jpg,1
train,474_png.rf.b1b35baee1db03c83298cf55295bb4ff.jpg,1
train,474_png.rf.f66f7dadc70dc3ecad0e419ce5aee613.jpg,1
train,475_png.rf.0d7c77c9fc5371aba86dfe20444ab038.jpg,1
train,475_png.rf.7ff9c9155c15161bb80e3c7177d9d339.jpg,1
train,476_png.rf.10fd9313949fc34fce8e1ea333a3d9ec.jpg,1
train,476_png.rf.75bb3e6c05e7c11a3d6dcf5cd745ce86.jpg,1
train,476_png.rf.9b61d41eb574e462ab6ee83ea55a09fb.jpg,1
train,477_png.rf.6e9517d42a2a32a1a25d8e3671dbfe27.jpg,1
train,477_png.rf.a8a3bac5a91aad4042b82e0b3a6f3442.jpg,1
train,477_png.rf.de36b04398aaf93c46d4cd8538217377.jpg,1
train,478_png.rf.34965e4c9837aa56a8c2419ff1fa7afb.jpg,1
train,478_png.rf.a2132a0b1a31ac8443713af9c3f08f6c.jpg,1
train,479_png.rf.0eababd2219dc9db922e073d246bad3e.jpg,1
train,479_png.rf.2c7687f43f2dc1ddf90ee724bc42a8c1.jpg,1
train,479_png.rf.b495288f83e74340c47808fd7821483f.jpg,1
train,47_png.rf.138d0a9d8ee0fa45b9bb51ccebe15a51.jpg,1
train,47_png.rf.8f1a396ab0edcaf48e43c5ff9055648f.jpg,1
train,47_png.rf.942e1bec6d5354b776a348b3213bc319.jpg,1
train,480_png.rf.1d180d830d79032eea4abc2f74b11f0d.jpg,1
train,480_png.rf.9d7974d3ccea51b64ddac5b61cab085e.jpg,1
train,480_png.rf.ceb7f1533055a916907840f317431394.jpg,1
train,481_png.rf.0707f0d27d7d869e96c9df9d810824f8.jpg,1
train,481_png.rf.0c28bdd45d7f7ab248ad455b19a4845e.jpg,1
train,481_png.rf.4c2eb59c7d5b1bc664cbe6c56100a60e.jpg,1
train,482_png.rf.1a247d2b087d7dd4a44300457d275e6c.jpg,1
train,482_png.rf.1d04329b035c0bd3d13227864648eb92.jpg,1
train,483_png.rf.14f41ae21009a3d1185d666bf9548063.jpg,1
train,483_png.rf.35d5cd835897b69d42d03deec2951071.jpg,1
train,483_png.rf.41d8c068886a34717b72a58f6b31ebfe.jpg,1
train,484_png.rf.7033f816644651f608bedad3f4bee590.jpg,1
train,484_png.rf.9ac8fae31440aa6d325bdfad27526452.jpg,1
train,484_png.rf.e937b36899bd69a3d9333e6632ccf104.jpg,1
train,485_png.rf.2d60343f8fdb96c9b72af7ecc549b5f4.jpg,1
train,485_png.rf.68e91a69f40aa9ad7bf62b2ba4f438be.jpg,1
train,485_png.rf.84fa11e21d21a4bd39101b192893feb0.jpg,1
train,486_png.rf.15c887a6cefe32ab6e8850fbe454e76d.jpg,1
train,486_png.rf.63ba40fcae4804416e1772e2510163d1.jpg,1
train,486_png.rf.96f571aeda4f43e6499dec293c07560c.jpg,1
train,487_png.rf.2b82fcd0d5cbed3fb5a2c5b055766cbb.jpg,1
train,487_png.rf.4e628e4526e41d0e710bb71031087602.jpg,1
train,487_png.rf.f6a6dea0249b0b549b8b53d34f134301.jpg,1
train,488_png.rf.22d1471c299b3e5465cc072c8ab8d517.jpg,1
train,488_png.rf.bd34089829270d3502eb34abaacf4402.jpg,1
train,488_png.rf.e04dfb5b5a9975bfe4475937bcd97453.jpg,1
train,489_png.rf.2d8d8c59b13e496c6b870783edffd16e.jpg,1
train,489_png.rf.7e6b460e96daab9876f748eb381d267f.jpg,1
train,489_png.rf.adeaad7566771827b6e7b134172babbb.jpg,1
train,48_png.rf.7cf4319430854e82a1721c8cafa5b606.jpg,1
train,48_png.rf.b5b28bf31eeb82815d0860d57a05085f.jpg,1
train,48_png.rf.c4d2a7b30603ca761828c4cec4c0ad31.jpg,1
train,490_png.rf.81a53f6c2752b0b8dc3c9ec7bdedd017.jpg,1
train,490_png.rf.c2bbb2b0537835c1e0a9077cfcb53c3c.jpg,1
train,490_png.rf.ffe94a33f6a7c51f0642a9a9d7d61f74.jpg,1
train,491_png.rf.3eef949a558a6165f0b35d9f30c08214.jpg,1
train,491_png.rf.88d2ecfc221a552bce81ec835a5cd5ea.jpg,1
train,491_png.rf.94e34749a653ab2541f9d78b9bbc8db2.jpg,1
train,492_png.rf.2da17d0d86bdc78b8e8675362f91931d.jpg,1
train,492_png.rf.d5f5578a8644fba0134741c76b313c9f.jpg,1
train,492_png.rf.f0257f9dd110335a5d220792f1405e63.jpg,1
train,493_png.rf.1a7f3bed4ad26e505f29b2a8c96102ee.jpg,1
train,493_png.rf.8b84b93cac002906abc5d9b64b00e6f5.jpg,1
train,493_png.rf.9921860566b99dac1398d779ddc39b6c.jpg,1
train,494_png.rf.0a3ad53051195fa4ea63cb809d89b719.jpg,1
train,494_png.rf.707c5517527b01f88bf2bed90663e05b.jpg,1
train,494_png.rf.b033086877813d5a95fb203519d8d5c8.jpg,1
train,495_png.rf.0a1aeddd980ba2c68774c2eb33acc363.jpg,1
train,495_png.rf.2ec3a7ab5fec5a00da6dac6b6b3fcbe7.jpg,1
train,495_png.rf.97c14346beb74e1a4b0b038a2359f38e.jpg,1
train,496_png.rf.3a0e07a6d29ce64bedd0790f6f144f47.jpg,1
train,496_png.rf.757cb0a2dd30258052cd7570364588ff.jpg,1
train,496_png.rf.94e7651b98baeeb05180c5c6213dfbaf.jpg,1
train,497_png.rf.402810b0833f2e81d4239c291d659941.jpg,1
train,497_png.rf.7d1a64ed152c53e7263da6cb69ed71d0.jpg,1
train,497_png.rf.b68ae75c06ea7b3fc126401eefedcc92.jpg,1
train,498_png.rf.1d7be60ac3dbb4fccf1b596fff5b0575.jpg,1
train,498_png.rf.f35e1d699066d0e5453ad06d7d14b4f4.jpg,1
train,499_png.rf.143b336a5b87ca392f33937c0bc9e7d1.jpg,1
train,499_png.rf.5b73ba644bcd0320c74ba335c9df079b.jpg,1
train,499_png.rf.c1bc5a248a10caa7e947c21f6c5394ad.jpg,1
train,49_png.rf.757296aa5aba254ddb876081a8611c2f.jpg,1
train,49_png.rf.81f007453c358488b22a658607cc0ff9.jpg,1
train,49_png.rf.ef078ce0457978e33c893bf61299fff0.jpg,1
train,4_jpg.rf.02d02b3dd3f7b96a314db0a9bc18e9ff.jpg,1
train,4_jpg.rf.3d5f6b07716a5ca9749c3b2a103f963f.jpg,1
train,4_jpg.rf.d0a5a1ed852caff75ce99ef41595d0d3.jpg,1
train,4_png.rf.2c9551df361e5fd8896a1dc47fc96917.jpg,1
train,4_png.rf.61ff037e0acd9b42b67b6b23df56863a.jpg,1
train,4_png.rf.8ba7c98d51cb44c4380ebe9f7f6b8f07.jpg,1
train,500_png.rf.16b25b9d4254ea707ccbb5c59224b841.jpg,1
train,500_png.rf.2ffed0d0d9c247103e8a97d4a222c3d7.jpg,1
train,500_png.rf.330b5dd3fc817c37929c4375cba21b40.jpg,1
train,501_png.rf.01b45894d2e4a0ce237b3e29a779c477.jpg,1
train,501_png.rf.b1ba3ad3bbc49a84beefe2fa61508764.jpg,1
train,501_png.rf.f91b879ebcb39b563f521f2174986e62.jpg,1
train,502_png.rf.3866a00b3e57eb9b01de8306ebcd8c17.jpg,1
train,502_png.rf.69ace5536c0257069156e9af2c56ab08.jpg,1
train,502_png.rf.f80e31dd41fabf79b851996f1263f87a.jpg,1
train,503_png.rf.56116b5dad2d8eed53e4b1f7ec2c0fe4.jpg,1
train,503_png.rf.5bc6d8849b704760a2a3efc10f152f1c.jpg,1
train,503_png.rf.794db57c0cd8d8cba30dba0d8de042b3.jpg,1
train,504_png.rf.2b0629876e6d0c8cacf7c3ca2b356862.jpg,1
train,504_png.rf.f11acfd2a1c1ef9d38ab247c7c1fa138.jpg,1
train,505_png.rf.4f3f166f7a3bf3c0007f20bed3fcec0e.jpg,1
train,505_png.rf.b4169abb4f86cd8bc095c521dd0948b6.jpg,1
train,505_png.rf.d6d239e0b638dd4f847f1d445e601175.jpg,1
train,506_png.rf.49d80c6edcddae77f4b233626e4d1f4e.jpg,1
train,506_png.rf.6b3db04f2ee699c5613a8fd16188d0e6.jpg,1
train,506_png.rf.b75101d65ef838ae5aefea3e555a620d.jpg,1
train,507_png.rf.44ab61601a464cd9280ee880c123ae07.jpg,1
train,507_png.rf.e8804317ff733a66531862968933a2c1.jpg,1
train,507_png.rf.efe9a22b561890328a5a1475917e4ff3.jpg,1
train,508_png.rf.1550cd8932502c73b6ffc4f005c1e275.jpg,1
train,508_png.rf.299df6b1025b52984348399bfe3083b7.jpg,1
train,508_png.rf.9b2d12a2916b1d7e77ec77f92018627f.jpg,1
train,509_png.rf.2f9d8684d646821e4ea1cfc2a805888c.jpg,1
train,509_png.rf.6a7e4fb91966409dd98842c324888be0.jpg,1
train,509_png.rf.85a5d88c803361385103d08b80861c97.jpg,1
train,50_png.rf.a14d54cb3e597057c421fffd672020dd.jpg,1
train,50_png.rf.c8b532153382e0ba77b2de19fdcd0100.jpg,1
train,50_png.rf.f89e1acd8bd789a60e21e313a4367508.jpg,1
train,510_png.rf.1cd51f3d5f3a2f9ea5fc939ba01a2e30.jpg,1
train,510_png.rf.c29f3cafa9eeb8d618b1eed34460629a.jpg,1
train,510_png.rf.fd278e29cff441348f64396d122610fc.jpg,1
train,511_png.rf.536cc349d2db35e0fd7e2b51e5cd9f84.jpg,1
train,511_png.rf.da7fac2ea241b98516017a848d139597.jpg,1
train,511_png.rf.e0abf1f589d5c1273020a0a9f496e690.jpg,1
train,512_png.rf.4678ae26ed82a290b233a09f4f56a527.jpg,1
train,512_png.rf.a0d0afbf4907c453bee95b4301d6e864.jpg,1
train,512_png.rf.e9e41911d8b73dfe96a1fd2939e9c37d.jpg,1
train,513_png.rf.02e4e65ebd7d4b73dbb174d0dfa02fcd.jpg,1
train,513_png.rf.05cf151b5c59d0c6fb9cebd2634054e4.jpg,1
train,513_png.rf.541f75f3dac704b9ad8edf7141dd52e6.jpg,1
train,514_png.rf.1fc9e01b50b9bff8194fe104f10cfd7b.jpg,1
train,514_png.rf.c5d9ac0252a0cf2633a2c761b9a80fcb.jpg,1
train,514_png.rf.ef6480a50722aaf5200aaae3ce91d960.jpg,1
train,515_png.rf.921e357a3433702901494ca728ce3fcf.jpg,1
train,515_png.rf.cea2a3962413dd7e4a626479c52191dc.jpg,1
train,515_png.rf.e8848c2f3805da4d3e676157c37e14fd.jpg,1
train,516_png.rf.0577f274348f9d42838b6dcf87da6f92.jpg,1
train,516_png.rf.7a58d64d3e588a4d9f206a0253a5e535.jpg,1
train,516_png.rf.aabae77217acc82d68261bb78d2f8f1c.jpg,1
train,517_png.rf.585f601fc106ac783e2150be205c0cd4.jpg,1
train,517_png.rf.c2dd9ca0adc7e1c8ca7b7bfd1cd9eff6.jpg,1
train,517_png.rf.c56365d1c968682a773e1e5f8b08c553.jpg,1
train,518_png.rf.275504ed1113ee7e7d087524f458aa34.jpg,1
train,518_png.rf.bad5aa61a27ea9b0b23722f302d17c85.jpg,1
train,518_png.rf.e54d570cb27de672db040f005f92457b.jpg,1
train,519_png.rf.22c3273fb4a170924c0f3011ded6cbfd.jpg,1
train,519_png.rf.63598501018615505e7e8fd660b2e46c.jpg,1
train,519_png.rf.7a763156eda2cb5845abe4f5c0758e5d.jpg,1
train,51_png.rf.186b2e5173841720b888af848dd8e418.jpg,1
train,51_png.rf.26ad49a2deeac4bb4df10c3289d23c36.jpg,1
train,51_png.rf.d23fd68f5654ca9739fc19d4c31f73b8.jpg,1
train,520_png.rf.83627423d0ce99e5ed942cc1aba5ca53.jpg,1
train,520_png.rf.983e1cd95a8fde1725e24d86e9df29f5.jpg,1
train,520_png.rf.9ef6c53d531a1ad6598ac452b8a29429.jpg,1
train,521_png.rf.0ded4f84c9c4f084b034ac30e585b255.jpg,1
train,521_png.rf.579f5dcb0b05300702b92fde375854be.jpg,1
train,521_png.rf.5857b1a499204763d3d90b355058ef37.jpg,1
train,522_png.rf.07975f7a478e985df547dee561b0848f.jpg,1
train,522_png.rf.fafc2798521f7879cc1feee923d0a54c.jpg,1
train,523_png.rf.4912987eb8aff3c1292035602e439e46.jpg,1
train,523_png.rf.590fd9f3928ddfb5c8c55ae0a4fba74c.jpg,1
train,523_png.rf.73e312833368400f128905ce6e3a8e17.jpg,1
train,524_png.rf.3b4d766317bbae397a09c0a2c4a7f262.jpg,1
train,524_png.rf.9695652ec35e3abd86b74f00c4b53f3e.jpg,1
train,524_png.rf.cf33d8d04410c449b21e04fd269debcf.jpg,1
train,525_png.rf.51b12be154ff42887e4e99a4f3ed8986.jpg,1
train,525_png.rf.526d1e136ac1b673c6b03c0f142be840.jpg,1
train,525_png.rf.e187f593a2239e35f95b16a7cc5404e1.jpg,1
train,526_png.rf.6252d904355a00fef32f3a6ff02bfa35.jpg,1
train,526_png.rf.6e0ab34246d8bf5e5619c69c34290ac8.jpg,1
train,526_png.rf.7f5df25c15e84a0144398fa1ab713d99.jpg,1
train,527_png.rf.1bbdc6697d99b36905061fee9b37342b.jpg,1
train,527_png.rf.b08eab9b1791359eb894f1e4ce4ba8a5.jpg,1
train,527_png.rf.fe9c19f8a169a27b3eb04a0b587a6fe3.jpg,1
train,528_png.rf.032e174c8ee3c893da6ee60102a2823b.jpg,1
train,528_png.rf.6437d4a1289068c0abe19208791aa8de.jpg,1
train,528_png.rf.98eca6a87c0dcfabcac8c859824674fc.jpg,1
train,529_png.rf.3108adff267459a3c2f46f6448f47718.jpg,1
train,529_png.rf.cea2e46994d954bde567905549eb8604.jpg,1
train,529_png.rf.f161eb03aded6c9d6db30fcab150fbee.jpg,1
train,52_png.rf.4ec57cf0fab57c555db897192d0f6398.jpg,1
train,52_png.rf.517c29415ca5794c62a09fdc1f7ef6ff.jpg,1
train,52_png.rf.e7cef53e4f241f9b925610900907eaf1.jpg,1
train,530_png.rf.29a5632f3a2d048db87d1394fa77e430.jpg,1
train,530_png.rf.3c7222de8f901d3bce1db7f0be319c46.jpg,1
train,530_png.rf.c96e2ec8e4f0f6297209b1a452b1521c.jpg,1
train,531_png.rf.04daa8e1bf2105d6ddaf5006f6e010a7.jpg,1
train,531_png.rf.80e71f59886c11b4bbb2b4ce12ac6efe.jpg,1
train,531_png.rf.dda5dc5a59a3094c340140399f5a31e7.jpg,1
train,532_png.rf.0eecfc828c89832f962b4ca36d212af5.jpg,1
train,532_png.rf.9837ac4c79a82e062585a08849935314.jpg,1
train,532_png.rf.e5abaab1027a093230a49bd3c5f07ed3.jpg,1
train,533_png.rf.2c05a69b81db22ef2f15205b2720d4e1.jpg,1
train,533_png.rf.717e7dc098d187027409f9c63baab7fd.jpg,1
train,533_png.rf.7a745070e79a84af04acc51455d989c9.jpg,1
train,534_png.rf.055847270185dfc6afc8ca91a2bf8dd7.jpg,1
train,534_png.rf.46c6fe9ae2d36c67037054d0316d3cea.jpg,1
train,535_png.rf.59b14300a8a84424b937c90701afaaa9.jpg,1
train,535_png.rf.f6d938474f735e0cfb4acaf09bed29c0.jpg,1
train,535_png.rf.f9c99314e0fc3eabbfe2e870c62880bc.jpg,1
train,536_png.rf.46323f634e1accddd74aeeeec6073f42.jpg,1
train,536_png.rf.686f8f11ae8258f19481529351859d6c.jpg,1
train,536_png.rf.f5c923ab86d9fc60b457c66ba1f4f646.jpg,1
train,537_png.rf.18d4cddfc376c97088b034419d49f3e3.jpg,1
train,537_png.rf.242f3084604f9b9b506a362397b743aa.jpg,1
train,537_png.rf.b1431105711fdeace0f79a4a1aaf57fe.jpg,1
train,538_png.rf.61b696bff510a79c26196ef176374874.jpg,1
train,538_png.rf.c0e0f94efc37c87c3e22dbe6d653ea3d.jpg,1
train,538_png.rf.fecd446dfd50880297627701fcd5bdb4.jpg,1
train,539_png.rf.76310d46bd1d1a5abc103e5dce2935d3.jpg,1
train,539_png.rf.cdbd1b7a4c3dfe2c9b7aa1f7f456d43b.jpg,1
train,539_png.rf.fe95a9c66082bbea9255c21e8d78bc64.jpg,1
train,53_png.rf.01c12a86ee47b52fc07da94b00c99383.jpg,1
train,53_png.rf.431385b90b2a11aac74d093908d0f8b4.jpg,1
train,53_png.rf.7265283009d97a24570ad309f9d3a864.jpg,1
train,540_png.rf.31406281131d5b9a39e01171d00fbafe.jpg,1
train,540_png.rf.6729a49700b87752f66f2c0ba6b48bc8.jpg,1
train,540_png.rf.ca7855f8f8e12829b26daca77f1f37ce.jpg,1
train,541_png.rf.3733adf38487323361ad80616972d01b.jpg,1
train,541_png.rf.8bebf9cb289406fc043bcc787ae4d387.jpg,1
train,541_png.rf.d3eb4e417ba97ed707e09c18921f2d87.jpg,1
train,542_png.rf.1e307663d98a27cc4ab2f8d011355b0e.jpg,1
train,542_png.rf.48736f4dcf6f7916b7308d8388e37492.jpg,1
train,542_png.rf.f930b5996eb9c3f5c2b65f711835ef89.jpg,1
train,543_png.rf.5b36a417f1e20c9c334693df6fa943ce.jpg,1
train,543_png.rf.68dd74b68b03db3ca0dd0d52da5344a4.jpg,1
train,543_png.rf.d380691d2c857d0b347dd7ac2813c840.jpg,1
train,544_png.rf.64d076c1a6eaba641a58ef46c4aec3a4.jpg,1
train,544_png.rf.c605d5d1c4d86424660c92215dc98348.jpg,1
train,544_png.rf.d65d4768a71ffc76395abfa2c3f867f6.jpg,1
train,545_png.rf.7541384fa1b79fc5ae26452a5584cf63.jpg,1
train,545_png.rf.a6417c56a08adc0b37ead9181be22cad.jpg,1
train,546_png.rf.10f3bb0bad2d8aa70ae0c8841985fa20.jpg,1
train,546_png.rf.117bb1fa9a569ea07e3b391224a4e584.jpg,1
train,546_png.rf.f8a837cf2ab5ff70436e0f475edae52e.jpg,1
train,547_png.rf.25b075826aedbaeca34b112035f2d9ed.jpg,1
train,547_png.rf.8a4c0655d489678878e1d33e57a30760.jpg,1
train,547_png.rf.e3e79b7510f63fea1b6447cc91480e6d.jpg,1
train,54_png.rf.0261c3c78252a1b40f68adf25d546086.jpg,1
train,54_png.rf.16734bc98b0943e73564f7c91a1939a8.jpg,1
train,54_png.rf.a3848ba2c88a2c18a8c0525b4a21836d.jpg,1
train,55_png.rf.08323d8ebce1579413da8296f880941f.jpg,1
train,55_png.rf.5dff9ad5cc4cf735f69198362d955397.jpg,1
train,55_png.rf.7d9fa346a67ecd150cf5fd8d5ac25dbe.jpg,1
train,56_png.rf.8d0aae7a07d213e6a6d7e6346304a2ee.jpg,1
train,56_png.rf.d8cc94cb48e75b948e9641f3822f674f.jpg,1
train,56_png.rf.db6d07cab75b3a4fa11f3ccae889a281.jpg,1
train,57_png.rf.842bd07b6542a7d526a730f7e42f9c70.jpg,1
train,57_png.rf.d3ec307c6e0b52b5b147c6cc23720a83.jpg,1
train,57_png.rf.d83897c09e692cfca2b79f2aaf413556.jpg,1
train,58_png.rf.125059d8fe0b62efbccea9039ca2abe3.jpg,1
train,58_png.rf.3d7783605a503ff176ac0d2d97415010.jpg,1
train,58_png.rf.462178e1fbc9b9f6ac41789ebe85cdc4.jpg,1
train,59_png.rf.4f65d18f1a47c8af48136c2bc022921b.jpg,1
train,59_png.rf.99d7d9f54b96de31841ff0f7060994bf.jpg,1
train,5_png.rf.3fe56bcbedf89d2c22ac502aa0ba1aa8.jpg,1
train,5_png.rf.69ae0ba516f995549871d71a43283ea9.jpg,1
train,5_png.rf.70e2211ff9b551e27fb3ed696b2acbdf.jpg,1
train,60_png.rf.34c5d01bd9b0c9528196a6c6663ea6ee.jpg,1
train,60_png.rf.8e3b432a9795bb5760d0ff0b919d5275.jpg,1
train,60_png.rf.a30d2876b7f8220d123e17d09eaaf31f.jpg,1
train,61_png.rf.21f0ca7877d38a1bf7bb846490a3f328.jpg,1
train,61_png.rf.85107c6ba59e43f3a430792e40e6eda6.jpg,1
train,61_png.rf.ab0baf3e70a8e9ebe9cc7f06c24d974f.jpg,1
train,62_png.rf.570bb5c3ef33f7c914df3b0a3ef035ce.jpg,1
train,62_png.rf.68c60c7d30ced974ff86c63be0cb8c8a.jpg,1
train,62_png.rf.8171f4e142eb3a4df12cadd16d85a458.jpg,1
train,63_png.rf.6771b5da2659205e8ae50150735fa8c1.jpg,1
train,63_png.rf.bba90cd3156cdb33f2fcb0473b052f4b.jpg,1
train,63_png.rf.f2aac371f741eaf894f0e11833c00de3.jpg,1
train,64_png.rf.065af1e47eb91c157d0adecf4aaecd83.jpg,1
train,64_png.rf.ab8b3b8c2f650b0e545e9ed8cb95298b.jpg,1
train,64_png.rf.cb637429ed95489d5455ed5cfab47362.jpg,1
train,65_png.rf.44fc1b7c18d1836d97ce62e2878954f9.jpg,1
train,65_png.rf.d508182636dadeea6f2df88fbf0ce048.jpg,1
train,66_png.rf.61d716fa83676f0a673741fa3e8da315.jpg,1
train,66_png.rf.887071ac288974d452a76d32a46e8c5a.jpg,1
train,66_png.rf.e0baaafd1de1cf45427246d7db5c519e.jpg,1
train,67_png.rf.2bb1a0e4badd25562e9054c9de058726.jpg,1
train,67_png.rf.58a338760d81489f7ec010b72793f7b8.jpg,1
train,67_png.rf.82c01f29ac6d0bd235f110e5d1f057f6.jpg,1
train,68_png.rf.588493105f96c1c37f44db58282387ed.jpg,1
train,68_png.rf.89bbfcb4b8e01772a5101defd9d75470.jpg,1
train,68_png.rf.ded0b4d49459e89f777720819eace0e5.jpg,1
train,69_png.rf.8923dd04a72c8b16da15d64c87489655.jpg,1
train,69_png.rf.c6fe34cef62c84405e7993c551789009.jpg,1
train,6_jpg.rf.2f70e77fbd0017e486fae73f938739c4.jpg,1
train,6_jpg.rf.5a9b17ab460f498d92dd78a7456b3de8.jpg,1
train,6_jpg.rf.a3f78e54795d68cf45c987a6768b21e0.jpg,1
train,6_png.rf.8099492210bf895f0a32aec5053c9d05.jpg,1
train,6_png.rf.93b01c80b2c081ed39cf7b254132a218.jpg,1
train,6_png.rf.e526cca23fb4e5fb7f8cc53de5024c3b.jpg,1
train,70_png.rf.1a776372a5bac55e793719a22fed5ccd.jpg,1
train,70_png.rf.3a1010ea284f6ee4f744581111c353c6.jpg,1
train,70_png.rf.872f6bb56566272ff0579ab122d7114f.jpg,1
train,71_png.rf.7c69f1885d908c00b699c17acc6e3dbf.jpg,1
train,71_png.rf.9e831468cb229faa2b82cd943b7d0768.jpg,1
train,71_png.rf.d8a6eb37c1d0e2f102c93ce1c344b430.jpg,1
train,72_png.rf.9a71da2311bbd9049fa1ee3bcde9b5d7.jpg,1
train,72_png.rf.d4e234f2d016234c86a99ba669fee7c5.jpg,1
train,73_png.rf.0ab6042915922656c204d9f8366b7337.jpg,1
train,73_png.rf.8fbb37851c7c35f48223c71ec9c0e56b.jpg,1
train,73_png.rf.ca276eab08c64d328cf0846581bdc279.jpg,1
train,74_png.rf.2c191f0af78d004e0e046f83c982c811.jpg,1
train,74_png.rf.993cb056315acbab1ee56246a25bceba.jpg,1
train,74_png.rf.eb46ca7117389c1a43af4093a1c0304f.jpg,1
train,75_png.rf.7c6dbab1d866ac87cadea9285b7b2974.jpg,1
train,75_png.rf.947ee2e1fcf7c04b58c34e61de3031d7.jpg,1
train,75_png.rf.a1aedf1a5d12290217411e110617d317.jpg,1
train,76_png.rf.6fa1bb88ff3e8ebaa2f6829bc4a42c43.jpg,1
train,76_png.rf.78d97cafbf41a4e40e8b92009d9cec9c.jpg,1
train,76_png.rf.976073e98f7c495cc29abed415184c4f.jpg,1
train,77_png.rf.4fa27fac08cdc88e6adae672873d7d74.jpg,1
train,77_png.rf.57695959daa338ae74d6501b6e94b58b.jpg,1
train,77_png.rf.6a39ad8bd94a18239fe597c4692dd821.jpg,1
train,78_png.rf.4b88dbf0a7bab8474865115709062686.jpg,1
train,78_png.rf.8230efc373c3b526fc27788a8e03c1cd.jpg,1
train,78_png.rf.d97b63c59f2c1b0943e5d2b887b2ce37.jpg,1
train,79_png.rf.493a54f4b6e11f27802e223071e984ee.jpg,1
train,79_png.rf.80d99fd1b3cd6490022250ce3aa77bce.jpg,1
train,79_png.rf.e43cdafc236509f5853807701418776c.jpg,1
train,7_jpg.rf.4e4bb7ca031c3cc13ec1406765f585f0.jpg,1
train,7_jpg.rf.7c79318b19a52297a541cbbc2ec25e0d.jpg,1
train,7_jpg.rf.a68e22df18eecda1cf1b0288e1045aed.jpg,1
train,7_png.rf.6bd4209b4fb0bae46f8bb5e6dc29818a.jpg,1
train,7_png.rf.95827d1360de1021a2c61e5cec3857e6.jpg,1
train,7_png.rf.ef3efb2b7afa70f7a30b5f7b4cf9669b.jpg,1
train,80_png.rf.33eb36c621f3f672931290ea9c5f994a.jpg,1
train,80_png.rf.59cc207b7e14babb05d2275011306806.jpg,1
train,80_png.rf.8c2f70e586118eee127085e09adc0654.jpg,1
train,81_png.rf.6142ad6f926dc13a20c8499d6a053bbe.jpg,1
train,81_png.rf.810599577df4ca434855d71c47a84bbf.jpg,1
train,81_png.rf.b17df7850a4fc3ac8d54503c5e73ab86.jpg,1
train,82_png.rf.c3963d1c1911baaa158f23c64b54ce58.jpg,1
train,82_png.rf.eab485c0bc55529468518b36c3ab9824.jpg,1
train,82_png.rf.eacbdba29cc9435bf8b424d9322aa53e.jpg,1
train,83_png.rf.9eeb7087dc369463c7133ae02ee4a550.jpg,1
train,83_png.rf.a14357343d6f338422de89e7f6f5c9c1.jpg,1
train,83_png.rf.a280fcf0c677bf4ebe20ce639c7bfca4.jpg,1
train,84_png.rf.3b0ef1fd7c2d0e767e95c9bed80d51c6.jpg,1
train,84_png.rf.4b53f3e793f39e812a6aea555a8e5fd1.jpg,1
train,84_png.rf.525874404be65eedc3250740c0c78f10.jpg,1
train,85_png.rf.1e91302a9ab128510797ecd558026879.jpg,1
train,85_png.rf.68817535f884070e31c6bec399249d30.jpg,1
train,85_png.rf.8479c7a5bb02ba17e7c377f3aa407da4.jpg,1
train,86_png.rf.148f5a3231345d7189b7690276aebd5c.jpg,1
train,86_png.rf.38d57ca1de279a337c9a04454a45f7d5.jpg,1
train,86_png.rf.7790fa56ded66bbb893f2e3581eea45b.jpg,1
train,87_png.rf.bd01bd0e73990b7e5a1c79823eb87765.jpg,1
train,87_png.rf.cc4e6ced8dd80d4c9b2bdb7bfa73f940.jpg,1
train,87_png.rf.d71101943dc71b5113df4a5aebbcb240.jpg,1
train,88_png.rf.7c8a24d27a05224f4e354ae9c2c4059f.jpg,1
train,88_png.rf.98b04ea82bf79a042338f46c7c6ad915.jpg,1
train,88_png.rf.9ed6903489d4272c8a076856db10733d.jpg,1
train,89_png.rf.4b546a7dee979ec0fde4e926a99aa054.jpg,1
train,89_png.rf.9d6243a0cb0d0a2a0974e0c5e07ab52b.jpg,1
train,89_png.rf.d594c6cf3caf3dfadbed55237ba72977.jpg,1
train,8_jpg.rf.07941892e64f83cb8242a27bf7fe16f0.jpg,1
train,8_jpg.rf.103262c71bec804fe162150c80dabfac.jpg,1
train,8_jpg.rf.8bb8337004b12894d0e392e4060c20ad.jpg,1
train,8_png.rf.0d55bb927b936a3a582f7a3303b882ca.jpg,1
train,8_png.rf.31c378ccbab556c62e65f9e4b9cdccf0.jpg,1
train,8_png.rf.6d596c1ce122a55a56c90a7475f38f65.jpg,1
train,90_png.rf.405d0e613c5194e7555e5daee6774019.jpg,1
train,90_png.rf.a841ccaec0a388d059a3c6aa80654200.jpg,1
train,90_png.rf.c98f8254c7360b69ea96e65f0a3a3ab1.jpg,1
train,91_png.rf.0b4526b265e2213a0dae10883ac16a9f.jpg,1
train,91_png.rf.e73ec180869f63b580b220273cf22955.jpg,1
train,91_png.rf.fe28299d384fa6761289b9eed2804ee4.jpg,1
train,92_png.rf.121f7283e32b518caef13e171fc80f1c.jpg,1
train,92_png.rf.7eea2afdc7a2c7fabe2f58872c0889dd.jpg,1
train,92_png.rf.ef1175bcc174c31a163d2d68402f304e.jpg,1
train,93_png.rf.8a1d13db389615445e591a871e42b5b8.jpg,1
train,93_png.rf.dc820faff08831e2152a413b3c1c0c5f.jpg,1
train,93_png.rf.f9a56e04ca0c7fd9bf7f1a682e55a78c.jpg,1
train,94_png.rf.238f7b042b9110f969d451c4006117b2.jpg,1
train,94_png.rf.3769552c8ac6f6346110fdb5fd09780f.jpg,1
train,94_png.rf.82eaf0b1124cca8194f89ac9ffef24c5.jpg,1
train,95_png.rf.0fd4bdfed9e3515b7161bbcde2a6d259.jpg,1
train,95_png.rf.72dae3ea3d7a0076e3263b95e173e83b.jpg,1
train,95_png.rf.7f55243c342899f829ace9ed32fd1596.jpg,1
train,96_png.rf.e32d2a39365cc364ddbec832509e678a.jpg,1
train,96_png.rf.fde9ebaec670722bf861b6d05826d08a.jpg,1
train,97_png.rf.0212ce74557899ba77ef1d7ad8ec9eb4.jpg,1
train,97_png.rf.96a96582846d2b8357e7141b5d0af953.jpg,1
train,97_png.rf.e12c4ba7bd4840d2b8af30f97c4f5b90.jpg,1
train,98_png.rf.1857c57f9b93a52734d44b8b90b8f139.jpg,1
train,98_png.rf.c59c589b432a3a7225893cc2e47ab7ae.jpg,1
train,98_png.rf.e98e2f614d864e8527db3a92d9dd695e.jpg,1
train,99_png.rf.34137a65d41c31450d8d59d0dc6d491e.jpg,1
train,99_png.rf.406e54a9c2e2a8cf5189c2d0aaf43db7.jpg,1
train,99_png.rf.dab43dd31123a4eefc29c218b30ec3ac.jpg,1
train,9_jpg.rf.0424c76a10bd2e3854d0ad8ecd2beb87.jpg,1
train,9_jpg.rf.2a5c98ab58b54e3d2de41b37304a7119.jpg,1
train,9_jpg.rf.4487dbee932b158694cd583a2fed2953.jpg,1
train,9_jpg.rf.692aa1cbef8b6ada95ce9f0628b73383.jpg,1
train,9_jpg.rf.d6e0082936af5e619ab3fc2fa92dbfe8.jpg,1
train,9_jpg.rf.e14d437982a13b4d2486decfef16dc60.jpg,1
train,9_png.rf.382da8cd1156c56c6dbabdd01c6e627e.jpg,1
train,9_png.rf.4c379d30aabd6d01079b86f94062dfb4.jpg,1
train,9_png.rf.7f65239523c8405d875ae8a631bf5058.jpg,1
train,T_10_20190607_075451_jpg.rf.2e7970c339cf3f3483c5685a9a1da6a9.jpg,1
train,T_10_20190607_075451_jpg.rf.5af3314d9a59cfc46de03fd6716b1140.jpg,1
train,T_10_20190607_075451_jpg.rf.62319846b0e61c7ca8e2697d1c81c193.jpg,1
train,T_10_20190607_075451_jpg.rf.79e945013c2206ba77170d1821a42bb5.jpg,1
train,T_10_20190607_075451_jpg.rf.dc2214fe0fb4f708e8c3d7f6c7cd1b30.jpg,1
train,T_10_20190607_075451_jpg.rf.f4c23ef5080090347ca9537fe5982196.jpg,1
train,T_12_20190607_080302_jpg.rf.57bc394a422d54454cec44f347192eed.jpg,1
train,T_12_20190607_080302_jpg.rf.82bd62b841247f85b2130a88f8e7f1e6.jpg,1
train,T_12_20190607_080302_jpg.rf.a5a360794707ff6b94fd65775ac4c1a7.jpg,1
train,T_13_20190607_081201_jpg.rf.170260fe5075d3d807f4e81134aceb34.jpg,1
train,T_13_20190607_081201_jpg.rf.590625bfe4bec369aac5bf20d15cd74a.jpg,1
train,T_13_20190607_081201_jpg.rf.f1792093d0346d515fba63d1da0e28e5.jpg,1
train,T_14_20190607_083121_jpg.rf.153937f46fe199c7b05fd792fd201325.jpg,1
train,T_14_20190607_083121_jpg.rf.69c8195a6c99c684fb8a2f593fbff3d3.jpg,1
train,T_14_20190607_083121_jpg.rf.6c6f4db074a24ca46a41c0c15e920824.jpg,1
train,T_14_20190607_083121_jpg.rf.8064e28a513e5229ca6bfd129e9c3e3b.jpg,1
train,T_14_20190607_083121_jpg.rf.82d2f31b8bd3c8550f0af1d4b60118c8.jpg,1
train,T_14_20190607_083121_jpg.rf.8da6af5708bde23629b50567ec301a90.jpg,1
train,T_15_20190608_075438_jpg.rf.00b0749c47ba452610698b70cc27a615.jpg,1
train,T_15_20190608_075438_jpg.rf.159b72a16036fba4fabd548bcc443c60.jpg,1
train,T_15_20190608_075438_jpg.rf.54f8bb06d8e24acacf0f3b3a3cbf0901.jpg,1
train,T_15_20190608_075438_jpg.rf.5a1417e67178b48a23a9ab41b3506f11.jpg,1
train,T_15_20190608_075438_jpg.rf.76405f06d86f1f1bd23c8b0a55f545fd.jpg,1
train,T_15_20190608_075438_jpg.rf.8fa3fe755ef3ce06dc60ee0d52d1393d.jpg,1
train,T_15_20190608_075438_jpg.rf.a697c2f298a96c816006ce89bfcd3967.jpg,1
train,T_15_20190608_075438_jpg.rf.de08f3327fa66b6f6dd07b92422be8bf.jpg,1
train,T_15_20190608_075438_jpg.rf.e80e62ba6a50455e3e6b42fba97728ab.jpg,1
train,T_16_20190608_075548_jpg.rf.24256f1f3406ba781cf93738a663b58c.jpg,1
train,T_16_20190608_075548_jpg.rf.7b018518aff11e5d5b56e376fd2b4f4b.jpg,1
train,T_16_20190608_075548_jpg.rf.d9baea2b1e60b432f25f86067ec9697e.jpg,1
train,T_17_20190608_080434_jpg.rf.737772fe36d9c15cf9c4707e99a0c086.jpg,1
train,T_17_20190608_080434_jpg.rf.75d490d3477937b62b5ad5de5e9dc1eb.jpg,1
train,T_17_20190608_080434_jpg.rf.be0535738f2cb09d74c07311252069d4.jpg,1
train,T_17_20190608_080434_jpg.rf.cf14119f00cbe4ea48c39269a93df382.jpg,1
train,T_17_20190608_080434_jpg.rf.e184995e1b92b0abd504b34fb289e23c.jpg,1
train,T_17_20190608_080434_jpg.rf.eee8ea7dc893e6ca9bf4348d81b7bcc5.jpg,1
train,T_17_20190608_080434_jpg.rf.ef14946b690b8e4bfb84256737d1335e.jpg,1
train,T_17_20190608_080434_jpg.rf.f4a5f6c7c7788a1aed5ba6bc5b92f379.jpg,1
train,T_17_20190608_080434_jpg.rf.ff5061ce52e47cbe8db0de7173286af6.jpg,1
train,T_18_20190608_081326_jpg.rf.0350ce01248f3147562f68f94a36913b.jpg,1
train,T_18_20190608_081326_jpg.rf.731e5c5ffb96913f787c695470c27274.jpg,1
train,T_18_20190608_081326_jpg.rf.b6e35752085a0c1999abf64eee395ac0.jpg,1
train,T_19_20190608_081908_jpg.rf.00a801c5e743f9d7e1fe88d7eff026fe.jpg,1
train,T_19_20190608_081908_jpg.rf.5b3dc812d093f1470f3af6954a5a5888.jpg,1
train,T_19_20190608_081908_jpg.rf.ec67e0a25c5797c90178aa16507137bf.jpg,1
train,T_20_20190608_082624_jpg.rf.1a67c86b6a5b67dba9703dc15cba9694.jpg,1
train,T_20_20190608_082624_jpg.rf.eaf3776cf29c6e9e90f36a9e7a9acd1c.jpg,1
train,T_20_20190608_082624_jpg.rf.f54ed38be5bfb34d2683bc105f5b976b.jpg,1
train,T_22_20190608_084856_jpg.rf.303726b7729895cb1f7c2c61e5b03fc4.jpg,1
train,T_22_20190608_084856_jpg.rf.a5b01c09047d92362665d15747ec3ff6.jpg,1
train,T_22_20190608_084856_jpg.rf.cf0f5374ee8633b8caa5e162a68d0bcb.jpg,1
train,T_22_20190608_084856_jpg.rf.d8b6334d124bf0a0a1fabe3146fbf0df.jpg,1
train,T_22_20190608_084856_jpg.rf.dad3b454cf441d13a1f9d181a3d1b3ec.jpg,1
train,T_22_20190608_084856_jpg.rf.e8e873e60e057da94fc2de54e747ef8c.jpg,1
train,T_23_20190608_090427_jpg.rf.10c81d88433efd4cbd40854d4b904b34.jpg,1
train,T_23_20190608_090427_jpg.rf.12c904625881147a10385d6dba7d3fc6.jpg,1
train,T_23_20190608_090427_jpg.rf.2d8ea519d861266414a41316160d66f1.jpg,1
train,T_23_20190608_090427_jpg.rf.452ebbbae8b1b30883da132329fb9fcb.jpg,1
train,T_23_20190608_090427_jpg.rf.7e9729cefb9438b26d4e0af8154c1cac.jpg,1
train,T_23_20190608_090427_jpg.rf.cbfedd93028c21f87488a31033a53edd.jpg,1
train,T_24_20190608_091157_jpg.rf.34781eb1d5b37457f71370860a1e8ab5.jpg,1
train,T_24_20190608_091157_jpg.rf.3994ea0b16a96391b8db966d853b8121.jpg,1
train,T_24_20190608_091157_jpg.rf.7d3d05ccfbcd75bc5f07b5cb7fa7163a.jpg,1
train,T_24_20190608_091157_jpg.rf.8fe1ccad6224d03270a780707c5d671c.jpg,1
train,T_24_20190608_091157_jpg.rf.a1ed5d0d57736136eab19cf1a5efad41.jpg,1
train,T_24_20190608_091157_jpg.rf.a963912717b372ff61434f7025159d0f.jpg,1
train,T_24_20190608_091157_jpg.rf.bfa94e0b5d75210c2b73c3e89b9b7db1.jpg,1
train,T_24_20190608_091157_jpg.rf.c050d32b964e59d6232e54bd5df46249.jpg,1
train,T_25_20190608_092503_jpg.rf.23115f92d780a94a3116bd9d30c56e5d.jpg,1
train,T_25_20190608_092503_jpg.rf.28dad3429218da6d8237da0ea9669d0d.jpg,1
train,T_25_20190608_092503_jpg.rf.e64289ef2c96ddb00a3e7e5bbbd0ddd7.jpg,1
train,T_27_20190608_100451_jpg.rf.872af632ba51d62a3ac459a7e2dabbbb.jpg,1
train,T_27_20190608_100451_jpg.rf.8f88624df99a5367067270bbc824048c.jpg,1
train,T_27_20190608_100451_jpg.rf.ff0bc9492ee4f335a9da64ccd718da1b.jpg,1
train,T_29_20190608_110432_jpg.rf.1cc4c46f90e105315c48edf44cd03be7.jpg,1
train,T_29_20190608_110432_jpg.rf.1f1eeb64925113dd509f6d345fdffca4.jpg,1
train,T_29_20190608_110432_jpg.rf.6340ca8e19020187bd0ad9337330f8b2.jpg,1
train,T_2_20190606_093707_jpg.rf.335060cc24f79e931979482005f541a0.jpg,1
train,T_2_20190606_093707_jpg.rf.501c39d63a0847088d1b7e935fdea6df.jpg,1
train,T_2_20190606_093707_jpg.rf.93abcef1c99acffc90b383bcf800738d.jpg,1
train,T_30_20190608_113211_jpg.rf.1ffc3a42a626805e7f47f0737da2d777.jpg,1
train,T_30_20190608_113211_jpg.rf.79b476364a4cab7c833afbed6cffe921.jpg,1
train,T_30_20190608_113211_jpg.rf.9c81e298b67ce83d0d65bfe82e0f2e53.jpg,1
train,T_30_20190608_113211_jpg.rf.a33cc6bdd64a8748da3e7aca7066929d.jpg,1
train,T_30_20190608_113211_jpg.rf.c24df1b0cc8b80c529240cd0e819d83e.jpg,1
train,T_30_20190608_113211_jpg.rf.e89b577fc2fa5ffc3039dd23046ce443.jpg,1
train,T_31_20190608_113406_jpg.rf.91344cc38b20004eb2e8cbb874175aea.jpg,1
train,T_31_20190608_113406_jpg.rf.a89cda70425785c87673361cfad20285.jpg,1
train,T_31_20190608_113406_jpg.rf.e0378f660a06cc348a255fa43892e514.jpg,1
train,T_32_20190610_075738_jpg.rf.19174e33a438a7f7e89635c4cfca1465.jpg,1
train,T_32_20190610_075738_jpg.rf.1ecd934cdca00b7bd69e8f9f0e008098.jpg,1
train,T_32_20190610_075738_jpg.rf.4cfcc23c8bda9644aad4fd049e4a0713.jpg,1
train,T_32_20190610_075738_jpg.rf.50a34a5d8074dbd02fee8e88b4053c83.jpg,1
train,T_32_20190610_075738_jpg.rf.8d0d89371690e3fa1ed644777f5887df.jpg,1
train,T_32_20190610_075738_jpg.rf.b90728121d2bf40cbe564a3a92aceffe.jpg,1
train,T_32_20190610_075738_jpg.rf.d55b3d9e5987b4337f6aaff1a1302137.jpg,1
train,T_32_20190610_075738_jpg.rf.e5cc6f4aeb4c05eadce623478440f893.jpg,1
train,T_32_20190610_075738_jpg.rf.eb9acb5e11eba38bab551921835ba5df.jpg,1
train,T_35_20190610_084118_jpg.rf.1c2da0dda4ad5db3d4b6863e4f86dcc6.jpg,1
train,T_35_20190610_084118_jpg.rf.d044135de35932ec42d595acc96d2a37.jpg,1
train,T_35_20190610_084118_jpg.rf.f2315d20d1346656277593bec9f3b389.jpg,1
train,T_37_20190610_085835_jpg.rf.0687264c9cc0afdabe0f3d76a784d43a.jpg,1
train,T_37_20190610_085835_jpg.rf.5eed56bbf65468261df6cd7be9b79a61.jpg,1
train,T_37_20190610_085835_jpg.rf.8a855d06dc425fa17ea22b3b1f12fa7d.jpg,1
train,T_37_20190610_085835_jpg.rf.959d92b54f4544e81f2ce6a2868e6527.jpg,1
train,T_37_20190610_085835_jpg.rf.bcea3edb0327722668c2a8e76a7a7a00.jpg,1
train,T_37_20190610_085835_jpg.rf.e888441f90562b6ce1860c5da2490458.jpg,1
train,T_37_20190610_085835_jpg.rf.f1ae5102af87ca5da4611b52a89d1353.jpg,1
train,T_37_20190610_085835_jpg.rf.f26c2f3bd03082fe52e59b2c3795d7c6.jpg,1
train,T_37_20190610_085835_jpg.rf.f56ec4a1d70c8ec2ba9d6fcb2485a514.jpg,1
train,T_38_20190611_075450_jpg.rf.3fbb30fcbfec615532b66c23ba2562f3.jpg,1
train,T_38_20190611_075450_jpg.rf.a40654cf6c092b13ebbad348681d73cc.jpg,1
train,T_38_20190611_075450_jpg.rf.ecfffbc1c54fd5abc37ec47151f8cef2.jpg,1
train,T_40_20190611_080529_jpg.rf.962d49159b05a4b0c59b127a6aa7052c.jpg,1
train,T_40_20190611_080529_jpg.rf.ab3b68d6ee8fbed94051e2e906cfc78a.jpg,1
train,T_41_20190611_082501_jpg.rf.27db570ec0bcdbe7336286cb20b1971d.jpg,1
train,T_41_20190611_082501_jpg.rf.7e888787b8186f61e9c610ab82778cba.jpg,1
train,T_41_20190611_082501_jpg.rf.979c4a99da12fcc8c486fde30e80827a.jpg,1
train,T_41_20190611_082501_jpg.rf.a6947acd39fe74452b5e21ed44b49fc1.jpg,1
train,T_41_20190611_082501_jpg.rf.bc3f13c959888341f605dc913b7a6ad6.jpg,1
train,T_41_20190611_082501_jpg.rf.fdb1603c8555f870701d1f8e4f46c826.jpg,1
train,T_42_20190611_082701_jpg.rf.705da5023dcd7879600266f0e246bb89.jpg,1
train,T_42_20190611_082701_jpg.rf.710ecf92791018caf1b767c29ce38ed6.jpg,1
train,T_42_20190611_082701_jpg.rf.760bf10367e9bf9f3d18100763d4471e.jpg,1
train,T_42_20190611_082701_jpg.rf.93815f19828c126da48c25e853da3c25.jpg,1
train,T_42_20190611_082701_jpg.rf.b65fb4e0f0176aab722c28b6ad794042.jpg,1
train,T_42_20190611_082701_jpg.rf.b6a41fde7fe604c71fd8fb63b2a8e5a3.jpg,1
train,T_43_20190611_083341_jpg.rf.2a1a8ab303dc307d06c21c97120c2290.jpg,1
train,T_43_20190611_083341_jpg.rf.2ffe914f0a462fbf9b8ccb2382a9b094.jpg,1
train,T_43_20190611_083341_jpg.rf.5a55f14a25f766131a45aa4f9f580a49.jpg,1
train,T_44_20190611_083543_jpg.rf.5dcdfae2103b198108548930b8097a77.jpg,1
train,T_44_20190611_083543_jpg.rf.7cc6c74b920bffb1e7292416d7359eb1.jpg,1
train,T_44_20190611_083543_jpg.rf.81757441061e8c73c5d868b3e820fe97.jpg,1
train,T_46_20190611_091248_jpg.rf.34e0af45c2856f439cdcfed0132c17df.jpg,1
train,T_46_20190611_091248_jpg.rf.4342a2d6cc6e9af851a28165d3418c7e.jpg,1
train,T_46_20190611_091248_jpg.rf.52e4f1781f08c3c5543c1979e866eb53.jpg,1
train,T_46_20190611_091248_jpg.rf.aa788192d68aefc788b4dcb267339054.jpg,1
train,T_46_20190611_091248_jpg.rf.ddcf510f66084174e41f3c233802dc5e.jpg,1
train,T_46_20190611_091248_jpg.rf.ebc90b414b7924369e700266c70fc225.jpg,1
train,T_47_20190611_094951_jpg.rf.292ca3c6430fd3e8fa218e62df65fc3b.jpg,1
train,T_47_20190611_094951_jpg.rf.4764d131b94b24a12b690aab44549076.jpg,1
train,T_47_20190611_094951_jpg.rf.991333d5f674623da921674095e73ec7.jpg,1
train,T_47_20190611_094951_jpg.rf.a540905d16fa4b05cdaf6f7aa4332548.jpg,1
train,T_47_20190611_094951_jpg.rf.d582a5716d0a589835d174847e90e6df.jpg,1
train,T_47_20190611_094951_jpg.rf.e51fcbf9e6a2d8e22ec1898db2047929.jpg,1
train,T_48_20190611_095442_jpg.rf.63c8542e98695791b7c6cc047ae506b6.jpg,1
train,T_48_20190611_095442_jpg.rf.b51fb5beaa6e147bb0cb63261d56dd95.jpg,1
train,T_48_20190611_095442_jpg.rf.e1d93533761cfd9b1c599d1ed5fad2b6.jpg,1
train,T_49_20190611_095655_jpg.rf.0cc1040780e0e088992411bd4eaa955f.jpg,1
train,T_49_20190611_095655_jpg.rf.3855c343c01c7aac5abf7966de1d4adb.jpg,1
train,T_49_20190611_095655_jpg.rf.3bf3f95c9d8997e8f0bbe12ff5aabd86.jpg,1
train,T_49_20190611_095655_jpg.rf.56ec3d5ec197fe55dad12c387928ff5a.jpg,1
train,T_49_20190611_095655_jpg.rf.6b99026ea959113640df090b1de3e131.jpg,1
train,T_49_20190611_095655_jpg.rf.75ed7ad26f74ac6c067d70fcc5a6903a.jpg,1
train,T_49_20190611_095655_jpg.rf.b13bdf78d9fe1f4e44ad395968395e21.jpg,1
train,T_49_20190611_095655_jpg.rf.bc2054dda1f70c7b4f95fc542ca72de2.jpg,1
train,T_49_20190611_095655_jpg.rf.d569389154f27f78f9ad1bb1e885ac78.jpg,1
train,T_4_20190606_095326_jpg.rf.00235588feac58cfa7134d30bea0ed5a.jpg,1
train,T_4_20190606_095326_jpg.rf.b8b441a6a57b95ff485e98884c9e57a9.jpg,1
train,T_50_20190612_080012_jpg.rf.63c1d69fa4301eef61f73164ec46f014.jpg,1
train,T_50_20190612_080012_jpg.rf.8dbab25b2fd95953d7f2bb318ac8edc4.jpg,1
train,T_50_20190612_080012_jpg.rf.a2796dbfb9a154d52f74bd23386cadfb.jpg,1
train,T_51_20190612_080714_jpg.rf.329378a60593c50c2927c48eaca159c5.jpg,1
train,T_51_20190612_080714_jpg.rf.4283dfdf89527805300da73549e14e4a.jpg,1
train,T_51_20190612_080714_jpg.rf.51c21d59f8608a7573b372a8ed23bc71.jpg,1
train,T_51_20190612_080714_jpg.rf.9c90cffb3593ee9e6489e3a88f372658.jpg,1
train,T_51_20190612_080714_jpg.rf.cc8da33813025b56d6195e8d1d2a9a85.jpg,1
train,T_52_20190612_081110_jpg.rf.02fee90bf39d24944ded483eb03905c0.jpg,1
train,T_52_20190612_081110_jpg.rf.08011530beaa1edba76ec9abcdf968f7.jpg,1
train,T_52_20190612_081110_jpg.rf.0f93097b5776ad6f4d2963594cc66a2f.jpg,1
train,T_52_20190612_081110_jpg.rf.178e5fc2407a904218c27e271a16442d.jpg,1
train,T_52_20190612_081110_jpg.rf.768675e49c377c2a3c187a8120a3dd94.jpg,1
train,T_52_20190612_081110_jpg.rf.956c486962c5015344d01037daf765f6.jpg,1
train,T_54_20190612_081705_jpg.rf.2ba9f70ee51b33abba9fbe0e4a8ea054.jpg,1
train,T_54_20190612_081705_jpg.rf.659f6e537c217839c35cccdf0276318b.jpg,1
train,T_54_20190612_081705_jpg.rf.9bf71462cb0d09e830a1caabc64dcb43.jpg,1
train,T_54_20190612_081705_jpg.rf.c3e109d1ee2d2217c0ea9ec85be1fee3.jpg,1
train,T_54_20190612_081705_jpg.rf.ca88754c8d431e7f306172951db462b9.jpg,1
train,T_54_20190612_081705_jpg.rf.f782fb5ead177520a8ca5cdf5240e980.jpg,1
train,T_55_20190612_082104_jpg.rf.046dca070599401f544665e2635977fe.jpg,1
train,T_55_20190612_082104_jpg.rf.1e0d3167a8ea3b07f770d11b608f46a4.jpg,1
train,T_55_20190612_082104_jpg.rf.20ae470eda49026f9304905aa1ccde38.jpg,1
train,T_55_20190612_082104_jpg.rf.3b3db9c8b54186224bb9d0c36ae66720.jpg,1
train,T_55_20190612_082104_jpg.rf.3fdc9be3dd36e064acf3d709f231b5d6.jpg,1
train,T_55_20190612_082104_jpg.rf.d4ed4797f15e47228a99ca68ba472bf8.jpg,1
train,T_57_20190612_085736_jpg.rf.4c5ab09cdd781a6e27919482e8d42aba.jpg,1
train,T_57_20190612_085736_jpg.rf.662b43f8f5ffdd5f654bad856b7976a9.jpg,1
train,T_57_20190612_085736_jpg.rf.78a2c077ea63ddac8224353bbf8b3464.jpg,1
train,T_57_20190612_085736_jpg.rf.972e1d59ad6a52ee48e4cb7d45fb53aa.jpg,1
train,T_57_20190612_085736_jpg.rf.c8652b4ea88e4cb0730ce6a9856f69b2.jpg,1
train,T_57_20190612_085736_jpg.rf.e6889548c8164dd690155edf0b8a8c14.jpg,1
train,T_58_20190612_090128_jpg.rf.156841d69c001259955a1128b5d2b7fc.jpg,1
train,T_58_20190612_090128_jpg.rf.38d69f1d9ad40f3689bd62ebac9789cd.jpg,1
train,T_58_20190612_090128_jpg.rf.a59d4d3290f87d121cdf306e8b4a6e8b.jpg,1
train,T_59_20190612_090635_jpg.rf.4fbbb7a425fd258616c8cfc2a994275a.jpg,1
train,T_59_20190612_090635_jpg.rf.83b48f79ac993894e58c4351f326ea50.jpg,1
train,T_59_20190612_090635_jpg.rf.f14385e703a81cf2d488a2d66a4a1f34.jpg,1
train,T_60_20190612_091032_jpg.rf.25a052c35f6dbe5fec0615a32a2ed05c.jpg,1
train,T_60_20190612_091032_jpg.rf.4dd23d56dc32a798e6df7e4939f51466.jpg,1
train,T_60_20190612_091032_jpg.rf.53382e5959c94a5036a09df165174dec.jpg,1
train,T_60_20190612_091032_jpg.rf.b6755fa6f2f80ce845f1d91b37e3f1f4.jpg,1
train,T_60_20190612_091032_jpg.rf.b8226e7e3c1491f53fa5c589396c9358.jpg,1
train,T_60_20190612_091032_jpg.rf.d27c0c5bad20bcc0aa82761408b9425a.jpg,1
train,T_62_20190612_091625_jpg.rf.55ba7fecc54e5719078ef939af9e198e.jpg,1
train,T_62_20190612_091625_jpg.rf.7bbb40b6b35ee2dad00f8d2ed718f26a.jpg,1
train,T_62_20190612_091625_jpg.rf.e2f9be78abb838dcfd747921696902f1.jpg,1
train,T_64_20190612_092742_jpg.rf.16d6a40d1261b660f74b3f9f9a9cfcab.jpg,1
train,T_64_20190612_092742_jpg.rf.1a1657334cd30905e5528058a3a6e207.jpg,1
train,T_64_20190612_092742_jpg.rf.548d8dac2da05a91a5ef228df792cca8.jpg,1
train,T_64_20190612_092742_jpg.rf.9747868f1ed4bc86665cb3916365e888.jpg,1
train,T_64_20190612_092742_jpg.rf.a2b365bab24167559c71103885be9a77.jpg,1
train,T_64_20190612_092742_jpg.rf.f6aafb6886998518b31b2dcf407f4794.jpg,1
train,T_65_20190613_075213_jpg.rf.03280f07146c01935fa1b07368eda0be.jpg,1
train,T_65_20190613_075213_jpg.rf.0595282c23e1595b893683470a9b62a3.jpg,1
train,T_65_20190613_075213_jpg.rf.097bc273a74af4e3c5df0309d0ff5361.jpg,1
train,T_65_20190613_075213_jpg.rf.3c9ca049cbfd886e6828519ebca53516.jpg,1
train,T_65_20190613_075213_jpg.rf.732015e72861743c33f97180ceca2082.jpg,1
train,T_65_20190613_075213_jpg.rf.be6faf99b9a7e4ab02d86f058497b4b4.jpg,1
train,T_65_20190613_075213_jpg.rf.d026ac778e76ac0e34f1de7c81271a5b.jpg,1
train,T_65_20190613_075213_jpg.rf.d3ce5828f4d335946df70c3a3d72b4a8.jpg,1
train,T_66_20190613_075959_jpg.rf.69afb3fd6016ba34de16bdddb1ed3936.jpg,1
train,T_66_20190613_075959_jpg.rf.6cb516bae8799e0b7d91de0433b6f35f.jpg,1
train,T_66_20190613_075959_jpg.rf.7f7d1cf11ea02cc1ec3bffd727314804.jpg,1
train,T_66_20190613_075959_jpg.rf.ca3b850379662cbafd5137a5f3a582fa.jpg,1
train,T_66_20190613_075959_jpg.rf.d4340237a5feeac30d1cdc6d512eca6e.jpg,1
train,T_66_20190613_075959_jpg.rf.db2c114a687eb86e421f2a44d45eea9c.jpg,1
train,T_69_20190613_081445_jpg.rf.25e14e9f6b5669e4571cc2c48c32c0e7.jpg,1
train,T_69_20190613_081445_jpg.rf.66618fc1d13c9fb1b3cbf9417e1d8642.jpg,1
train,T_69_20190613_081445_jpg.rf.7e5e9dd12f25f007de78b0af5cb49d29.jpg,1
train,T_69_20190613_081445_jpg.rf.ab845977efcccc91e23177a5aa4f1d41.jpg,1
train,T_69_20190613_081445_jpg.rf.c54f6d926b069b29fbe1094e7ecdda8d.jpg,1
train,T_69_20190613_081445_jpg.rf.ceb27c21721d68600f71c3fce4f880e0.jpg,1
train,T_6_20190607_074640_jpg.rf.2239e28d13dfd7b88164d346bd0ada39.jpg,1
train,T_6_20190607_074640_jpg.rf.2497b3af1b013242fd6cd4b16440f166.jpg,1
train,T_6_20190607_074640_jpg.rf.4f010307274129ece94e81e71e0c502e.jpg,1
train,T_6_20190607_074640_jpg.rf.74110a9f69757dcdfa399f58bd2b8d44.jpg,1
train,T_6_20190607_074640_jpg.rf.8564b99c6ef14d5237ca754cb87dc4eb.jpg,1
train,T_6_20190607_074640_jpg.rf.c969ae675e34dea10c4bbeaef1e5673d.jpg,1
train,T_70_20190613_081811_jpg.rf.4ae438bed1c45765d04057d45a49e7b7.jpg,1
train,T_70_20190613_081811_jpg.rf.93fa4b5249b52bedd21ec2991df57f4b.jpg,1
train,T_70_20190613_081811_jpg.rf.b0543e13424b27127412b1215b9c9a7b.jpg,1
train,T_71_20190613_083200_jpg.rf.0b592eab79edf69bdf1abbb7598ebc0b.jpg,1
train,T_71_20190613_083200_jpg.rf.1946d44fc347bbbab18d409e606802e5.jpg,1
train,T_71_20190613_083200_jpg.rf.2e240a843b46eaa294d6575b951be522.jpg,1
train,T_71_20190613_083200_jpg.rf.8f762cdd614814b9428d4194b120a631.jpg,1
train,T_71_20190613_083200_jpg.rf.be93f3f6ba2d99eda9e9f54fcb2a4da7.jpg,1
train,T_71_20190613_083200_jpg.rf.ea5aea6a75bfaad057a2b771585ba30a.jpg,1
train,T_72_20190613_083940_jpg.rf.0523f01edf1ac22ec1e17875eb945c25.jpg,1
train,T_72_20190613_083940_jpg.rf.37ccc3b85cd793998b002dd7ce88c13a.jpg,1
train,T_72_20190613_083940_jpg.rf.a46a285bf451a58079570399145ac667.jpg,1
train,T_72_20190613_083940_jpg.rf.a5a0523d535fdec13ebae251c9e37dfe.jpg,1
train,T_72_20190613_083940_jpg.rf.b239e47962f9d4cc9d283282725c9768.jpg,1
train,T_72_20190613_083940_jpg.rf.d902d2def5dfa9b40deb0bb7bb138bc8.jpg,1
train,T_73_20190613_084628_jpg.rf.62b984738f9e290e05dabe0dd5a40188.jpg,1
train,T_73_20190613_084628_jpg.rf.670afae156b0eef7ee01dde90d82b63e.jpg,1
train,T_73_20190613_084628_jpg.rf.691f4e1fc751d40665024d333691abf2.jpg,1
train,T_73_20190613_084628_jpg.rf.7e713a5a7cff2951ced5e9d91b619eda.jpg,1
train,T_73_20190613_084628_jpg.rf.8db6c5c996dc83690a8336074e0e7b04.jpg,1
train,T_73_20190613_084628_jpg.rf.a41a1c9ff9f94daee28865a024affd80.jpg,1
train,T_73_20190613_084628_jpg.rf.b5e5d13214df827a7f0729f09c6863c7.jpg,1
train,T_73_20190613_084628_jpg.rf.ce6358e6d1d6026216f410ff3afcc28a.jpg,1
train,T_73_20190613_084628_jpg.rf.db128b8b00513466cd72081799312af9.jpg,1
train,T_75_20190613_092335_jpg.rf.31cbb4655027b591be1e03034f97a39f.jpg,1
train,T_75_20190613_092335_jpg.rf.4514082661f71f8aef02e544d9a915b9.jpg,1
train,T_75_20190613_092335_jpg.rf.4970fbdabdb9efc99b482441a6f2135a.jpg,1
train,T_75_20190613_092335_jpg.rf.622dab9df24113c69f283de1f8694fa8.jpg,1
train,T_75_20190613_092335_jpg.rf.934961c2b2501af39351c10a80d3e4df.jpg,1
train,T_75_20190613_092335_jpg.rf.a4b35c6b30f8855dfd99ea4d5440cc93.jpg,1
train,T_75_20190613_092335_jpg.rf.c6b80b7d477faf48ace675f6f79ea478.jpg,1
train,T_75_20190613_092335_jpg.rf.d63a49d7ea999e04a44fa8864119f26d.jpg,1
train,T_75_20190613_092335_jpg.rf.ec107c06c2c5e4bd93c30cadc921c902.jpg,1
train,T_76_20190613_093151_jpg.rf.973b45d48604767be6fc49aa18cfa1d6.jpg,1
train,T_76_20190613_093151_jpg.rf.d394615bcbe5c66d54f315b151b031fc.jpg,1
train,T_77_20190613_093815_jpg.rf.1d01a9ad357742518c19cc7804a1835b.jpg,1
train,T_77_20190613_093815_jpg.rf.46df9c64c79908cfb23da20494c9a6b0.jpg,1
train,T_77_20190613_093815_jpg.rf.5c089f6fffabd28ca26575b175d91b82.jpg,1
train,T_77_20190613_093815_jpg.rf.84eaaa572126028de188f660bacafa42.jpg,1
train,T_77_20190613_093815_jpg.rf.863285edfcc31a509e61379d95bf22c1.jpg,1
train,T_77_20190613_093815_jpg.rf.9e0e20674fa40ccabee4901c9e1def24.jpg,1
train,T_77_20190613_093815_jpg.rf.c5377f2e043768f54c43a43e64ac59a7.jpg,1
train,T_77_20190613_093815_jpg.rf.d2eb8fc46414cfe5f74e68e8a2a8117a.jpg,1
train,T_77_20190613_093815_jpg.rf.ffcc78f4e4e41c5f8b0c063c331fcc12.jpg,1
train,T_78_20190614_074753_jpg.rf.15ddaff8130521116151bb6f5ac610a7.jpg,1
train,T_78_20190614_074753_jpg.rf.33dd42a49dd552041e2b22633b47d534.jpg,1
train,T_78_20190614_074753_jpg.rf.cc3a9050f2857dbcb9a0cde2f34dbd0c.jpg,1
train,T_79_20190614_075002_jpg.rf.4e730add28f0f93a136dd68fb9262395.jpg,1
train,T_79_20190614_075002_jpg.rf.8f620b68be527a3711c9aaeff201cab1.jpg,1
train,T_79_20190614_075002_jpg.rf.9722525b1506fd21a3bd468e8a11c08c.jpg,1
train,T_79_20190614_075002_jpg.rf.a9be06003b32a07b8bb67a8dbbbc75c3.jpg,1
train,T_79_20190614_075002_jpg.rf.cd7d051e310e98bb3889ba9325c986da.jpg,1
train,T_79_20190614_075002_jpg.rf.df5ea607467b34ddb3507170d246f7aa.jpg,1
train,T_7_20190607_074759_jpg.rf.3d5aa0b9e8ae25046a89108ee7fa00d4.jpg,1
train,T_7_20190607_074759_jpg.rf.99c54b09ad637d129a705cfee5ac1a5c.jpg,1
train,T_7_20190607_074759_jpg.rf.fc26a7552fd43316dcd547eca5298be5.jpg,1
train,T_80_20190614_075052_jpg.rf.7b0dc3150da4891f0257ecc5a91cc898.jpg,1
train,T_80_20190614_075052_jpg.rf.a6f500d43d9f03b484e1562d58fdbbc2.jpg,1
train,T_80_20190614_075052_jpg.rf.c6314a0b67cfe4564f57d03b31302a69.jpg,1
train,T_81_20190614_075610_jpg.rf.0d5e52f69117f55ea395fd5f8d4e8377.jpg,1
train,T_81_20190614_075610_jpg.rf.6486e19917f005133044ca4e017406a4.jpg,1
train,T_81_20190614_075610_jpg.rf.d5e03f285c77c842ccbbf6f02b37de6f.jpg,1
train,T_84_20190614_080746_jpg.rf.3b38fc93c2697ab911fc592bc98fa40d.jpg,1
train,T_84_20190614_080746_jpg.rf.40b7e14fb936742d67ad772b10f4e109.jpg,1
train,T_84_20190614_080746_jpg.rf.48c8acb0e490bbd00fa94c9da7872ed3.jpg,1
train,T_84_20190614_080746_jpg.rf.5adf25c4ffa1bcfc32575a5e01e3fcc4.jpg,1
train,T_84_20190614_080746_jpg.rf.cbaf23ddda0df4495f6980e6600cee98.jpg,1
train,T_84_20190614_080746_jpg.rf.dc23aa9250295bd1e618141508592942.jpg,1
train,T_86_20190614_081710_jpg.rf.0896433eeda0f67341a60f468e758103.jpg,1
train,T_86_20190614_081710_jpg.rf.4cfc5dda8a7d87f0c363a8ecd4cd5b74.jpg,1
train,T_86_20190614_081710_jpg.rf.4f99787551a8053b2cf1c6751aca67bf.jpg,1
train,T_86_20190614_081710_jpg.rf.585cd1a99fcd2d9d8d9cff505e58269a.jpg,1
train,T_86_20190614_081710_jpg.rf.b6fef57995b8e38c02af182d41dd4a8a.jpg,1
train,T_86_20190614_081710_jpg.rf.c00fea1700b0a4e1cd608541362aec04.jpg,1
train,T_86_20190614_081710_jpg.rf.cbb53997759da917b3a00078ce60f5ce.jpg,1
train,T_86_20190614_081710_jpg.rf.d062b612e4194870c128b7a1cde34022.jpg,1
train,T_86_20190614_081710_jpg.rf.f36e1333a61a26f7783ff300567ee894.jpg,1
train,T_87_20190614_081929_jpg.rf.6d45404f94bf34740bfe853509978784.jpg,1
train,T_87_20190614_081929_jpg.rf.939a31599fa57243e2506b3700249025.jpg,1
train,T_87_20190614_081929_jpg.rf.ce246064b143b3afa4f7edec58dcaa12.jpg,1
train,T_88_20190614_082233_jpg.rf.07377210c7f11861613d07d8ee02d526.jpg,1
train,T_88_20190614_082233_jpg.rf.102cf570a19b0d32eec917ea95f0cd73.jpg,1
train,T_88_20190614_082233_jpg.rf.711d825b09b93012da4407d6c3dc848c.jpg,1
train,T_88_20190614_082233_jpg.rf.7213f7699f5f126320e4ec69541b3ec6.jpg,1
train,T_88_20190614_082233_jpg.rf.d9dbbd347d89d76a0becb5fd9ce8e9dd.jpg,1
train,T_88_20190614_082233_jpg.rf.e9fa46cfef1be28b4d56998ef65e3673.jpg,1
train,T_89_20190614_082828_jpg.rf.16256b4189b678200a79db586b0d7e9b.jpg,1
train,T_89_20190614_082828_jpg.rf.f46d014be2e7125a0901e141750010e0.jpg,1
train,T_89_20190614_082828_jpg.rf.f91c4af7397e511d3f2320997c10c0cd.jpg,1
train,T_8_20190607_075130_jpg.rf.12cb92b5da05e4c94f2b63f6312f320f.jpg,1
train,T_8_20190607_075130_jpg.rf.1368a5e370cb9a1cf20e192381c25536.jpg,1
train,T_8_20190607_075130_jpg.rf.3994728756040544857466a6fe7d5d6a.jpg,1
train,T_8_20190607_075130_jpg.rf.5d433f210fe5eeb605fad7ac33eb6221.jpg,1
train,T_8_20190607_075130_jpg.rf.6945ace0ccf6fb0fd79776d4ddec878c.jpg,1
train,T_8_20190607_075130_jpg.rf.8830ecfd28dc115d386741df8026e025.jpg,1
train,T_8_20190607_075130_jpg.rf.a7118f9f3567c76e88b79f2181096ff7.jpg,1
train,T_8_20190607_075130_jpg.rf.efaca8827bf2b01426d387faa1fd428a.jpg,1
train,T_90_20190614_083843_jpg.rf.2936004d4b2a857ddc2137703b888ad7.jpg,1
train,T_90_20190614_083843_jpg.rf.90d582f70580add8377c392b444caeef.jpg,1
train,T_90_20190614_083843_jpg.rf.f890969c2990bbcaa288493bb93ce18b.jpg,1
train,T_91_20190614_085732_jpg.rf.35a4697fcfce5ca37bfe552fc1d8d468.jpg,1
train,T_91_20190614_085732_jpg.rf.47b0bf3adab851bcb410571c1a3ee3f9.jpg,1
train,T_91_20190614_085732_jpg.rf.4d4750feac97e636e8fe89a3d58dceef.jpg,1
train,T_91_20190614_085732_jpg.rf.5410ce24ce9c98ea643a8e0441d84383.jpg,1
train,T_91_20190614_085732_jpg.rf.580437b71825c5f7d4d213c5162a9275.jpg,1
train,T_91_20190614_085732_jpg.rf.8419db9e98f2896a53e9819a12c0f864.jpg,1
train,T_91_20190614_085732_jpg.rf.86505784d6d00ba8c42f48246caff2e6.jpg,1
train,T_91_20190614_085732_jpg.rf.9c4404853365f2e96305461bb10e1253.jpg,1
train,T_91_20190614_085732_jpg.rf.ea94d6e364f243acf51799586c26b289.jpg,1
train,T_92_20190614_090938_jpg.rf.04dac06627ed5e3c11135cea694fb7e3.jpg,1
train,T_92_20190614_090938_jpg.rf.1599b7969799fc8fec894a1e393c4538.jpg,1
train,T_92_20190614_090938_jpg.rf.2a092662138af0e0b5f194bc13c2c381.jpg,1
train,T_92_20190614_090938_jpg.rf.3a8c1d074b695460d09ff6d04039b9c4.jpg,1
train,T_92_20190614_090938_jpg.rf.5fdd6e69cacf89059385162648d7ec87.jpg,1
train,T_92_20190614_090938_jpg.rf.854cdbd0945ad00850be9eb870b3f4f9.jpg,1
train,T_92_20190614_090938_jpg.rf.9fb7a12ce28a2c7dd9690ff43aaa5e8f.jpg,1
train,T_92_20190614_090938_jpg.rf.f455745f2c6672c5b5aca89b93b66c3d.jpg,1
train,T_92_20190614_090938_jpg.rf.fadc2f633bed055183f0f4a0e2a18358.jpg,1
train,T_9_20190607_075803_jpg.rf.2c0a79939c3a5cb2caef65598d46c5ae.jpg,1
train,T_9_20190607_075803_jpg.rf.a82ee7d5d13cd9c5347649082f2e7fe6.jpg,1
train,T_9_20190607_075803_jpg.rf.cbc25dd3864ddcacb4646767d2384740.jpg,1
val,10_png.rf.cbe5422554a0704c42ff32e69365f435.jpg,1
val,11_jpg.rf.69d94eac09e0c40185169d11fc4b1f3c.jpg,1
val,138_png.rf.7ca5342b7c60444d273b0da3ade5e6c3.jpg,1
val,139_png.rf.7e4a61a8c893a5443dd35a30b33b3224.jpg,1
val,145_png.rf.c69ff30fbc1c8846b682aea1049ea4bf.jpg,1
val,14_png.rf.5d997a3275d84b45829b01420a3f0500.jpg,1
val,159_png.rf.cedec3b7d94c8efc41ce21ec19a7253f.jpg,1
val,17_jpg.rf.7f69b4e62f5ab635196b58d1089bc6f4.jpg,1
val,186_png.rf.1a12b9eb7fb1bab112d619b4809a7bde.jpg,1
val,18_jpg.rf.16a33553cdb8f8a0198dfb996d17b237.jpg,1
val,192_png.rf.8deb8c8040c580040946e2471e4142bb.jpg,1
val,1_jpg.rf.dcb817b9d6f28014be449b9b18a212ac.jpg,1
val,201_png.rf.6b1523157d3618568c19e0e5b9c4d448.jpg,1
val,20200118_164733_jpg.rf.0a091bee163a6db861919e6ecd104a82.jpg,1
val,20200118_164733_jpg.rf.3ba9d068a255ac12a7d660f44c77fe91.jpg,1
val,20200124_155418_jpg.rf.37e2b83f347f57f01c41060b92063eb4.jpg,1
val,20200124_202058_jpg.rf.43c3586c04b7f789abb5d8bd77f0cf12.jpg,1
val,20200131_205917_jpg.rf.4c2f921cae66ec9aaaaa29da0965004c.jpg,1
val,20200203_094523_jpg.rf.cee3f916956dc888ed99ee0be4fc3f40.jpg,1
val,20200204_160737_jpg.rf.9f97dd828cf2f5b4e64cba33d3c63a61.jpg,1
val,20200211_140525_jpg.rf.06284cb01cc00ccc8891d9e31e338db7.jpg,1
val,20200211_145200_jpg.rf.d5986f16e1d6038177d0a996a11e82e6.jpg,1
val,20200211_155237_jpg.rf.f0892aad974a4649e6976c29b083e59c.jpg,1
val,20200213_134128_jpg.rf.f046a1b673366a4ef5c22bb638a3660b.jpg,1
val,20200213_152136_jpg.rf.b7dec8d3b0f3452bfce5529ce28adb42.jpg,1
val,20200213_152924_jpg.rf.cd8ac1600af007b63a500ca14b448db9.jpg,1
val,20200213_153536_jpg.rf.096f8ee52a5fe5e9f6506cbd26c0e5bd.jpg,1
val,20200214_122915_jpg.rf.13cf5c8a1a90d94244ec48ed53336aab.jpg,1
val,20200214_134745_jpg.rf.6a8108133546b63cc3a7595e6e3cacf5.jpg,1
val,20200216_232931_jpg.rf.ed4d59901fc58f4278d13a6754c9fe07.jpg,1
val,20200217_141804_jpg.rf.8dd2ce45f60b7c4dedc5a3ea897935cc.jpg,1
val,20200217_141804_jpg.rf.9986c3b56d909488f5bb0eb0f0818847.jpg,1
val,20200217_141804_jpg.rf.f6591e8efb91be2c78042abb9a3364e3.jpg,1
val,20200217_152107_jpg.rf.a48a02a19f914d68dad0df287af35750.jpg,1
val,20200218_222325_jpg.rf.785cc266f882e2b14a2cb03afcbb4758.jpg,1
val,20200218_222325_jpg.rf.e93dd5b9d129889f771c6f448ebaf4b1.jpg,1
val,20200219_180148_jpg.rf.cbeba27caa4f9a4a7e95252b111ad85c.jpg,1
val,20200219_195511_jpg.rf.aaf41834059472717e58e6bba9f47c6c.jpg,1
val,20200219_201501_jpg.rf.47aef1910bdda9b03545dcda32db05fe.jpg,1
val,20200223_184734_jpg.rf.54fe2808ecedef6bfad08f0d915e9a5f.jpg,1
val,20200223_185602_jpg.rf.7fe2518bd32ca828614f6ff0d6d839a3.jpg,1
val,20200224_145301_jpg.rf.8b3b6b98e7b9872d81988ea68b25c27e.jpg,1
val,20200224_145301_jpg.rf.a47ec4fbdeec8c2bf00172ee55062d0c.jpg,1
val,20200224_150539_jpg.rf.fde5676dd5ae3f90ded1e8c45f92d300.jpg,1
val,20200224_180925_jpg.rf.dfba7cd41c77aff85c945fa43e41ff55.jpg,1
val,20200228_190130_jpg.rf.f0fe95821c5e660542b9cc652b66fa19.jpg,1
val,20200229_205012_jpg.rf.9ca3a3ab6b7dedb3c848e879cfd09264.jpg,1
val,20200302_223503_jpg.rf.f8135eeb629dc5b4555cf8287c43534e.jpg,1
val,20200302_224240_jpg.rf.bfcc69d429cabc17de1e57c1251c584a.jpg,1
val,20200302_231050_jpg.rf.07300147858099e77875fedc9d265eb9.jpg,1
val,20200318_130148_jpg.rf.a8c3271251b222cb21e3195ddf610447.jpg,1
val,208_png.rf.88e7d95b2689ab5abb9c5c608f5765dc.jpg,1
val,20_jpg.rf.03d162cae547b9677d755d0825ecf680.jpg,1
val,21_jpg.rf.f50c1f80c6efd1da851141917bff04de.jpg,1
val,21_png.rf.2f65ae73113bc6d4046a5d1625c21ae4.jpg,1
val,222_png.rf.0faef84464d4f245fd65c7ffa8370ae6.jpg,1
val,22_jpg.rf.aaaed5aa2c28b136a050e07618fffe28.jpg,1
val,269_png.rf.02fddc764544027515047fe4a727bfa2.jpg,1
val,27_jpg.rf.6b2e06fd5de3c6c82c56cacd73b8c806.jpg,1
val,288_png.rf.9580788b3407fe7c586807aea67e2ded.jpg,1
val,28_png.rf.c13b329136d7bfc99b1f5c1832b47ae0.jpg,1
val,291_png.rf.2ad255ef274e00e850d047596067f06c.jpg,1
val,29_png.rf.a5c63092412c94172df0491acfccbcb3.jpg,1
val,306_png.rf.165de09895ad465377d52c827622af43.jpg,1
val,318_png.rf.e1fbb297f4735f8c29e1bc40e1738797.jpg,1
val,31_jpg.rf.d7df3d182ebf3d0851c96fd41b3e6d9b.jpg,1
val,330_png.rf.d0a03f89a2f70eee99e3809c2b0facc7.jpg,1
val,339_png.rf.95be03752d938ee85439d58449f618db.jpg,1
val,342_png.rf.6f364cf7d875d6bd809f1dbebb1bf900.jpg,1
val,356_png.rf.2d03263187778029c310e249e1bab67d.jpg,1
val,386_png.rf.ba1bf8d574372a0891f60f0e65903317.jpg,1
val,389_png.rf.12b5509fb6200560417efb34a6266618.jpg,1
val,391_png.rf.bae911cb1ff3afaac2fa0a2f337ba0d6.jpg,1
val,409_png.rf.6ee5fb3065a1498f8c989e2d536c9d38.jpg,1
val,40_png.rf.eb803b0f8f4470e489f0b62ee31e18a9.jpg,1
val,422_png.rf.8a6c18cc349bfbe82171bd5c771312fa.jpg,1
val,424_png.rf.dd9b4279980843d124e8e86a2ecbe2dc.jpg,1
val,454_png.rf.f683c511dde6f631e968c3169c79eb9c.jpg,1
val,456_png.rf.e7dee959b2bbbfb19837eb514189171f.jpg,1
val,456_png.rf.f1872a9cef85f3efc916b156d604d254.jpg,1
val,475_png.rf.f202d1131c08edbef8eea32f481f979a.jpg,1
val,482_png.rf.127524ff075abb98da5db5155a0175ed.jpg,1
val,522_png.rf.39ef8d9d4671195b0621d15ef129393e.jpg,1
val,545_png.rf.0e5f9625cdd44e236be60ff76b6dadf7.jpg,1
val,59_png.rf.20af35424765a671c5d787c2bf7149dc.jpg,1
val,5_jpg.rf.25786d96b95e0a134ba00faa2a76b0a6.jpg,1
val,65_png.rf.e3a97870ce3528fb2044278bec004ef2.jpg,1
val,72_png.rf.567babb17cf7dd9429397e2cd9b19356.jpg,1
val,7_jpg.rf.72932d5b66f4acfd67b4be974fa2adbf.jpg,1
val,8_jpg.rf.44fb45ca2c49b635d8d01a19d253284f.jpg,1
val,T_12_20190607_080302_jpg.rf.7d86e3e10672ac12f49b75696cf9d019.jpg,1
val,T_14_20190607_083121_jpg.rf.5d35ae4cfedc5231ad1ed0dc99c2bb4a.jpg,1
val,T_20_20190608_082624_jpg.rf.2b18177f45428a837c3349af903ec558.jpg,1
val,T_24_20190608_091157_jpg.rf.3848a659c7abb9dbb1f28a6c35f72ba7.jpg,1
val,T_25_20190608_092503_jpg.rf.7dbbf3e2425e8ba2d72db7b3728d41aa.jpg,1
val,T_25_20190608_092503_jpg.rf.cf7ba67a7293d37ec22fdecfd6807ff1.jpg,1
val,T_27_20190608_100451_jpg.rf.5db8b7e7c909e51706d542adc4353de3.jpg,1
val,T_27_20190608_100451_jpg.rf.d7ec0094376e245135284de2bff0aa7c.jpg,1
val,T_30_20190608_113211_jpg.rf.a24c4273712a291c6d71eab534c68907.jpg,1
val,T_33_20190610_075938_jpg.rf.24693511386c1a71d872ab4e953a4dbb.jpg,1
val,T_34_20190610_083355_jpg.rf.9561f9a1fd3b17783d972f139a141328.jpg,1
val,T_36_20190610_084456_jpg.rf.438da1efaf185b6c9fa557fefd557f1b.jpg,1
val,T_38_20190611_075450_jpg.rf.3ff167780fce80d525ee12f048d25a11.jpg,1
val,T_40_20190611_080529_jpg.rf.741642c4518febe92a1dfe6c47211eaf.jpg,1
val,T_41_20190611_082501_jpg.rf.dec2d93c8adfeda885cf74c4021d0246.jpg,1
val,T_42_20190611_082701_jpg.rf.35c7aaa9265e3ab0c7da450adcc6425b.jpg,1
val,T_44_20190611_083543_jpg.rf.73ad1c601a2255a2a9cba5e8637246da.jpg,1
val,T_45_20190611_090821_jpg.rf.1e7e8502c647b6dfb69f4a06bb962d09.jpg,1
val,T_45_20190611_090821_jpg.rf.f636b4f978381f2d5a4627e2dcc934c1.jpg,1
val,T_46_20190611_091248_jpg.rf.045f3ebd55c4ec8cd0ddb7972b0c18a9.jpg,1
val,T_50_20190612_080012_jpg.rf.bc83ca596db511cc6be46d1c7e2b7784.jpg,1
val,T_50_20190612_080012_jpg.rf.e351a64a135f954e36cdc6c2f40e0548.jpg,1
val,T_51_20190612_080714_jpg.rf.c35a71be56eeab3b5731002e3bd4a344.jpg,1
val,T_54_20190612_081705_jpg.rf.a8fab571993ac01ebeb716cf08d4bb08.jpg,1
val,T_57_20190612_085736_jpg.rf.fecda9c9215a9823a47c7304305f40cb.jpg,1
val,T_5_20190607_074439_jpg.rf.259ecaf5199aaf00feb337f90adec02a.jpg,1
val,T_5_20190607_074439_jpg.rf.b5f4d8c1367664d7b9ab4f12feb9484c.jpg,1
val,T_61_20190612_091504_jpg.rf.d436c352f9d1f6fb7237c2438a36f297.jpg,1
val,T_63_20190612_092329_jpg.rf.6ef4656b96c4865f6d23755cd7507597.jpg,1
val,T_65_20190613_075213_jpg.rf.b4842356b2b313c2a50ccbf0a3d1465c.jpg,1
val,T_69_20190613_081445_jpg.rf.c8947ea3cd185e06a0fcc80cda3f1d2b.jpg,1
val,T_6_20190607_074640_jpg.rf.1d2e416a95e7f8e414e3b31f069191c7.jpg,1
val,T_72_20190613_083940_jpg.rf.4347cadd0b7246328539a8069a7feedc.jpg,1
val,T_78_20190614_074753_jpg.rf.a2bfb748a6b01908f6d0a9b586893805.jpg,1
val,T_7_20190607_074759_jpg.rf.f7f9f7720ab5c7ee5dd3dd33740a6330.jpg,1
val,T_81_20190614_075610_jpg.rf.9abf92e7e3fcddbbcece307147f7a4af.jpg,1
val,T_82_20190614_080327_jpg.rf.8ba36e3ca635975b7628f4f53061996a.jpg,1
val,T_82_20190614_080327_jpg.rf.ae288e5c3447222fce501701ea00e875.jpg,1
val,T_89_20190614_082828_jpg.rf.060721f52f81a7a07dab7f9a381f2727.jpg,1
val,T_8_20190607_075130_jpg.rf.041e7460b4e32b7a291bbb94208a590e.jpg,1
test,14_jpg.rf.e44fabf52a8743ceeec7781bcb74dc7e.jpg,1
test,163_png.rf.6e8abe4eba955c0a59c876ebbf593c69.jpg,1
test,181_png.rf.87f59a90ab48a9e2ecd9e79adc7f89f4.jpg,1
test,183_png.rf.43003f5499c0b733a9064ea23cd99bfa.jpg,1
test,190_png.rf.d84a5dfb965abf1051e0ec37ee8154da.jpg,1
test,20200124_155418_jpg.rf.8afcb5e2a2d9f52d1ac6baf4529279bf.jpg,1
test,20200124_160522_jpg.rf.fbbe329d813bc6cba09c8c5127a1f0ee.jpg,1
test,20200124_161452_jpg.rf.f4775d7ccf7d819128e3649e62fad677.jpg,1
test,20200203_091841_jpg.rf.b6349bf6b88fff0321dfb1bc99749805.jpg,1
test,20200209_132714_jpg.rf.8f80c97fa2c29455ff3a75cb0a959452.jpg,1
test,20200211_145200_jpg.rf.5c85182f4155c70cdfd23942503a30a2.jpg,1
test,20200213_120556_jpg.rf.3285b8e1e269e14555d178d5e8a1f404.jpg,1
test,20200213_154129_jpg.rf.425f6beb3fa43980e179aa8269001e28.jpg,1
test,20200213_155456_001_jpg.rf.2b3a3c214358246f8c515457a486c565.jpg,1
test,20200214_121836_jpg.rf.d8db1474765f91ae11b9ac4045be83d7.jpg,1
test,20200214_122915_jpg.rf.e8650915793c0c607472244c7c131bf8.jpg,1
test,20200216_210631_jpg.rf.5726da19d752dca31a6fa65538e82bf4.jpg,1
test,20200219_195511_jpg.rf.e81c1304faf57c8964be541728c45100.jpg,1
test,20200223_185602_jpg.rf.61446cace1a4fb1617667979971ab626.jpg,1
test,20200223_185602_jpg.rf.8abe2a59403c9b078ade1c65eb2663bc.jpg,1
test,20200223_191620_jpg.rf.13019ead913b1e7bc13e4d84684464b5.jpg,1
test,20200223_191620_jpg.rf.e09c6befe9a749c628142487ec0cdd96.jpg,1
test,20200224_145301_jpg.rf.fd10f9733738098f4f43e726bbc36767.jpg,1
test,20200224_151450_jpg.rf.37c40ba52b09beaa09dcaf98f4460b4a.jpg,1
test,20200224_154729_jpg.rf.7193943d32a2edbf2c29adbdf7db6a29.jpg,1
test,20200229_205012_jpg.rf.e5f4fd41be8426374ace547d694ff8d2.jpg,1
test,22_jpg.rf.525c49e137e58bd8041a1cb84f9897c4.jpg,1
test,234_png.rf.07c8a9054744f2aaffc212f8a8b5ca6c.jpg,1
test,234_png.rf.0ee78313e3d5673560f6cc3d57d0a46c.jpg,1
test,241_png.rf.d83ebb8c5dfc8c3a769c223e247b1a42.jpg,1
test,25_jpg.rf.f49141aedc2f94bb791bfdb814ec352e.jpg,1
test,271_png.rf.5e48e1100234086b8c7197ac8023b3af.jpg,1
test,290_png.rf.d5d65125d7a95e81b822cb2d2d78fda0.jpg,1
test,304_png.rf.c0fa190aae3a617c90f35f5d22bcc0e4.jpg,1
test,30_jpg.rf.c3b9b35c42735683781b79e07024f6e1.jpg,1
test,314_png.rf.eb600c8934d358847030250ac06c4298.jpg,1
test,318_png.rf.9f99cdd9a6b6d223d04792cc799e71bc.jpg,1
test,325_png.rf.ee03f65c31778e14733cf61c71f4ea72.jpg,1
test,344_png.rf.049775b483babb8f652f0d4b66f17aa9.jpg,1
test,346_png.rf.6e6d46cb923c3871805b0d5dc5d41240.jpg,1
test,354_png.rf.bf13fab27974392b88325ec40f934712.jpg,1
test,362_png.rf.9a465ebce6661f8ad7887454cc8b3c38.jpg,1
test,3_jpg.rf.4d0fae1fc11568802afaaa1a5589a93f.jpg,1
test,416_png.rf.9dac635e79aa0c0b397fe939b79f3239.jpg,1
test,425_png.rf.a09c2d50735cf5f321cbccc9b0b7c2fc.jpg,1
test,429_png.rf.88dce15ee3c58addb331a3d4dd5f6972.jpg,1
test,435_png.rf.c82cb15f7bcf92d122286dfc605107e5.jpg,1
test,436_png.rf.444a6a927b14d2d411ed8771ed051e12.jpg,1
test,498_png.rf.3fc99b87cb099e93c8dd0e9c05a0b8d5.jpg,1
test,504_png.rf.ae651942cefe41ced97561bff4fe74b9.jpg,1
test,69_png.rf.51d85a5332c08be96b1092853c81f685.jpg,1
test,96_png.rf.dce8ec0188cf3882be26e3ac1ca781b4.jpg,1
test,T_18_20190608_081326_jpg.rf.200b369a05f243a0b21d90edeed9aa03.jpg,1
test,T_18_20190608_081326_jpg.rf.e8ea3c04acca1e7e65512587d8f25c92.jpg,1
test,T_29_20190608_110432_jpg.rf.ad0a45d95ddcd51877a4022990346abe.jpg,1
test,T_31_20190608_113406_jpg.rf.13d36e88e5e5de31a86eef880cc1f681.jpg,1
test,T_38_20190611_075450_jpg.rf.9f73e0c8b082141aba371397f6f99829.jpg,1
test,T_47_20190611_094951_jpg.rf.245773b97e4a0fcab89f75f922c44c9c.jpg,1
test,T_4_20190606_095326_jpg.rf.f6428d17c3960f48d9c9517daf4b6be6.jpg,1
test,T_56_20190612_083151_jpg.rf.ae368b2f098c27ad4ce8413066faf9b5.jpg,1
test,T_60_20190612_091032_jpg.rf.c1b7d8448acb104f35a6a2595e4f6d74.jpg,1
test,T_64_20190612_092742_jpg.rf.e08a7c7e5da8aa5a96a9f92c89110c6e.jpg,1
test,T_70_20190613_081811_jpg.rf.0acee5554542a13c34765a32ca72e16d.jpg,1
test,T_71_20190613_083200_jpg.rf.7e10ed5543ab045ffb559a7a9cf9ded4.jpg,1
test,T_79_20190614_075002_jpg.rf.e8c86aa17657c6a4056ae105ef89a617.jpg,1
test,T_85_20190614_081338_jpg.rf.74c2141295fc00a2762d9a1f23923020.jpg,1
test,T_88_20190614_082233_jpg.rf.320f2c8770c32dbf3d1c15438bd2467a.jpg,1
test,T_90_20190614_083843_jpg.rf.e0c352bb48800c9b80698bb618464301.jpg,1
