phase,split,kind,relative_path,size_bytes,sha256
after,train,images,dataset_clean/train/images/100_png.rf.44205ffcbce3a23db90158d9e10637dd.jpg,356292,890c4849c131935966f6067d4e73ba427fb6baa876800fd9189984e0650ace68
after,train,images,dataset_clean/train/images/100_png.rf.ae3e3cb957d9f9af0da92000b4923617.jpg,357025,ab1c9f1f40241060233681af805e4ffeeb9c2e2573953e1970fa8c9b77ff1312
after,train,images,dataset_clean/train/images/100_png.rf.d2b173f66f996a04e9722da879c91aa2.jpg,356260,ceba0c4a444562eaa897ee0d19a373b9aff37438718d51556c52a0a2b583e50f
after,train,images,dataset_clean/train/images/101_png.rf.0a98b15e94e04b78cbe1336cab819ca9.jpg,259321,e827a66ce48e530fa9dd462ab05913d055ddcfa1bade6722913f8e7c2bc490db
after,train,images,dataset_clean/train/images/101_png.rf.c9494abd59f6581ee544d3437f740134.jpg,260701,1978d81aca0fb6f736ac6befc0b7aac62b11dd6c9fb67765a2e4af02373c6142
after,train,images,dataset_clean/train/images/101_png.rf.f34163f5e9157739d94a958ac6aeb0d8.jpg,259905,f7eca095955450c02b89d2ceffcbdb7c92b233684bbf32b62a948e9fd828bdef
after,train,images,dataset_clean/train/images/102_png.rf.2f06581cbd52f22fadc5113158c7d0da.jpg,309821,d0f940568b377cc371d6c4ae35752813fee42e3beb80ef90e8f23378b4de9a57
after,train,images,dataset_clean/train/images/102_png.rf.715503b50d19408be9d8513ad38327f9.jpg,309034,1a329a0b7c40001cd7a66c38beeae0607c93f49ffb63d88365f5071785821087
after,train,images,dataset_clean/train/images/102_png.rf.dc1315cb0db8542e93a8ab6f16e7f603.jpg,308724,513a54871cf7acdab41bab39f30c104d559bb7d9a108ae62db5c600a1a6730e8
after,train,images,dataset_clean/train/images/103_png.rf.0bf110810427204c70c71d887d2393e5.jpg,308449,aa4a78bdd2607c0db8fdc809ca481a4c2ba33afdce356ace3f4a8e2ac292cda3
after,train,images,dataset_clean/train/images/103_png.rf.4ee03846421f05e145684c3379e657f7.jpg,308430,464225b3655819fc5204f1eba7fc61b04c0930e6918e23d1f650111621a809f1
after,train,images,dataset_clean/train/images/106_png.rf.064fefba355be26be054010263ff3d07.jpg,306442,c2f858a52fc79b4576b89df8fb10929482ed7d27f3c438eb44cf75668fcf045c
after,train,images,dataset_clean/train/images/106_png.rf.54cb386242cb995b1c81b56d29e7e38f.jpg,305593,607963f40541d25a4a2059f1e5cd1883bfa4566081efb47e3641c6d48ef2e155
after,train,images,dataset_clean/train/images/106_png.rf.601ddb4cc416d8acb244cd5b618e73e8.jpg,307174,eff71ecfb8190ef6c685b398dd5c3fd29c3c5247476ea3fff6dd68c00d304734
after,train,images,dataset_clean/train/images/107_png.rf.1dfad04627cb742cc02dbd9967796b22.jpg,386614,d58269fcf131c486287f4959f687ca6a252e9ec35f9b860989debdc0ecf5c15e
after,train,images,dataset_clean/train/images/107_png.rf.28cd099155dfbe3dcc80922cb3b1f9eb.jpg,387355,f9ca95a9c2a6929cb85e1b5230399b285e19bf225d1757ea9bfb66d9cfabc126
after,train,images,dataset_clean/train/images/107_png.rf.733cd882fa039839f90209b7fa800f94.jpg,387317,92715147c75d99f58cc16941e59b12c3cef5cf83d2493bb5d1301cd0b1ff9aab
after,train,images,dataset_clean/train/images/108_png.rf.18dabe4f3d8c2c88f30d1ec8607b3b0a.jpg,360453,5015d73938732977dbbd5d1db4c4d9abae4949942acf7e3b3124c85ff9759d2d
after,train,images,dataset_clean/train/images/108_png.rf.a6633a716d10aa7b53c374e4ea1562e4.jpg,360687,9dd3603fc18af3402f91aefeaa880725fffd9385f024811cc8d4f47d628df9ef
after,train,images,dataset_clean/train/images/108_png.rf.ceaf41761f9fc0df4d5f5cac4ebcf161.jpg,360903,339fe1209863e3c0d4c827634597cf283483e177cc6dd980769da808a6b63a32
after,train,images,dataset_clean/train/images/109_png.rf.797b005c4b9680d0eaa926f15e5ca347.jpg,379239,79ec8e914f1ace2b8a01227865f1ca98e06cf871cb96dbdf3ba3a19aeb53281d
after,train,images,dataset_clean/train/images/109_png.rf.86456aca4577f28a58ef012cd0b19bca.jpg,378682,73046bc9a0360a7902742bd6c71da217944ef5a222e686a16ab0b4a018bad6b0
after,train,images,dataset_clean/train/images/109_png.rf.941274b1250b96d78349d214e3607dff.jpg,378319,ee83ea8b653bff4a7e8cff9998a1df40536e42725d0e6b36616f199d5f61c247
after,train,images,dataset_clean/train/images/10_jpg.rf.2a8a787a4fde422108bfb89599eedf78.jpg,17083,48af25d71bfd9e69b20e570d3a8f7df5b474c2a02de51bf23113f25c39406954
after,train,images,dataset_clean/train/images/10_jpg.rf.418f9a38a7ed5da52c7f2a424ebeafce.jpg,16458,857d0893308a647988ef96097cef313528c063eaf489deb4ebe52e252dcd94b0
after,train,images,dataset_clean/train/images/10_jpg.rf.5b10fd9f082969b3543cb4fb6cbec1ac.jpg,18177,a51f23cc44271a9d0f4523b105082f9e00d1e72d73ae165556e92181e177cac8
after,train,images,dataset_clean/train/images/10_jpg.rf.90140f9edbc50433ae35048cb293b18d.jpg,16280,ed5df125abd1a87bf3a9350f028865bc7ad75b5c7b219ea58329ed01e1c71f2c
after,train,images,dataset_clean/train/images/10_jpg.rf.9082ca1f5897d6550a993f85b6b81571.jpg,16794,56cc7f3d9205e41bd5dd60412e7b82ca18dfaadb3acdf58c8f1623d68899126f
after,train,images,dataset_clean/train/images/10_jpg.rf.f88dbd823cc24195d3b0d5e4c32c32f6.jpg,16623,55a0065a4e4e5c1f5c3acce6bd5fba5cb24f704dde75f2b6df0cc5c3c7ff1fb0
after,train,images,dataset_clean/train/images/110_png.rf.0fa6ea25e4d179c8cdc10115cf90d80d.jpg,405893,73eeb5f5a66bece7ccfb4b03b11664240b0945fd0f6c766d89a0efde0a342cb4
after,train,images,dataset_clean/train/images/110_png.rf.bcaaf316e0290f6ee66151ad4c18bec0.jpg,405171,4fc7b47377d65804361046160312eb998051371e50fa773bf9fdcb1b028b2a99
after,train,images,dataset_clean/train/images/110_png.rf.e191757be1f27a31d7358e7a0c6bd2cb.jpg,404786,ad8b9330c8325d0e6219a4c460467ea6fdaf2d1fd9f718b0d583e6bc7fbb9865
after,train,images,dataset_clean/train/images/111_png.rf.8300a321d6392852e399aaca38816b76.jpg,233245,3d39ee69b6739c450eb1ac1bb828618d24c90e27881e1d2d08909afb8b55eb4d
after,train,images,dataset_clean/train/images/111_png.rf.cc7ab32e804a5031d4dd5cb6815d2d00.jpg,233245,3d39ee69b6739c450eb1ac1bb828618d24c90e27881e1d2d08909afb8b55eb4d
after,train,images,dataset_clean/train/images/111_png.rf.ce66bf8c2ff53574ca326df3f5503a4b.jpg,233119,3e14cf004bb1491a8b96e3e8f1238d558a0c5257ea3d4b3038b7c174287b531d
after,train,images,dataset_clean/train/images/112_png.rf.30121f1b784ac8f9773c42689d9f5138.jpg,228200,181537c60e50ec4cdf3ce46bfeb42b0a7db5ea154cc5ba3ab22a6f6da3f9d01d
after,train,images,dataset_clean/train/images/112_png.rf.acc116372d9b07a8b74806a54832131c.jpg,226673,3974accfa294ec1fb69f6793fc17a0fd0079387c1bb4ac300b30bd5e5b29bdc3
after,train,images,dataset_clean/train/images/112_png.rf.bdc26efbff34f838c02d3f22c3baa9bd.jpg,228252,8be0e70b5c80c49bf24919756b4bcd57221eaa22ea97ad12c28b98be1902df2f
after,train,images,dataset_clean/train/images/113_png.rf.65e538451949fae23e75f15ecc37bc9a.jpg,218141,4be05658ec1192ebaf56b14901138aa8c42dad2296c49921b2b35669d37bbc84
after,train,images,dataset_clean/train/images/113_png.rf.8341595e2af6d93e41667ff21c612c6f.jpg,218044,04727500a9f9ff7c206f1473a4c7222e385bf927b08b802aca15bf831543848f
after,train,images,dataset_clean/train/images/113_png.rf.8d93af44330dc324f375019d592da2a8.jpg,217835,b54c1a9d062175cfdc4ef601df53a90b043c894b197ff91fb0d691cc575a2b33
after,train,images,dataset_clean/train/images/114_png.rf.049988df379918e1214b54cd7f633245.jpg,208055,6cbe37f50b70c34638fbf97327c866674bf43296a3e257c5e0da711f616957b3
after,train,images,dataset_clean/train/images/114_png.rf.199df38cd9d5cbbc1b9e36edc805a90f.jpg,209763,103995bc40d0a94d3c6defd269033da1c0a3fc9c9c2a1be1d81a3b8d6d261235
after,train,images,dataset_clean/train/images/114_png.rf.f3f89ccb7c091b48b494b597ea387d85.jpg,208759,4329c0e189bc9c673d9f9163e2cbf72ace20094b6d7c98ee9ad14b03538bb4b4
after,train,images,dataset_clean/train/images/115_png.rf.2ccb64d2f96d13dff17b8e330c7c2ce7.jpg,202023,e232ae210d8adb70a344083c1be8ae5114c5fafd2da2da365ad6758d0b619692
after,train,images,dataset_clean/train/images/115_png.rf.be6c3783b03f79b01f1111b67f755fb0.jpg,202976,44273cdef06b490795a2abe8311efe16a354ca80911bcb02ce80672e3e12cfd5
after,train,images,dataset_clean/train/images/115_png.rf.f1019af88572dd99eb167258eb81795f.jpg,203394,bb86b41adfb8dfb302558669ba53a8fc4203a074289a63358600045caacdad71
after,train,images,dataset_clean/train/images/118_png.rf.504752b557345eede602f3fcb13ccdd5.jpg,249049,a9473129f29d7a31ebbeb17007abfe6a55d2bf63b17157262d5e75198cc30856
after,train,images,dataset_clean/train/images/118_png.rf.920f4d82d394950660721d6c256bd8e2.jpg,248207,c86061265c622f07451a765ff0b591b01cb93e87ef265cc1b87ddcbc7daa3654
after,train,images,dataset_clean/train/images/118_png.rf.c4114e763b5f6945cc7b29ffcb9e83c4.jpg,249410,49450622c77cbf7702a3a16853e7d38f7d2c975dc22353433042f1f23bf0ff9d
after,train,images,dataset_clean/train/images/119_png.rf.13516ad79d88d7b146e862795a94745e.jpg,237941,b36f4b20dd0fd4700336db16ff5fe453eeb8b52e679229f4dd567f7d49240b95
after,train,images,dataset_clean/train/images/119_png.rf.4ae897b8aed861bb7a43029e358c8d48.jpg,236168,032d0d2749b6a7035d063031cc622adccad411d9cbe7960586f0d87a6a73f7ca
after,train,images,dataset_clean/train/images/119_png.rf.cfcff5eb493572acb8a262df19483d6d.jpg,236639,6e3f179586e7c2712b8e5382651b8c75be6526b8969fdcf04f3206a99688e1cc
after,train,images,dataset_clean/train/images/11_jpg.rf.39650bb4d7869bc18a22d4b2a3cc105d.jpg,18882,8ee41122d277a2111adc6cfde5635e62a283fd2d0da7aaf198c09382d9870f40
after,train,images,dataset_clean/train/images/11_jpg.rf.59437568b3cda71fe9cb18e6eb08c26f.jpg,19251,b70e231ff9c6e41e5366acfee9f1538f8ceb1a037bb378c984b975c74708549f
after,train,images,dataset_clean/train/images/11_jpg.rf.69d94eac09e0c40185169d11fc4b1f3c.jpg,17692,8530c3eb67122d9579b9461b10c863009f14f6b17598ac753e43f8129b14a0f4
after,train,images,dataset_clean/train/images/11_jpg.rf.c0942da427f24c4737987554a8bc5ea8.jpg,18152,d6271bf7c1806669148f731498c4d23b807851a44da3c323771d7dfab21d1d6f
after,train,images,dataset_clean/train/images/11_jpg.rf.d53118caf9c55ff82906ae2792d8e262.jpg,18820,afc9073666838c5577a8c1bde3c47f408331942c8cce4046442a9d3ee53c3d11
after,train,images,dataset_clean/train/images/11_jpg.rf.f7ddf5d7696c6b1fe81486d067fbfa23.jpg,18676,ce6faf93d31084b4e670afd76fdafb5772a9255cd88ba0473f529b47f296d385
after,train,images,dataset_clean/train/images/11_jpg.rf.fb11168aa626d5f5dfc99884b8cc29f7.jpg,18878,35b5373544230b35d62717cdbb2d80629199ab0f2801c4a8816f1cae11b866db
after,train,images,dataset_clean/train/images/11_png.rf.707a746b95776b569912c7816acf3daa.jpg,255447,ccdb0d4767793b463166e95f77953ac89e392ac604d68b264b6e419b464e3407
after,train,images,dataset_clean/train/images/11_png.rf.afdb4b14b5f8b2a3e473b7728f7192fa.jpg,257629,88c2a35641213d5522ba8a2b9f621886d396b1feaad5bf2d4ecfe7ebc89bef89
after,train,images,dataset_clean/train/images/11_png.rf.d0e2f2d8e05db3651ef10479e93dedc9.jpg,255577,a3af206e527392a645f1ec0a946472f874cd2d1fc46a68a8e14af6a10e319267
after,train,images,dataset_clean/train/images/120_png.rf.445ada354a6ccdbc74632266340429ab.jpg,247544,9399c39a92af14fe71d20d5bb56c0a454d279f1f3e9386c1a28627bf449d94a5
after,train,images,dataset_clean/train/images/120_png.rf.555a2d60ace29f02e23872ccad4f5d24.jpg,248145,c335f83245ebf0e45b923a2669dc7158e2f16824c58697a1225242a3310a0d78
after,train,images,dataset_clean/train/images/120_png.rf.7e0a2dc45015c83f826e793427d21219.jpg,248722,c607fb14b740032ddef84bac057cfa181ef8ed3774b42313b534038ed61eff85
after,train,images,dataset_clean/train/images/123_png.rf.062959393b9cbb6df8b8fc1059fac3c4.jpg,219088,f712bde0f9cf29a14c7c86fccb0dc108359a20c9491211814b962569de5a5fbd
after,train,images,dataset_clean/train/images/123_png.rf.5df8b05ee6c69efa4953bb5827650b35.jpg,219897,844b8aa10b35b7bbe88f8724f8c3f3831e11c337053900855c75bbb4b8b715f8
after,train,images,dataset_clean/train/images/124_png.rf.29a41f24ea52e762927142e5fa77a316.jpg,249971,e6aa6b770c86de83fd6069f7bf9e992411300936ce6936ed7c1d3696a1df6346
after,train,images,dataset_clean/train/images/124_png.rf.c16d2035805c27532fde2beb3aa0deb9.jpg,249971,e6aa6b770c86de83fd6069f7bf9e992411300936ce6936ed7c1d3696a1df6346
after,train,images,dataset_clean/train/images/124_png.rf.fba6ecc4c65982457aa91a40da811979.jpg,250773,2df961353c5e34c23509c3b77968b1bb59c061fd477bf56cf1119eced9d60e92
after,train,images,dataset_clean/train/images/125_png.rf.0334b7016da9ee177731900ea9639db7.jpg,219369,55e9a95c0c84c4a06525f9f646c833b5eab9c81f95872f097dc19f68795abd6f
after,train,images,dataset_clean/train/images/125_png.rf.25af0fe83c2dbc59a49a4f2f74cab8ab.jpg,220291,ce2c009823c56f5502ba0ab4f511982cba9296eab6d6ccfd7d9d0a7b8a7d493d
after,train,images,dataset_clean/train/images/125_png.rf.7103b82feef5de136791b72d01382cc1.jpg,219517,cf0d71aec04bac3a6a81adeffe594b3cdd79c476932ca57295c360d1ade7ed36
after,train,images,dataset_clean/train/images/126_png.rf.956ac0d184e55fa67cfa9355b20132cd.jpg,193261,ada1968ed0efc9c28e188aecf8598d7f50cbb3fe922be53d7536333abb62c24a
after,train,images,dataset_clean/train/images/126_png.rf.abd7476aaf9c8997564e35d8d17c127b.jpg,194395,c00fd2df6f695d66e4e8c2c77ce34a18c9af89b14a562abd99bfe93b5f6df85d
after,train,images,dataset_clean/train/images/126_png.rf.f3edd6e310ff5cabe5f9630480af1508.jpg,193491,01791c0a65ce08a9769cab4957ec6871291157fbe31f917d192064a121c34afb
after,train,images,dataset_clean/train/images/127_png.rf.3e927699afb6f3219659eab0d87d0c8a.jpg,169914,aaa858062909a659eedb6c69da2964ff23ca284a5bc5e80b3b6afffb254fa493
after,train,images,dataset_clean/train/images/127_png.rf.55a34fbc9271094929a80a4ba1e3d876.jpg,168869,b96764c467315f67eea9a207b7648423ad459a477feba36935b5f2c953dd7000
after,train,images,dataset_clean/train/images/127_png.rf.dee11f6f82e0aca2917347b6dbc28869.jpg,169413,77d2f7bdec3d54d512c6dcc58c82dc6e85cf77c9b5a23220c37bcc38bb09a9d9
after,train,images,dataset_clean/train/images/128_png.rf.1ef0ac55773ee19f986cb0689255bde4.jpg,172487,337b200105a36fe55734ac3057e1eb040279d0830c893a76378f90173811f249
after,train,images,dataset_clean/train/images/128_png.rf.7da693d9fd0ccfbe53fd5490366ee8a2.jpg,172497,c7e060a687b230b8233568e1d3205e785e1adadd86acc84b0efce78e71ef3506
after,train,images,dataset_clean/train/images/128_png.rf.af6fa2f55604a625619b8308fca1b5e8.jpg,172966,88cdd33a1654f0b14c9d3596e88e79051e3f554a9a7db7873138f6b8d0463571
after,train,images,dataset_clean/train/images/12_png.rf.0b34cce66708dcb003c3cc5dc19b9f0f.jpg,208813,17bc1f9def2f60da68a3b0ce1e2595275469f046248f9e418fce1812c69c2e06
after,train,images,dataset_clean/train/images/12_png.rf.9a3c114f08ab653d86cba1b8cac2759c.jpg,205435,b09471aba799fbd5dce35caee2d0668089a0d07c6f0c3c9fbe5644d5fd79c342
after,train,images,dataset_clean/train/images/12_png.rf.b563d2f1205cdfb72d486dad158d2804.jpg,204869,3069ad132075aa02ee516305e1f270f9a40c52fd5a616c479bd01bd70a0fcf8a
after,train,images,dataset_clean/train/images/130_png.rf.5b88253091e0bb5f6f18e82e9cdf74bf.jpg,183956,40c6c613569aeeddef5d26711fc8ea3222d3c41ffdabd10dfabde9ef4e626126
after,train,images,dataset_clean/train/images/130_png.rf.ed394512147d075347841fb48b2a817a.jpg,183217,9450685ded76ca44fd4bca4fee910e105784653961d5d036d504da8e463eedfb
after,train,images,dataset_clean/train/images/130_png.rf.fd7a91f56dae5e58c5d97f2c4bddfd7c.jpg,183134,76def1da5d9ee46129a6be99db1bd0d5a5169f29bcfd896fbaddf88afb08556f
after,train,images,dataset_clean/train/images/131_png.rf.09b7fce6407fbebbdcefe8334074856e.jpg,245636,027013be056fc7709723ce53fe4e35829408f44f1ecc4fa685357c37c4b62725
after,train,images,dataset_clean/train/images/131_png.rf.133fea92f059fb9fbee1e7ede646db28.jpg,245636,027013be056fc7709723ce53fe4e35829408f44f1ecc4fa685357c37c4b62725
after,train,images,dataset_clean/train/images/131_png.rf.af8947a6250ce273a65ed8be75ac817b.jpg,246153,cb089774f3ce963c57f27d91a9eeb01887057295bce784ef474c8ba79906e347
after,train,images,dataset_clean/train/images/132_png.rf.3bd3bdc6028d93183f7aa98ccf9dfeb0.jpg,227807,ea052925a800e57d2b2e2a2165cbc6f6d935d16c802a9641f68a0a5949fea288
after,train,images,dataset_clean/train/images/132_png.rf.52d8d8e21ec03c12e177c4143d42a7fa.jpg,226588,de0d97c453e17dec37dbd03c9ddd7c9615dc87fbdf2c3ab46a571f40751158a0
after,train,images,dataset_clean/train/images/132_png.rf.cc26fd45ab4388bde6b3a539c264d81f.jpg,226813,88f60988e86493099b425f5cc10cd1cfe3bda8f1ea2e1b0710408d1b020d3694
after,train,images,dataset_clean/train/images/133_png.rf.49db80cd3bf0b6a1275941c57e78be67.jpg,258600,85a5cd462b578e38626337317a9f704e894a772c6d138f33624dd8d189ea1c87
after,train,images,dataset_clean/train/images/133_png.rf.4d1f9c5d1ebdca040b2d8740bd15c3f4.jpg,258439,dc34235195561f356452e4d3722ee7d7660d5084be3abde258024e387d745b46
after,train,images,dataset_clean/train/images/133_png.rf.c9997f53dae1c5ee4667e29829cb6d59.jpg,258033,175ed36c8de1c46f02c65685cbf568c0fa13b8cdbd8ecc0796c8f6764003aadb
after,train,images,dataset_clean/train/images/134_png.rf.81f3988bceb67dfcdfae48791e7956f8.jpg,246472,2328559f52610289675bdd55b351d45e558737c85d522d1c786a7186a7d77601
after,train,images,dataset_clean/train/images/134_png.rf.850bc28fe3ba742d7a3f8b1c04343287.jpg,246227,f79c1b09f519db0bb635b0186b571a90219f26472d99603fecb29e31afd7dff2
after,train,images,dataset_clean/train/images/134_png.rf.b0c820ca3ed83e93bc30dfcd513f3bd4.jpg,246232,9e17f613752bbb16361695ff92e953cfe7a4f173fdf8acd904852263bfa9e08e
after,train,images,dataset_clean/train/images/135_png.rf.3bddcfe5fe503e6a639c9b57c770227a.jpg,227722,cd8abbeeb24f243151dabfe435e7d7a05082ca9c0d19823031ec5036031626ba
after,train,images,dataset_clean/train/images/135_png.rf.5de25c3f066cf6cd1d462f33ab2860ee.jpg,228523,70f5044a65389f043fa52003e7dadd853ac5328b26018ae27457d5901d5754c9
after,train,images,dataset_clean/train/images/135_png.rf.a0eb2a72d57ef22e8372db69ed98e903.jpg,227580,99a54315f71f23e06aed03419bc3d5e73a54ca3218b5843cbc1355fa2ad651e7
after,train,images,dataset_clean/train/images/136_png.rf.012ca1b3041ef8912f76631e53f3b709.jpg,222974,4a09af6d053fa5a6d916751b8088c507c6f273df558b4fbcebffaede080ef856
after,train,images,dataset_clean/train/images/136_png.rf.25957bbc5279e29be2b57a0311fd7c4d.jpg,222310,c98db6266accb1280836ce2ab667646d8671b5a18de5eb03bc5e7a714d8f409c
after,train,images,dataset_clean/train/images/136_png.rf.c16004287a16aed3d12ddc359dd186de.jpg,224173,4eb0ab1b7e25e4e702e9a06429d1315638365e7698527bfe1efb62412b87be51
after,train,images,dataset_clean/train/images/137_png.rf.0d3aaddb70cc1f50c655dfa1a99834f7.jpg,262353,1eda29d15256af79a0890624d454666fba45dcd60340b99ba4b22fc07cdfdd75
after,train,images,dataset_clean/train/images/137_png.rf.6b84461a7af836f09f9f9f0187e6a36d.jpg,263156,1faa1c34c9b6f2ddc2ccd2cecdff64ac3864000f6faf087fa791edbe19669861
after,train,images,dataset_clean/train/images/137_png.rf.e5cb1571e4d6e20126a7cf1c4f0d96e4.jpg,262303,117109aea1dd6f6ed601427021005c40be808496c7cc052666cb07618ccbfe04
after,train,images,dataset_clean/train/images/138_png.rf.07537b876167d20f11ece337bfcc3a0f.jpg,245437,aabeeb2e38a285612660246e396c55ad0cd222faa023711811c361537c8cc460
after,train,images,dataset_clean/train/images/138_png.rf.7ca5342b7c60444d273b0da3ade5e6c3.jpg,245561,c53ccbd871c01c1eb06455d267ede4dd8b3a8e7120a4fcd3872123b9e8fc737d
after,train,images,dataset_clean/train/images/138_png.rf.bccec7c85bbba4ac8d330ae22ceb935e.jpg,245529,77f9e39a404d82941495bd23d70a607aabb0ad20579e43722a2dc2bec6debc4f
after,train,images,dataset_clean/train/images/139_png.rf.08f6253cc683105f22519581ad9a50e2.jpg,257138,437f21143dc5cff4be3a1e75b3912943795a063ad414c5a8aa8c0f0b1fcc6274
after,train,images,dataset_clean/train/images/139_png.rf.7e4a61a8c893a5443dd35a30b33b3224.jpg,256996,806b62933c64955ddb5dba0a0f38e907f84561c64de2c05ed83fcb972dc6027d
after,train,images,dataset_clean/train/images/139_png.rf.8c18f1a18f7893adbc9740a273a6daeb.jpg,257122,1d4d98649a5cbc6afc19856b128c698f540c3ba5183c86567e58c93ddd6731db
after,train,images,dataset_clean/train/images/13_png.rf.80704e44e24cf75995db543ca14126ef.jpg,236727,8b53aa91f6dac65534aa7d817133c4956c4fb33641ad30e64d39840bfd42a5f4
after,train,images,dataset_clean/train/images/13_png.rf.c1c5a5add98d223ae6ff61fa42f18551.jpg,237419,1e747c700a05a8dc24761d6ae647b6622fb110137156b61a150aff2dc69d80f7
after,train,images,dataset_clean/train/images/13_png.rf.e0896af5cce559936042bf3d28d8c067.jpg,237950,bf9c2eede9777212e38a855f072dc2d0cd070450c3b5fc36d9f801bf112a6e31
after,train,images,dataset_clean/train/images/140_png.rf.0b9bac5db1e5eb4f474b99aa66b0d2b1.jpg,223303,44f58c397e6f2bd2dea9626d2e0420baa0303aca22cea18adbeb23188487e30d
after,train,images,dataset_clean/train/images/140_png.rf.e0258b00fa1462b3bec00e99b7200852.jpg,223658,f1e4d5cb5194407cb1f05af926e1cd09cfc5ce5359d29275270703991049a43d
after,train,images,dataset_clean/train/images/140_png.rf.e57249f9c411d80f9f0e7e9daeb11fb0.jpg,223322,c0058135ecf9a43f2b49c27617f37eb16e40d556727fe3f69f2615b5e638dea5
after,train,images,dataset_clean/train/images/141_png.rf.5ee252fe694d48188a1c0ba116d1d662.jpg,284445,09627eab9b73831fdfaddea348057b51bea625d33774766a5d85b7deff43e6c4
after,train,images,dataset_clean/train/images/141_png.rf.b3b2c63de27a3d9669126cdf45867d4e.jpg,284616,d8fdba11ab4de9b3ba91708abf95049f4552df38303692d03b0ec4fc9a868b6e
after,train,images,dataset_clean/train/images/141_png.rf.d0e155825979c905bd3a113c11ff7348.jpg,284503,2e7d7e566976c33e2c38038cf57c297a7bd4326eb1f93eff91a15e35c086b875
after,train,images,dataset_clean/train/images/142_png.rf.60108fd821910de662e8aa67ec7ae652.jpg,308125,9e97eff732be52ba652f31bb9a029decf547fc9123bd3e982b99204717c31b63
after,train,images,dataset_clean/train/images/142_png.rf.603bd21e037fcc15916e8f8eeaf68aaa.jpg,307167,5a2ff58ffd218b4a25bb8223cfaf1615e8f44eec5907b70a1b9437bce3704a5b
after,train,images,dataset_clean/train/images/142_png.rf.be04cb060589ec4537a8a4ac1ec8e104.jpg,307623,a908dcc13c718d0db6a28ed96608c18b5f5d39ae7a53c4468ca2d791d8752ec0
after,train,images,dataset_clean/train/images/143_png.rf.0fe14e31d7c03f8142de5a05238c1a3b.jpg,312886,eb2b0fe1b74a80fd6e28812b3910fa64c935cbaafddb10c7f27fc72c5f37b07e
after,train,images,dataset_clean/train/images/143_png.rf.52273599d17524a935d00bf8ca2379c8.jpg,312918,cfad9e340650eabe8bffbe22f57ccb9451b0c3431590100c4bd59c95e9492ba9
after,train,images,dataset_clean/train/images/143_png.rf.bdfa2aee35b955f6c24d02bd523226a8.jpg,314075,3ed58147bd28ef0cab9e5a998c39bf3a632c095e90cc24ba1a64334aced0ba5e
after,train,images,dataset_clean/train/images/144_png.rf.0c9da227ca746a12ef318f095ff7d106.jpg,309230,eba29231b044970782c0c2ad744a759fb9710f2128bb441429b486e89ca28567
after,train,images,dataset_clean/train/images/144_png.rf.708bce825981a4eeb48e9be672cd1e94.jpg,309611,34fdf98e6e2245cd30474cb59e54f28640a9a486840c07abc7028fe3eb80644c
after,train,images,dataset_clean/train/images/144_png.rf.835a54afb4dcea9128300b01e2f630c2.jpg,309232,9c1dc86a14830ded96453465c73794a82d82f968c00e8a2e16b18caf361c50ef
after,train,images,dataset_clean/train/images/145_png.rf.27e426f37082f77ed03809518877fa49.jpg,301128,8c4a47d0e211f1ef4d7b25ab806d31b5a7e2f9353016fef7bba1d233c6f14fe4
after,train,images,dataset_clean/train/images/145_png.rf.aa782fcd2d21e601a2f9b790f63bfbc3.jpg,298786,e78c39299f565e111132092ec794651444cf5c42316e9f69afab56e621016fbe
after,train,images,dataset_clean/train/images/145_png.rf.c69ff30fbc1c8846b682aea1049ea4bf.jpg,300011,38d1f17d80340a56909006a4bd3dce098a644c7c8e785342bb515c5f2ea0775e
after,train,images,dataset_clean/train/images/146_png.rf.24474cbe378cae99461fc6442f45e142.jpg,266380,39a0c6757b5238689fe83bc71791529f0073f0cc0548ec3644ac133486c342a5
after,train,images,dataset_clean/train/images/146_png.rf.56576f1c0a8c0f88ad790aa5e8f0d5d5.jpg,265233,78ee0b0b622c044dbfece4d08609000248216e7f248355e5f7270afd5e854638
after,train,images,dataset_clean/train/images/146_png.rf.c1113d5acd8c9c63873b1bf081b44e16.jpg,266423,028067a69e1f56fc884989f91d77a6c2c500ab0d8dfad68307be65c753de9693
after,train,images,dataset_clean/train/images/147_png.rf.4cb4abacaf68ca4bfcb3e82a37e75651.jpg,279352,2cea6cb2e35fd79341d09fd7eed9f56f3ab0bc84c200e3ee972485a3fc8d3bad
after,train,images,dataset_clean/train/images/147_png.rf.ab86ff936cc4ab25481e947ec55bb33b.jpg,279494,7f24ab51b5187d7af1234c20d109addcac70a61fa742c60c6c8bba1af13f9c5d
after,train,images,dataset_clean/train/images/147_png.rf.f5cb664c2cf7e7f7c9517e74bb8eca40.jpg,278412,c171fc0cca75b3a2a17d8e4079eeee56af8b1fb78928888e83ab6a3b99c18e24
after,train,images,dataset_clean/train/images/148_png.rf.9bc1774f4a31fc5af7f5e08571c986f0.jpg,299915,00dd2c8a1783b5c49a4bebf66a374731cd804f786a0bf77043be72b3bd79128a
after,train,images,dataset_clean/train/images/148_png.rf.aa25e76437add44b6259ba9c83d07402.jpg,299915,00dd2c8a1783b5c49a4bebf66a374731cd804f786a0bf77043be72b3bd79128a
after,train,images,dataset_clean/train/images/148_png.rf.f9c20dbcb42f13f88b7f7edd6017f38e.jpg,298617,bf4b114bf1c2ede8ad480923be174e9468929a115f244abfcdf95c6a1099e119
after,train,images,dataset_clean/train/images/149_png.rf.1323ed3cac5f12c5c676b9221f8a53c6.jpg,280889,aa2e9a93c28605d14e865db413a3f01f6ab566f928026519348a28d628b10d41
after,train,images,dataset_clean/train/images/149_png.rf.f02917fcf35ccd2f4b85f198508043fe.jpg,282091,28b2cc35d56169625f949ffbfe855aa5d238421c7af5c13814c917389eb15fd5
after,train,images,dataset_clean/train/images/149_png.rf.f4b3677741edd9f429a14197d7624e97.jpg,280124,074658fb1e3ca2e61f4acbb8b07385696df0b251283259e689bb69ac44f6fa1b
after,train,images,dataset_clean/train/images/150_png.rf.7f564b3b8a8072fa92ab282ce9f8eed4.jpg,278007,1f028fbf4591d4e6ea638d88d3da2f4d76fdde3da90a2571b3565f43a7a629f3
after,train,images,dataset_clean/train/images/150_png.rf.85487a4de559f8558c07de407034d860.jpg,278364,215a52cabe631e6ac1654571f1c34a0873d7696397e817abb31b460f2c9b6171
after,train,images,dataset_clean/train/images/150_png.rf.de0b88bd9d926e46c15f1030f31c26d8.jpg,278108,58212abc14360e9f279e59331595b68e024eb946a29cae0fcee0b995ebea115d
after,train,images,dataset_clean/train/images/151_png.rf.6919074b7f39e1aba3196e5cc26086b6.jpg,324272,3697ba490b344720314c1c926a702c7163779c060053ad69d1a8317889927dc8
after,train,images,dataset_clean/train/images/151_png.rf.a6d68cdfa0454cddf9370373171a6038.jpg,324135,bcc08765b7df361cb238f386fa1312fe5f49996ac7e106e5e0dd4853e4fe2ab9
after,train,images,dataset_clean/train/images/151_png.rf.b7f23cc957c5f4a6b7c0cdca4acac617.jpg,324932,d412b10892a187255457f85f9ad4e9e2b51199e636fa28c51e647a295596eefe
after,train,images,dataset_clean/train/images/152_png.rf.7c20fc7f7393c09fd3a28e2685b39bd3.jpg,307724,cdca1138a21cb80bb5d0b6b549017a2964b7512e6de5379593e379043615a4a9
after,train,images,dataset_clean/train/images/152_png.rf.a96685c1e5c213269b051773d16c2cdc.jpg,306972,99d4ee4e48649fc775d4dbb5f73c8016b5bf1a1ca3a105675e5379c843bab016
after,train,images,dataset_clean/train/images/152_png.rf.c5c12bc18132a79ee1461a0fe77472f1.jpg,307720,cd9695a1eab0a767d06826e16781e417ca5c4adf234822e238a09dc128744ed3
after,train,images,dataset_clean/train/images/153_png.rf.881700fa167f14ff1ebe3ba31d809d5e.jpg,328163,4968a1ecc8985fc824819f267bd05682bec0c9d0941c7bbc28c82c7038ce43a5
after,train,images,dataset_clean/train/images/153_png.rf.9d0f83cbe32e1b9bed2a3eb3862f6505.jpg,328741,67cb4d1bbe898551b603c28a1abb8d08e933cec4df941c84c4bcfb8bad129022
after,train,images,dataset_clean/train/images/153_png.rf.d9bd292a8a4dd48af4c05a566b9a5389.jpg,328037,53bd707c69b777cad4c7d68d073e51a2b20d32269847c8c3238cfb4ce79d82f4
after,train,images,dataset_clean/train/images/154_png.rf.3aec897166288292930ecc99153236e6.jpg,248849,8f7feeff7f51940bc5f192fd62ebd1a21cf78b7212fe045af9f13cafb40bb6fa
after,train,images,dataset_clean/train/images/154_png.rf.b7535b5751ac536f837013bee03fbfbf.jpg,249910,3ac75d726c24664bae490127ec9e988e4b613ce311337b8ea99d0cff78654031
after,train,images,dataset_clean/train/images/154_png.rf.ebe855ebbc4807ce485afde7a0a5b060.jpg,246590,6c6d362fc22e3e0852cd2859f470eab3b0d7420e11317241e3a4eeb6d668ec3c
after,train,images,dataset_clean/train/images/155_png.rf.c2797fbc1a3575386742209ab16a937c.jpg,254888,4c164b9e761071ca409c323169a2714c505c7aa85bfb1734f146a88e75276d20
after,train,images,dataset_clean/train/images/155_png.rf.fe230854600008396696ba00aa9e8f83.jpg,252953,7155e52f2c20b1edea4234196c0d69542c3dbecfa646095c6746f464909fbf9d
after,train,images,dataset_clean/train/images/155_png.rf.ff307a17cbef650cd5a5b0b2a68fe267.jpg,253109,c811db8a8e74014efdf9f41ad0fe5c274e615d7f7da6f81d919d238af6f18f9d
after,train,images,dataset_clean/train/images/157_png.rf.199fb5e84305ffebe475f366c8f58cf4.jpg,254828,1ec4ef56ed909c3ed088e916462757737a3e1d2ceff4a6feeb13a78f25a48e52
after,train,images,dataset_clean/train/images/157_png.rf.605eff6c70a135bbc41051630d9d035c.jpg,256003,e70bb776c773d5a733ba7a3211f64c16e8800ebb9f0677f6aa803595d04b9dcb
after,train,images,dataset_clean/train/images/157_png.rf.ac79cdb0b811b604683934e428653baa.jpg,254099,97da440a39f56d004b55ad4fa990d790c06ea1690abdccf00553251f01b214e8
after,train,images,dataset_clean/train/images/158_png.rf.260cc6ac6697a3e1ee2f2905f6c2823d.jpg,239122,0dfac7a6e1f0e022a23357f887f0b6357f3f2898735362517551100944c77cc5
after,train,images,dataset_clean/train/images/158_png.rf.832fb3b9d4a17abd86d9c4f2d6a8cc6d.jpg,239894,427124ce20eb252dd175f54f0ac61a1fe6bd3ee5880934850ecab991a8708649
after,train,images,dataset_clean/train/images/158_png.rf.9f7196fc49457a1acbf4f56cc3af2e2e.jpg,238955,a07f4600d2559448a0e29c2e978c30714e23e20029b715c872b4b079e0392b99
after,train,images,dataset_clean/train/images/159_png.rf.392c3d642ac756681440ee33cd421ef1.jpg,235020,e1748852cb449e37b67bec3b2ee2d6837521b558ffd172819c2c85ad964fc382
after,train,images,dataset_clean/train/images/159_png.rf.c0a952f033a787bec6020e417299dbeb.jpg,235185,b875e7c129308d465de4a7c08302941095a5a2880dc89b7ae648bad577dfbf94
after,train,images,dataset_clean/train/images/159_png.rf.cedec3b7d94c8efc41ce21ec19a7253f.jpg,235686,8205837eb24d31c444c8c934732f4637d68c2c5f8462596ede70ad884aa6ed02
after,train,images,dataset_clean/train/images/15_jpg.rf.4c1e5cd3b661c788d0594a8ef2195fcd.jpg,19384,605c0d2341f90891fdfff9c97eae75fd35ae05fa298d0427d7b55c11881d01fd
after,train,images,dataset_clean/train/images/15_jpg.rf.b17d655da1ae2f94c19d4308235cdac9.jpg,19261,538147f7901ff8483b934bcff10795f55fe1f0e9099520d879c58aebd309c46e
after,train,images,dataset_clean/train/images/15_jpg.rf.c294799a533cd68bc882ffffb237ffc3.jpg,19768,841a956020dea55c318be86e21fa6a6329771253dff51e9f9f1de579e856a35b
after,train,images,dataset_clean/train/images/15_jpg.rf.d0e34f79d386a12b379b4b81ea6f57c8.jpg,19711,e897e199bcb459f0bae9a8a22dcd007ef71a616f6884e27084ce685371dce998
after,train,images,dataset_clean/train/images/15_jpg.rf.e06cf710c9bce99a210da8aa7b400255.jpg,19180,13e9850fe25ed0a8529981b31b44cf1a1d82e949a1b59bd512db9a97952a061a
after,train,images,dataset_clean/train/images/15_jpg.rf.f4c053e7f4600fe196e9285845a98d4c.jpg,18693,8766c7b8406cbaffd6eb9cef4a4478388b44791c7a090d7ecf346df78347ce1d
after,train,images,dataset_clean/train/images/160_png.rf.4f35b47aa3902518341bea8f99061a16.jpg,239189,2bf1dbae6f8cb9e38b23ee5af8bc2b5accf5cb5fd70b2b2818bbd3ffb50262af
after,train,images,dataset_clean/train/images/160_png.rf.a1014e1f1599384c2b761777e3c0307e.jpg,239200,24711a01098a789009bc12b0531d12632b189942027882b2126e1e0ad9313293
after,train,images,dataset_clean/train/images/160_png.rf.d0198cf3d90002b9c3d7bb5b5ddd99ff.jpg,239763,04fcf59d32dad29de0d097b7d9691b3f6fd6ba9977602ddab5dc8bcfee869c79
after,train,images,dataset_clean/train/images/161_png.rf.5f171f55b753634801eb6f726df4d3eb.jpg,246840,cd612d7cac770fbd439447a0f6941173bb4dc7d2b114756d71ce7d64520ce9ba
after,train,images,dataset_clean/train/images/161_png.rf.5f339f48c86e66e6a488a9c193c95cb6.jpg,246832,ac144af93a69e60776f925756df456cf0be75346391eba49d882f4cba3d22728
after,train,images,dataset_clean/train/images/161_png.rf.aaa3a7fd41fa1634fe4e8c0d35ca25e0.jpg,247416,738bf82f79696f6e7c4645afa4fc9b66d2001501062eb311edf015a266c85f2d
after,train,images,dataset_clean/train/images/162_png.rf.1dfc9f4778e9b6df7827cc7fa6cc8198.jpg,245772,4de071daab3ebee95b8e94cfb16e6356fa2455a56331d0ce479d6d2c72351afe
after,train,images,dataset_clean/train/images/162_png.rf.917dc8635ce473cd01d903cb643e5a61.jpg,244646,f9ea84d1f5a00821b8bf8e4cf648d2b98be1f3bba2721c0622b50838b685fda9
after,train,images,dataset_clean/train/images/162_png.rf.a65b04bc575a134fb639b1ebdafa869b.jpg,244924,f66411976d44c7cba9a7b35c46aac928a8a06ab8bd844fb19c9309090226adcb
after,train,images,dataset_clean/train/images/163_png.rf.08de932801ded5efbe3012e66a8c2050.jpg,316423,026ade24a213b89b1d23a703047af052e690d64fa25a66535556834ef785774c
after,train,images,dataset_clean/train/images/163_png.rf.6e8abe4eba955c0a59c876ebbf593c69.jpg,314675,76ae102353a4bd555518a98f647d6dab1aed3910184a6e40d3a5406f304021a2
after,train,images,dataset_clean/train/images/163_png.rf.ba8e51a950cdbf57b655fbf89e71f543.jpg,317718,96115169b652c1ef8cbaa30934b5a07bf582e895180f841572329194defc7bb9
after,train,images,dataset_clean/train/images/164_png.rf.172e024008c082874f305fc11630c318.jpg,317708,3da674ff596b656e7e3f40209a372eca5a53ccdc01de6da68bbb8397ed59b7fa
after,train,images,dataset_clean/train/images/164_png.rf.e0220d8a0c0f42451dfa9f20de4cb751.jpg,317098,d3a4cb89fab4780b0a72bc90465cce7422628375885adfaf415e624124373464
after,train,images,dataset_clean/train/images/164_png.rf.e212798ffb70dd029a97563a58a055af.jpg,317898,1a9aa5441c8b2ef509546d8ed0b1d851c5da08aa5afa81fbda4f2d02efbc89a4
after,train,images,dataset_clean/train/images/166_png.rf.64b95dabb13cc1d5d78cb8383cf83598.jpg,310546,76de9f9f11e3e23648fb8905df831e1e9351ffaad51348fe963c787bc68b07a3
after,train,images,dataset_clean/train/images/166_png.rf.d934bf288159037a7b8a893923131d71.jpg,311714,537ab3f05339e07efe477f4cb172ae02087e10243a3ecdbe394b229089d4e55f
after,train,images,dataset_clean/train/images/166_png.rf.f85a9a5e0f48eb280c5c277c3ff5b85e.jpg,310167,0940990643e5306e7c47d87468d6f7de0f582c37322e7719fcf2df3dee7732a0
after,train,images,dataset_clean/train/images/168_png.rf.3fdf1e8198aec5c099e8f5c098dbf53c.jpg,223953,4be6a5c024abd2da1c1dfd0e3e199a74a204aee23aaa9a0badd1ff70e2f7c3b7
after,train,images,dataset_clean/train/images/168_png.rf.45a55b5a8f0a54b3a68783699e2131c8.jpg,220259,5d23ce004c0305af5d43d5d7449c60c0b6c26713eec511cc960b9d281d53a0d7
after,train,images,dataset_clean/train/images/168_png.rf.f545383bab82493c35bc37cdccf35705.jpg,222811,f5edff2338defc4e7d7747fead563b6dc294aea59904cd1a09b54d82cfa49d48
after,train,images,dataset_clean/train/images/169_png.rf.36889405d9b81ee86cfdec8e66ff0c60.jpg,222912,ba382cc50a771f219dd3de1b789ce946d18c08521bc00aea620fedd107c2dd49
after,train,images,dataset_clean/train/images/169_png.rf.d0e631dbc1c763ca553d7fe1ff6ad74d.jpg,220935,c82ec6285a642e80372ce55f39146ccd895a76f88f100b88fff12de3e9c71fd4
after,train,images,dataset_clean/train/images/169_png.rf.d4fed4e2ea367ec105333315414a73d0.jpg,221442,98b99d5cb700f61f2a6f8e632dd1672ae4b3dd713d785b99d077dc67059092d9
after,train,images,dataset_clean/train/images/16_jpg.rf.02ce3f8d461dc5dacfb8e6530d8456a5.jpg,20365,ecc2dbae2bf4f5357a0ecbeb542a113d2d39c19f8580a68cfef3a11cdab7da4a
after,train,images,dataset_clean/train/images/16_jpg.rf.26a28ef337ee5276554a374f655cb2eb.jpg,21258,6c810064714218238b6db11f2a92fba5c4eed1599e69b637623b4db5d72feff6
after,train,images,dataset_clean/train/images/16_jpg.rf.29b2733839acfa14be3004ebd4fd7ea4.jpg,19517,a1a729c0d6b2724fbef3800e65eebb6470b4552cd6265d7a738f009b55077295
after,train,images,dataset_clean/train/images/16_jpg.rf.38ec2a8f0d1da705d3da08d9b24683a4.jpg,20357,f62ea69bfdb71ec41e4125293c44950a10dc55ea2fb2e63fd5b7a61a4c3e16ec
after,train,images,dataset_clean/train/images/16_jpg.rf.c94ab88c2299c5e010495739129677b0.jpg,19430,1636fc581183a84bd98ce8e465aaca30e3efebabb54ccf509742102968192fd5
after,train,images,dataset_clean/train/images/16_jpg.rf.e109878672e9ff7f574423f3a93c52d9.jpg,19492,16eb079fc566e8727e8fdbb05ff8b6b52c729c77897ca230b179346a200806fc
after,train,images,dataset_clean/train/images/16_png.rf.2529311e1e8d1f7bcd86c5961c33b9ad.jpg,209352,4a98071441f06ee2e6997ba18689aa1b5563a06f6b1bbd83aa13dcdcb0968e17
after,train,images,dataset_clean/train/images/16_png.rf.7d4cf680e544374b155c8e88ca81f7b6.jpg,209036,7dc64d0d4b9e5e2f3564eff4721531ba0b7a42f2adaa71841de21df755708249
after,train,images,dataset_clean/train/images/16_png.rf.aed3e3d64377f20aa4a576d30022911f.jpg,209544,5abbd90f757a1b75971c0408b46f2927addbd9157f3315ded2a561ffd182c01f
after,train,images,dataset_clean/train/images/170_png.rf.0d6dd3307900f39f318d78fbcc5a96be.jpg,221373,c864a1db430429a696935aeb6ae2012b40a267db8f9c596cc889c3debb75e029
after,train,images,dataset_clean/train/images/170_png.rf.2fd2bb3332e7e5c5b3291ff9a4b0aa9f.jpg,221213,2b9302f0f0d78f906a6febf8ebcdab5a768993bcac43653327262ecba5690346
after,train,images,dataset_clean/train/images/170_png.rf.a50cf3633b798a544279e9680daf8258.jpg,222942,f4fd27e9576bd02c6fc48dbd31c05ef794e96d3236c0dd7bef17f1447f6c0acf
after,train,images,dataset_clean/train/images/171_png.rf.22bb3469fcb31d61f3b627e79332c679.jpg,301231,8b451192e5f114cafd5e633d7517f28f05ecf529544ad3a438a4212e74b80ce0
after,train,images,dataset_clean/train/images/171_png.rf.570fb224249cbfeaf339a5c677eb67f1.jpg,301117,815d3917628701dd8f7b7dd66ece36cee6616b1d37222950c63e8baa14fc4d97
after,train,images,dataset_clean/train/images/171_png.rf.9a086668ad859e105730a1b46398f722.jpg,300112,406f27eb684a50d278b3dddb645e1dcf8520d24cc55f3a41a6f5ea209ae5aea0
after,train,images,dataset_clean/train/images/172_png.rf.26639acdf54798b56d2161298c5a1d83.jpg,297043,6d4a26bea7317afc28ca8211aacb9e743749413abb28a7e13ad25c39b110ae5c
after,train,images,dataset_clean/train/images/172_png.rf.7099a77531a9df311059ecaf7cabfca6.jpg,296911,5c65da60f054219d17d876795502a3f06fb1d0547adb1f8921bfdbe809d86c38
after,train,images,dataset_clean/train/images/172_png.rf.a8b69b7d395e68502344c181d3506cd0.jpg,295094,268ef1197a97cb5e54bd65c6e3baf0832373a26627e0b4f0e46c32309c9d6a25
after,train,images,dataset_clean/train/images/173_png.rf.19b0502f1f4bfc034709eb6fc6674d8e.jpg,297112,54c8a1d8ab08c0aaae1cc30d7c29aa14c52ab03d5000c3d5a9fb670b84d8e157
after,train,images,dataset_clean/train/images/173_png.rf.73c37bba4d976a324c9843779a5538ac.jpg,296012,519f0cb47bc80f47a3dacee90008cd179d056c53561271b7bb6c765b9f9801c8
after,train,images,dataset_clean/train/images/173_png.rf.a9bcf3231841747145a81ac7ecf6c64c.jpg,295806,0e3934ec2862b2ae9e21a19f4d5b90a0a0b3c22a9b5fb2f569819976cd1915c8
after,train,images,dataset_clean/train/images/174_png.rf.70ea198fe483ea22cd992f03bd378a67.jpg,273956,0273f1c1347de12546099eb5a9d8bbc16d02d3c83703980975213943ff16d7ac
after,train,images,dataset_clean/train/images/174_png.rf.921089e24494788724ea6e7a4eb6a093.jpg,274246,99b2dd90c1906332ea32c470d15c55c23e16d5ed4af74935f9673f29bba75c8b
after,train,images,dataset_clean/train/images/174_png.rf.e6ea4dd930021d9db9589933b61f8eed.jpg,273572,d727dc56e62e74c3ce0dc0f659769bc59c72ffbcda853e5d30bf32e54e57b9bb
after,train,images,dataset_clean/train/images/175_png.rf.363e945c22fa8d142744899e711f2b16.jpg,302822,893ed22c9972c36840c8d993558e7f12830ead362d77471437a407ac1c185e58
after,train,images,dataset_clean/train/images/175_png.rf.3b5195f9422d9b726512dcfef7587a7e.jpg,302062,2b401eba9d7f714444bcd104c115adb2c6ca0451b99918a2c10dbccc06a629bd
after,train,images,dataset_clean/train/images/175_png.rf.886e3d470d2eb32f7500d75a7fc40f6b.jpg,301089,f3587a14e52fc620601ab2d50f7396989a55954dfae1228f430d8428a9f64f47
after,train,images,dataset_clean/train/images/176_png.rf.13a22e777c66192a72e290137656244e.jpg,302693,e68b56f14a23ffd55b606d0a1a7da2c58c761c4284b50cd7edfad4d1c998d6a6
after,train,images,dataset_clean/train/images/176_png.rf.c9edfc1505ff111f86377e6462fa5780.jpg,302825,637eb8df3f62d0e17e373d8774f9e54b3f2721c437057105ed491db1d0f3f4eb
after,train,images,dataset_clean/train/images/176_png.rf.d0680314d37ecc7a71759aec7ca9f7b4.jpg,301877,baa1c626bb049301a6539936fe1a60699cef2857baa8a01e97354b6f6a5ae8c9
after,train,images,dataset_clean/train/images/178_png.rf.300adfca7de4b9b2b82f1381978cebf3.jpg,288445,62b5e54e4998a8099884b201df2c479910f7a1eb0e0620a37f7b1f8729834df1
after,train,images,dataset_clean/train/images/178_png.rf.b287b77444d48fb4a4becd6beca8c575.jpg,288408,673710a2a0e1566a6d0bfd819474f0d5f9c999f466f4f62429ab82b5a8b6cf8a
after,train,images,dataset_clean/train/images/178_png.rf.e1be98701bcccf8cbe5748364287110d.jpg,287511,526fb123a1e8795b55a38a8a20aad39c4afe98698c1dc5a93973a5f3035f3df9
after,train,images,dataset_clean/train/images/179_png.rf.44fedd2461353809cee34b9e5d1fcb32.jpg,335351,15992e3553ca78d7e139f7e2608bb53f4239e624333e4c1cacde95bdff27d3ce
after,train,images,dataset_clean/train/images/179_png.rf.55a0b7ca9c70aefbd4182149da0dc4a3.jpg,335107,2046231c0df1fdc9e1f273f25d09e4590d671ccef5aae4491033752192c85039
after,train,images,dataset_clean/train/images/179_png.rf.8479a84993d0d0595621700bd37e90a4.jpg,337294,ea085631211b63b1f0ecc929ac166ad5d35fb7a9d42cf9249f46de527392ea8e
after,train,images,dataset_clean/train/images/17_jpg.rf.0cd2c1d3365399dd862abe6b3696a26d.jpg,20171,e8a3d5609ee60c65ac57fd9a5d1e46f88d276c35a9cc3d33d2a53dce28706f0e
after,train,images,dataset_clean/train/images/17_jpg.rf.2ccfb6ddb67159af72e2fde6f3a48957.jpg,20238,bffae140d673f7cb30d51116c0cb4fea3a6ec45b8eb42fc3462ca31f3688ea5d
after,train,images,dataset_clean/train/images/17_jpg.rf.7f69b4e62f5ab635196b58d1089bc6f4.jpg,20332,84f1b2884608e3c19a944d45f68dc0a513ae6a206146aec74a40fa409a39800b
after,train,images,dataset_clean/train/images/17_jpg.rf.9df6580000f9c549d60714031e5d982a.jpg,20372,34af63c84aca8ce968e20a2a4372a61867ba4a515fdc9c109d3c2bc00f3a3e4e
after,train,images,dataset_clean/train/images/17_jpg.rf.b9b95d7c3c78cc9503735299f3af16dc.jpg,20305,972aedf06576b10e679827b632d86f390970c8ed3ea8a8fdd84f2be14b29c3cf
after,train,images,dataset_clean/train/images/17_jpg.rf.e65ab2e85605453693bb6c479f3ae34a.jpg,20297,cc3a53c18989da003da8fa595fa675ff7b25969cb7e66e9a238880d383eae8b8
after,train,images,dataset_clean/train/images/17_jpg.rf.fb8b336fe63e3575ef82e8cc03361bbf.jpg,20754,8c27846141ceb718632445a7e23040c3bf5ceb6cae86112291e87b13f9e8dc63
after,train,images,dataset_clean/train/images/180_png.rf.02f25c50688be534232a7b30350bc1e3.jpg,346456,6ad9e2c686e4ecbe1772a6d1a0babc96c8e29e902fbd4f700add3fb5fed0f77b
after,train,images,dataset_clean/train/images/180_png.rf.d30f48b1a73158d3947234c36284d02d.jpg,347977,7526b65c7d46df32c2bc8c9ae8e602349fe3943556d18a01c62131e3a3b4257a
after,train,images,dataset_clean/train/images/180_png.rf.d7181216223f0bde2086d563e278ab7d.jpg,346877,c5bf97c8c7a57454eb348d67ad940e8112eb14c11591534bbc770403b117276d
after,train,images,dataset_clean/train/images/181_png.rf.1285de5d5298905b01da99085b8e6e06.jpg,346005,fb9d077d1ea894a5ed688caa10fc20c6086f5e8b5e9d238d50c987ee4ad4ecde
after,train,images,dataset_clean/train/images/181_png.rf.7015cb878c76479ae8d404e984352b53.jpg,347715,c887170fc96d4681946f4313b53a90d139ccf8c023699eb2b9d67948b68ffe64
after,train,images,dataset_clean/train/images/181_png.rf.87f59a90ab48a9e2ecd9e79adc7f89f4.jpg,348068,27fc6382a5d4cf07f5330708ef97fea23b736f0fe2d8108f015ab311cfc73021
after,train,images,dataset_clean/train/images/182_png.rf.29d610196c9f91774dc60690238d3a05.jpg,344561,8097560d9d709769e4e4d30975b21f7551faf9a84ba7acbfaf0f95c128205abd
after,train,images,dataset_clean/train/images/182_png.rf.3f01f28c5c88aaaee74dd45c66b9fcf0.jpg,345863,cd02cd1d212230d022ea0bd4f3b0c57169315f3f481f8da8458cf6eb349cb2a7
after,train,images,dataset_clean/train/images/182_png.rf.f217ddc8fa3544799492bfdaccc6d180.jpg,345790,c0176b95c13532d9e9e5740808eeef952d2b61279c6d17bddd1689c8f51551e6
after,train,images,dataset_clean/train/images/184_png.rf.06ca18aab21ccd1d998e80896c636dc1.jpg,211949,484ba7c2ae5d64950383372aed4222fa03823c2aec4b6d07e129d7f66a040d4d
after,train,images,dataset_clean/train/images/184_png.rf.5a421793e255315e6a25269316d381f7.jpg,212032,0c1e9a49de62665411981b0f9706f95200750f856b932382084926f3dcf3739a
after,train,images,dataset_clean/train/images/184_png.rf.9929fcd65e09d1d022a9aaf7bb33e46b.jpg,212290,a598e275f829b62357af3b52d3e3698d72f42f7025422c79e1dd3721f136bb25
after,train,images,dataset_clean/train/images/187_png.rf.0e115b218d51caa6750a6339e1d77ebf.jpg,204657,f5bad70d97e3be3641451e9747851470fb80110a88beaba309dc5f8922a96817
after,train,images,dataset_clean/train/images/187_png.rf.c39287e7adc7ac0ae11c5e9e6c6a1e49.jpg,203708,9340682b00f8cb7341f722335e34232260efcc43c685d2b2671db355c237ed76
after,train,images,dataset_clean/train/images/187_png.rf.c9bf03d27a48240500fea0078667a147.jpg,204589,9ec13cbe839fe3a339de4748b7c467edddda57571670fcb0e9c6afed7bf070db
after,train,images,dataset_clean/train/images/188_png.rf.1e6e7b581242fb7b2cfe759045c31f4d.jpg,250468,de3e0284a4382b7e4925843c53b0bb73a2d31fb85b212f77bb5d6bba9a0e547b
after,train,images,dataset_clean/train/images/188_png.rf.6d7c9792fffffbf47997ecb665babfef.jpg,250231,b6e184fc8645ede965db4254624e4b474cc7e20e4c90c7a8178b7118f726c9ff
after,train,images,dataset_clean/train/images/188_png.rf.a17653771a432e6e5220fcf5d45b0d57.jpg,250231,b6e184fc8645ede965db4254624e4b474cc7e20e4c90c7a8178b7118f726c9ff
after,train,images,dataset_clean/train/images/18_jpg.rf.16a33553cdb8f8a0198dfb996d17b237.jpg,17069,bc5b96f0e1b4fcccf04be175930ec7e1665759009621bd50c60d196ec1fc02cd
after,train,images,dataset_clean/train/images/18_png.rf.99651d8c22ad24653d568fea65b0ac78.jpg,232517,00ae4c542bdea1690b6f97e1337147035b61bdf53dee864e8e846935647b454b
after,train,images,dataset_clean/train/images/18_png.rf.e2192145f9c79a22e87102ebbdedf761.jpg,232645,27ecd505d8696811e4258b1f66e74a6453c0ce4690f0061693a6562ed70394c6
after,train,images,dataset_clean/train/images/18_png.rf.ec839151fa5e00a75ad6916cda3c03e8.jpg,232717,6a8ed04820eaf8ecc367346ddc62c3d92ac46f9b4b44ec33433015009877cf49
after,train,images,dataset_clean/train/images/190_png.rf.d84a5dfb965abf1051e0ec37ee8154da.jpg,241062,b6a4a70db42b1e92b44bc09251d04e4dfbdb13f3b89bffc0613261977a8f1522
after,train,images,dataset_clean/train/images/190_png.rf.dcf199ac8d8d5681a891107a769c9680.jpg,240591,059221818f2254711f959d96a36dcfecca62bfbeccfa27bff27c9c4bbd15c336
after,train,images,dataset_clean/train/images/190_png.rf.fa0e42682d7dfb854c7dadc4ee82234d.jpg,240739,08bacf5d0cd94b2297aee9b2281e17ce291a069a0c619c35622da6af03203e20
after,train,images,dataset_clean/train/images/191_png.rf.13458fa33846079c228c6b8f986dd03b.jpg,261260,168c15eb3d134d1047a5bdf5c6ab01dad304109a48408d96a8ea5ad034a41189
after,train,images,dataset_clean/train/images/191_png.rf.9a6701947c8951f1d49653b0c192ea35.jpg,260918,8d690c1771ce4ce6e29ed56ce5cddd2ec85f841c1def15091dc2fceba1354cf5
after,train,images,dataset_clean/train/images/191_png.rf.e790a14e89389c79d64dfb5c3167221a.jpg,261426,ad9ba1ceef1aede0fd6b0b2e4d7d8bce61a0bf69fb6fe385a7c2b6dbcc75a4c5
after,train,images,dataset_clean/train/images/194_png.rf.3e9846344a42698e0249c7a4d53c14a3.jpg,197215,ace4164267e9e4b247c88309d159e95696e6fbbc9bfd920a900ec60d40b85cfc
after,train,images,dataset_clean/train/images/194_png.rf.9428b6845a38c73d446eef6e6e728f27.jpg,197593,9c8171af771540c94b398277ae4c877be50b2ba0134b57fe62d91f737278414d
after,train,images,dataset_clean/train/images/194_png.rf.b78d5050b5d16b055653c1e1ec4c4a74.jpg,197437,0a1b144e17097dc9ebc722b7668980eccbfb7338dab9be6b6b776f23936f67c6
after,train,images,dataset_clean/train/images/195_png.rf.304c54e500b8ec780345eb9418233cc0.jpg,359630,e52993bfe865ee2353f86568e8bc7781c0b536a80f579970f49c019e3b6870a8
after,train,images,dataset_clean/train/images/195_png.rf.54f5de028e94cd29857183a60ef0b07f.jpg,359484,bc41dccf3923a7dd8c018fb613994f4a30aabc5f9f77c60b32d3e1e36a167903
after,train,images,dataset_clean/train/images/195_png.rf.b60748dbebed770e0fefbd10fbb7b782.jpg,359608,88afc5c4289fc6dfd23a5c7baf6a3895eaf9ef41688572ff8c6d33064e128b01
after,train,images,dataset_clean/train/images/198_png.rf.0fd34c775144e739c6a092c84d1fd0b3.jpg,349968,28314490f025432e3386316af543dcba388753462aedf106a17479de9787dc3c
after,train,images,dataset_clean/train/images/198_png.rf.f4d36cd86110927e09ccdf930bf1e08b.jpg,350312,012593f181037e6dab0515cc743b22e8bab6f2bf68976d3997327fc4e6fa6f25
after,train,images,dataset_clean/train/images/198_png.rf.ffe5dcf5226d96fdfebd37a8c7e1754d.jpg,349994,72269e17233dfc3b5b15012577d3bba4df5531d8ee30cc757fb964c3666967d3
after,train,images,dataset_clean/train/images/199_png.rf.a15a9935d4a05fe7a0a90393d08c08a8.jpg,331751,85d7629863ea6faae29b3b6cb6fd9b39b5dcd7b2a88c1c5e311813f555938bf6
after,train,images,dataset_clean/train/images/199_png.rf.c1faab59cb0708f0458756d4eb7d7b32.jpg,331236,43b75839d33a9cbc2dd8e8eff67c5b92543f3a21f2d4aed175a53b46eebf68cd
after,train,images,dataset_clean/train/images/199_png.rf.ec84f4bd2ce2b27f549a9ab44fde1da1.jpg,331236,43b75839d33a9cbc2dd8e8eff67c5b92543f3a21f2d4aed175a53b46eebf68cd
after,train,images,dataset_clean/train/images/19_png.rf.02b92ca6ba82f0b553e3ec69168ad454.jpg,252450,25e424c4ddc486ab16c54da07e4d44e2c43776eb345c4717fcecba7345d2e393
after,train,images,dataset_clean/train/images/19_png.rf.528509e4f27b004568add180a89ed7a1.jpg,253538,3da2a42ecd2f9dcceb35ef39337a0a1ce7d75a4621ff813a792bf4203b19b46c
after,train,images,dataset_clean/train/images/19_png.rf.e2d0ff7dbf2f230de48d37070ba477fd.jpg,253009,8e96c9d786eef3f71a626afdba1cea1f92d245688aa4ea531c390dcc579f2126
after,train,images,dataset_clean/train/images/1_jpg.rf.7974c956e6a35fb99300a78d47cb5f3a.jpg,16199,129825c589587d992d09a890da346982afeb7402558191445a04e5425c43fdcc
after,train,images,dataset_clean/train/images/1_jpg.rf.7c6057410a04330c333fb4033113e20d.jpg,16890,d2ff3063aea99b7f38b20a1ccda11cabe533b150d02bf0c8afe8fb527787e145
after,train,images,dataset_clean/train/images/1_jpg.rf.8b0bbd587821b1ebc1c8eb302d6d1416.jpg,16491,ddd08d3d4ccae08f9d5a85ba2be9ebe87ea5786d6548b4721c43514eed5358e3
after,train,images,dataset_clean/train/images/1_jpg.rf.9aeb9cdc88766f7fd052c84d9190d30b.jpg,17423,6a349083c0b25e138ed1ebf7b876e2fee2d6748ec0db44c6d938522183eb0d14
after,train,images,dataset_clean/train/images/1_jpg.rf.d67fff33e22f432ba82ad5ce2d80ede5.jpg,16825,fd8eb410a42c2e05031752241bc397028b3b38c8e2ce024ef54ffcd9e0a989d4
after,train,images,dataset_clean/train/images/1_jpg.rf.dcb817b9d6f28014be449b9b18a212ac.jpg,17126,cc899b8a3653954d3e374af66b83dfd2b7e392c8b5f4654e199ac8fb968aceba
after,train,images,dataset_clean/train/images/1_jpg.rf.f70df8b7b35d1c95626a3145e1dbdf8f.jpg,16505,1c9c05c85ec46b5a0eeb0dc7aad02dd86c79e932d530eee467c86a9e0bd2a225
after,train,images,dataset_clean/train/images/1_png.rf.4da576993858247b27a92bdea5353245.jpg,295933,19eb11351541eed29cf320eec92e289a7c6a13d319cb9a24a76e3a7b4c9792d3
after,train,images,dataset_clean/train/images/1_png.rf.78b43a7b4411008585c3ff4a65cd89ab.jpg,297786,c197ace4afc9b58cfaeb9f1aac99cd98fa0fee40711590f608e4bcd6e64961ff
after,train,images,dataset_clean/train/images/1_png.rf.cc4067ae2ad14307143fcfab276ccccc.jpg,295933,19eb11351541eed29cf320eec92e289a7c6a13d319cb9a24a76e3a7b4c9792d3
after,train,images,dataset_clean/train/images/200_png.rf.305d60cd405f2d48706d9afe8399393a.jpg,311946,b27e5df43af0e3aeb1bdefda8ef8cd24b2b0f7eb87b1cd9d376320918851fb48
after,train,images,dataset_clean/train/images/200_png.rf.5788c3b8865eb914ecd06c39a61896f2.jpg,311892,4afd0c4f10da50f2949dcb0909d7e7afce21a99cf8b90473c74bd535967e97fd
after,train,images,dataset_clean/train/images/200_png.rf.968c446e4aa33133d9e3d6d9119a0f8f.jpg,311846,ef59e911c31c60d4a74090ea0e34d7a5783b11a7523241e8205e3cfbd195d4bf
after,train,images,dataset_clean/train/images/201_png.rf.0c587872e2a281ae2c0c33a23932905a.jpg,299317,cbfed018c34e06d895421dd590a8f68d13d13cd2f822ae9183a338d641d7086d
after,train,images,dataset_clean/train/images/201_png.rf.6b1523157d3618568c19e0e5b9c4d448.jpg,299428,b32e294994d850594afd9a6a35675e2a0ca3334d41eed55e10d1b708e4885759
after,train,images,dataset_clean/train/images/201_png.rf.9e8ef8729c738226f2dedcbd225607e7.jpg,300036,777957c97a2bf66ba3fc1c603235dcc09a2e63344ceb9a660be2445909263127
after,train,images,dataset_clean/train/images/20200118_164733_jpg.rf.0a091bee163a6db861919e6ecd104a82.jpg,17836,7b03ae9ef1bed3ce7e4399050440c92af372c2d754636ffb2984853daa2b953d
after,train,images,dataset_clean/train/images/20200118_164733_jpg.rf.3ba9d068a255ac12a7d660f44c77fe91.jpg,18214,a2762e38f50145293d7cba73e4463f789a73746d1163f1fab5e3bd05876d41ed
after,train,images,dataset_clean/train/images/20200124_155418_jpg.rf.35e49a7dd4a9156190f1131d3efda287.jpg,17746,76e5ce2cd55f6315ebb941135fd9c855b4d7eec6cef378305cc1a8129f8baccb
after,train,images,dataset_clean/train/images/20200124_155418_jpg.rf.37e2b83f347f57f01c41060b92063eb4.jpg,18744,d3c2d8fbcbba22c98dd41c4d37756535b02e2cafea360323d8766659b4c98366
after,train,images,dataset_clean/train/images/20200124_155418_jpg.rf.5ffb0d5cb6dd6af2725b8c1e538b2c8d.jpg,17761,4c49de36bb747deb8d37eaea7b7a41e0f8e21cb6b6802d311b1932b8ac28bf4c
after,train,images,dataset_clean/train/images/20200124_155418_jpg.rf.8afcb5e2a2d9f52d1ac6baf4529279bf.jpg,18664,4abdc00a96945625de540e2f2a06da2a7bc6cea34405e7bb19d361d0447e64d2
after,train,images,dataset_clean/train/images/20200124_155418_jpg.rf.8d6253630e81762635afe658c53ac515.jpg,17909,453058c0d6e26bc72d6dfb4a403fa77ded51573dbc07973d57e6201c4a39aa99
after,train,images,dataset_clean/train/images/20200124_160522_jpg.rf.0eb44d65a1befd87814590762a0ccfe6.jpg,15606,794a2a11d55550201f952936ab0397f58202671aecf64f031d777e24ade37526
after,train,images,dataset_clean/train/images/20200124_160522_jpg.rf.29638fc0b75b64f6a8a9d24473693c18.jpg,15043,c1f549774be9806cf0d463701a8140c648dc248b59d91b1a6834f302dcf04dab
after,train,images,dataset_clean/train/images/20200124_160522_jpg.rf.73d84e603501db17582a383d6b87bc3b.jpg,16260,7232ca98f69fec9732ff13d7e4209909e791f5ba0f64f01d15e2bd4ed5d24edc
after,train,images,dataset_clean/train/images/20200124_160522_jpg.rf.c1cbd19f35b9bfb2a2cf4593a158650f.jpg,15592,af5c797b7e1e6f5988af147a1137cee791f7abf85da0cfabcbb0b9051491d2d9
after,train,images,dataset_clean/train/images/20200124_160522_jpg.rf.c98ced831f88007bb4b8651431f6acfe.jpg,15488,b5749ad141a7a6d5d2cdf02b3223ddc38fc54e51a2dcce42930f65869f2cd306
after,train,images,dataset_clean/train/images/20200124_160522_jpg.rf.e01308c436b954dc0aec64823d218927.jpg,15356,0e1b925feed06bd72c3022b30b2f6f5fa0d1317dabff418b2a7e8532792f7252
after,train,images,dataset_clean/train/images/20200124_160522_jpg.rf.fbbe329d813bc6cba09c8c5127a1f0ee.jpg,15320,92c80add8855b23b11efa9c70744627a436b9be45aa8b5a7e9d5144b5dc39a57
after,train,images,dataset_clean/train/images/20200124_161452_jpg.rf.1fa7cfe9e6a1a51bb8c0920060b2555b.jpg,18839,383d85d4ef761fe1f98b0efcfc1c205f5f0a9b86d2da1f444c4e18024ea8c9a3
after,train,images,dataset_clean/train/images/20200124_161452_jpg.rf.83dd14b84422d3116a759aa0abb461c2.jpg,18251,46674dcbfa731a993bbbea6b951515416acd345afb43e64960c22722c6129859
after,train,images,dataset_clean/train/images/20200124_161452_jpg.rf.9b60799120a96ecdf9328d376067319b.jpg,18161,68e3ef0b2427bf411a7a9b8cc745fbf84aab92eb2e04cbd5045981bf0f6c6b5e
after,train,images,dataset_clean/train/images/20200124_161452_jpg.rf.b5bb947e7af9c351076e65cc9950cd94.jpg,18316,b86f504cee6ebf0d65f3458b5695ff068b264dcc0a56eb9e4612a77cdf8a5386
after,train,images,dataset_clean/train/images/20200124_161452_jpg.rf.c57bf0145ee779446bf8dd66fd08a4f8.jpg,18212,3ae929efe4f20f8cd19c6cc4614b7a2b2ce4633cc524dd099df4f529314e14a5
after,train,images,dataset_clean/train/images/20200124_161452_jpg.rf.d78a3c835431b8fe08043934accd569f.jpg,18472,323f4e07e114e07804d6c5acc0a04df474a877e3d531b6916cf64c5ab83257d1
after,train,images,dataset_clean/train/images/20200124_161452_jpg.rf.f4775d7ccf7d819128e3649e62fad677.jpg,17165,877b34033bd2268bfabf24ee238328a4013bccd34d83e06c26971cdeafdb1f0e
after,train,images,dataset_clean/train/images/20200124_184029_jpg.rf.4c21e819de352f76dc4dec87ae40035e.jpg,16727,0a66933086586ccaf21d0f7179cf6272a8a4f1d89f0cb271bb74e6425d7bab1d
after,train,images,dataset_clean/train/images/20200124_184029_jpg.rf.7f890aa7b75dcfab4d9a644a3351478d.jpg,16933,af7e3007a9c0457eafbf4205ac506e3a0d9a6de65f712b94f5bd8d3988479013
after,train,images,dataset_clean/train/images/20200124_184029_jpg.rf.a5990e7aa906f422d3dd521d2e5128e7.jpg,16856,c50f13cbf9492c68c3516ea7b6cb7ebf26de2b547bfa5534098d38dafab95bf1
after,train,images,dataset_clean/train/images/20200124_202058_jpg.rf.35318f92d43f0a042122ad546c8fbc90.jpg,18044,ffdd9693824660b1ce02d0bb437646d056a9299f5a365eef21528a6612298161
after,train,images,dataset_clean/train/images/20200124_202058_jpg.rf.43c3586c04b7f789abb5d8bd77f0cf12.jpg,18492,c4a597a7be833f644ab3d005b447cf87a86a679691c5670b840939ad1b50fb37
after,train,images,dataset_clean/train/images/20200124_202058_jpg.rf.b7e53811bf42ca943a5a44eae50791ea.jpg,18089,57465bce469a01b329c1ab8f6b367c7db5d99168437637725514536593d7a87d
after,train,images,dataset_clean/train/images/20200124_202058_jpg.rf.d0cb9ee3b042df95126342b0ddbb0d20.jpg,18372,89cfc11cede05cda532abec4aa5a30f6b6371e934ef66644c6487446d5ab6f1b
after,train,images,dataset_clean/train/images/20200203_091841_jpg.rf.b6349bf6b88fff0321dfb1bc99749805.jpg,17303,6aab9728674c17a889d324e27aeac44ab56e7c138d5335596e8aec8c8cbacc0d
after,train,images,dataset_clean/train/images/20200203_094523_jpg.rf.a7def27d73fb5804d4f78394995a1fbf.jpg,15454,ff27771468edcd40d8d5a6dd285fa863263ca3f68c10ccd37c53b235a486099d
after,train,images,dataset_clean/train/images/20200203_094523_jpg.rf.b95e57e9497051e9123cac2ceed9b9d3.jpg,15587,2e3bb5201a156f70cf838268381d7e5e1f631b88310d9a92f5541d504296c586
after,train,images,dataset_clean/train/images/20200203_094523_jpg.rf.bbede53bd03e76ca1a1cd29935f5f6d8.jpg,15689,64e9b9aef660cea637c39cfd0bb566890c8f4564c9c824a5b53ffa78b27c987c
after,train,images,dataset_clean/train/images/20200203_094523_jpg.rf.cee3f916956dc888ed99ee0be4fc3f40.jpg,16575,8f052a4c8a3d959112bceba24bc231dfa2c952cf390aabaeba897adfee8dd845
after,train,images,dataset_clean/train/images/20200203_103722_jpg.rf.809b978699ae3277e5a24f348f088a5a.jpg,14178,7acf6fa1cb55536fdc7b2d08431d3ce5bf0083c2e4de64c634a42447ecdb715b
after,train,images,dataset_clean/train/images/20200203_103722_jpg.rf.80e6dcee24117e5b4fd4884a14f6599b.jpg,13552,97c0f6e24f23b0645e465909c781abe1b3daa373cc1191443864bf34e42c3a69
after,train,images,dataset_clean/train/images/20200203_103722_jpg.rf.ecb1c632c2e641663dca65f060de5162.jpg,14437,f5dcdbe9445590c520326f202ac02b25f69a4b910328dd46e90d2c4947ce9615
after,train,images,dataset_clean/train/images/20200203_190841_jpg.rf.0bbbe67457faf09784a3c86530536f22.jpg,17278,a1a23917e758622105a90afabfc8b8f7c99cc7d4a8fa6a8b0d99fd4f63b1c0cf
after,train,images,dataset_clean/train/images/20200203_190841_jpg.rf.414c35efa2dcb2076cc78a1a1ba54a98.jpg,16106,8efd1dd3aa9684390e364ee5bfb06a29115b8cf3c6363efe2c3319e945430e6d
after,train,images,dataset_clean/train/images/20200203_190841_jpg.rf.50657f65545bb8ef9e2a1ec141fdad1d.jpg,15817,fb8286f3e3f3a129e38e08b2d2f5035230049cb15ef3906b57677d0e61087004
after,train,images,dataset_clean/train/images/20200203_190841_jpg.rf.76dff1f3ac71cc80d18321c590443724.jpg,18091,c4c08e765430db207785ede77a01d49e377d74b0e9999ac75861a55acc7f069f
after,train,images,dataset_clean/train/images/20200203_190841_jpg.rf.a14a03d8915f8d434d3f5f2cb62deb88.jpg,16925,33b11e4c3ae141329794f96c19bdd17d1f9d6705bb2c2965b0925cc29454c48d
after,train,images,dataset_clean/train/images/20200203_190841_jpg.rf.c9758faa64c37228f889798eb5390e32.jpg,17120,71487052e699e020d56ede26e54d5da1b08882237d7c8522f88ac0e8dc216207
after,train,images,dataset_clean/train/images/20200203_190841_jpg.rf.d3a33ea198745e8c519b1ba20d91a1a7.jpg,17121,817c9721d2d02e75090f834685818ce07fadb718701f6a56568bf605ba234874
after,train,images,dataset_clean/train/images/20200203_190841_jpg.rf.f51fe0db96537fd44726ce6abec3427d.jpg,17519,5030562258182646ef29ed25e6df1f93a9eb9de936f8098f26ad7018ce6e41cd
after,train,images,dataset_clean/train/images/20200203_190841_jpg.rf.fe0ff78efa8352f929db07e2dc475aad.jpg,18029,ed23bf37c364464a69a165dee2250bd1eb0e20abe388e7b391cd7cf63e44fad3
after,train,images,dataset_clean/train/images/20200204_154215_jpg.rf.23dc7ce681243892e7db3d3131fe89a3.jpg,15813,d447e4abea9c6706f314a94e50a1c493f52b17bff0345951d7959817e9e6a778
after,train,images,dataset_clean/train/images/20200204_154215_jpg.rf.cfc3d4b629554766986b9d22964dfa62.jpg,15944,b9642d78a32e52cb69ba964725cacb023c794125fffb5324d44b143918b8050d
after,train,images,dataset_clean/train/images/20200204_154215_jpg.rf.f02ac7e38f15f5bf30ff8fc054f86855.jpg,16761,6b376043b58f7965b6156d1ebd1702ea92698a5bac82a4112d83d42f389b70d8
after,train,images,dataset_clean/train/images/20200204_155221_jpg.rf.059e248e493383e851fee31eb118ddf7.jpg,17975,3ede67d99c8813a04de51e54ca5aab630ea2601ca3821cce70941ffbcb49d291
after,train,images,dataset_clean/train/images/20200204_155221_jpg.rf.089ed5b243c2d2ff5344e6ef88ebd3c1.jpg,17992,17e4320e6ae3bef2868a78607f66a05acd53d7fc21fed32de760911bec7e97c1
after,train,images,dataset_clean/train/images/20200204_155221_jpg.rf.1b3d59b63720129f6868884f1c13c8d8.jpg,18811,ed1b0dd7faeffd33f453d6b44bb17dc02ab9173cc6066018fb4a91e6a4f9402a
after,train,images,dataset_clean/train/images/20200204_155221_jpg.rf.3b645da98cdb01f719295011f39a97a2.jpg,17788,0e2e0ddf3e3af643c9cb4845d5cb43f8b236b009baee40e6c5c2d9b567259991
after,train,images,dataset_clean/train/images/20200204_155221_jpg.rf.85d525fd2f4ffa5779fbce018bd891ab.jpg,17763,b016d946f6b66c84e9d39c7567e3690962fc2f951be28456435a44f0af091bff
after,train,images,dataset_clean/train/images/20200204_155221_jpg.rf.b4c3162f87778ea1baff9c2fb0e21d37.jpg,17408,6fd6ce422911e2bc1eec56e028749d3694ec87a6916a5ed4dfed9fd3dc94a18b
after,train,images,dataset_clean/train/images/20200204_160737_jpg.rf.9f97dd828cf2f5b4e64cba33d3c63a61.jpg,17648,874f734e81b994f34a3cf81d9626acc2a0225a5371e36fced4fbcf98d5802183
after,train,images,dataset_clean/train/images/20200209_132714_jpg.rf.61c57f57b0b175cf0246c7eb5a8a9efb.jpg,18164,9be226fd4e2fa0339907325444dba4c3ac723b632d9f125ae120c6eeb7ee2094
after,train,images,dataset_clean/train/images/20200209_132714_jpg.rf.67536106592a4f495b9872832571bd4e.jpg,18752,5f694cdb45fa25ebe40de680eec9d6a4fec95469867f2487de2b4a51e0779521
after,train,images,dataset_clean/train/images/20200209_132714_jpg.rf.8dc3316b9367d5fc0372caa835e101ec.jpg,17230,58f2abcf38ce118a2b6f6c42ec98df184a015525ce95e0a32049eec08b84ebbb
after,train,images,dataset_clean/train/images/20200209_132714_jpg.rf.8f80c97fa2c29455ff3a75cb0a959452.jpg,17248,bfe6f91e76817334192828653e09d0bcd28f7350bd1ae9d2641d3f0edc11388b
after,train,images,dataset_clean/train/images/20200209_132714_jpg.rf.ac79b06c765dc37bf8e71090e8c2e770.jpg,17641,11061bdf2305d87f2040d85535b4406a453bc203f0b5581b719411e04c596f86
after,train,images,dataset_clean/train/images/20200209_132714_jpg.rf.ae208a310ebb499851898f49f35eabce.jpg,18808,604bc17f1995707a7716c4d147b5c8cbc78502d9627a0f5b44d19de02338e0cf
after,train,images,dataset_clean/train/images/20200209_132714_jpg.rf.f83734940bf8ed40a68a1b12464f0654.jpg,16949,e1b7b28e246c395e9c8a159f4b393b95b8a89ecb4d4e186baed66e32f782b695
after,train,images,dataset_clean/train/images/20200211_140525_jpg.rf.06284cb01cc00ccc8891d9e31e338db7.jpg,16389,809a16886f8a606c7ff498cb3e8341eb0b1b7ceeb432e99b46712b4a3d4d4241
after,train,images,dataset_clean/train/images/20200211_140525_jpg.rf.52f327f0e52a18b72bc3425966da5c2c.jpg,16958,79b6315de66a7032460240e6fc91360f891105815bf463049d512944e3f55f00
after,train,images,dataset_clean/train/images/20200211_140525_jpg.rf.af72cd9c0feecca37c62230699b2be44.jpg,16366,cf07eda2f614b16ff4c0a0e40c9f4ce0294f07b2a0ad5f0ce7a93e8d4b75fe59
after,train,images,dataset_clean/train/images/20200211_143315_jpg.rf.049f4c46a4f9e32fa3e1bd5a49bfc236.jpg,14168,236c5e9e9aaab5b0accecca09be866addbbcc781ebf7103d6b1196308a215097
after,train,images,dataset_clean/train/images/20200211_143315_jpg.rf.7ad07f2fa376eb2f001c5f35385b1f3e.jpg,14433,3e7fca929c6baab78ac46823c01ac0936ce4b484f4248ebbc945374079e3127e
after,train,images,dataset_clean/train/images/20200211_143315_jpg.rf.8a780882fc0226e2f7068773bdd10c95.jpg,14312,a6cf2c2f00e5b5fc1af206c7b989c4ded74ed81d9005d6020e98574ea4f0f1b3
after,train,images,dataset_clean/train/images/20200211_145200_jpg.rf.0ac658eb56ce11404594f594c7470c82.jpg,19727,1a92ba238fe93e7240bdc4303725787853fdfdd103bafd4135c8e7b4753515e3
after,train,images,dataset_clean/train/images/20200211_145200_jpg.rf.2b9e95ba096ffe5f3f3dcb856c5f2f77.jpg,19330,9dab603325288def729a6e689cfda2c0f9d7e3d37813d26d4795040d2c96ec3b
after,train,images,dataset_clean/train/images/20200211_145200_jpg.rf.5c85182f4155c70cdfd23942503a30a2.jpg,19775,b6f16a81ff770b9f54635ceb08cd024eaf5dfa8be782088fcc57e1ff1a2f662f
after,train,images,dataset_clean/train/images/20200211_145200_jpg.rf.9e4541322d28aa26206619fb8ea2956b.jpg,20265,bfe9afeb726dbc5308935cf4c57265fbb49cbf654e638a00882f49712bc6b726
after,train,images,dataset_clean/train/images/20200211_145200_jpg.rf.b12792fd569ae792ef794314043b5c5a.jpg,19398,1b1364da8d96cc9ae99809a4323a7b686c3996ad17a975ca67363ea49c6601f2
after,train,images,dataset_clean/train/images/20200211_145200_jpg.rf.d5986f16e1d6038177d0a996a11e82e6.jpg,19440,3f09723365bab8080ea2cdeb79c990c7328e2df0b7bc25039586998fe1108c59
after,train,images,dataset_clean/train/images/20200211_145200_jpg.rf.fd751db3bd1a69a34a82ff4a9ec2ed93.jpg,19306,a579cd02b25970cc92136ed6b48f373e3d1b93608b3b4f9c26622ada757f2cf2
after,train,images,dataset_clean/train/images/20200213_120556_jpg.rf.3285b8e1e269e14555d178d5e8a1f404.jpg,16509,438e101bf47bf6c53d3ff71e73c9498b9551312f1e3fee3d3245b56659368288
after,train,images,dataset_clean/train/images/20200213_120556_jpg.rf.3fb962f50f3841514f89850f21d0508c.jpg,16175,38c5931409bc8182f5d58a35afdc9159ccb14373e09383577f226b9b98bd2abf
after,train,images,dataset_clean/train/images/20200213_120556_jpg.rf.55a71fda62239e3545ed0f2025ddda4a.jpg,15790,0e9ba94cb590b99814a33472694377236c850840a2b6ee5e424d99b569e473db
after,train,images,dataset_clean/train/images/20200213_120556_jpg.rf.61fe6f4402bc2d0983d899b7175a8439.jpg,15712,92310fd09afcfca15444d4f48607fed5bfd992a5c671b8ce87d8ebb72c083954
after,train,images,dataset_clean/train/images/20200213_120556_jpg.rf.745f5e93f586cecf2a92ec8cae44cb22.jpg,16710,a64394c855b1dcd183900622e608797f2625b431628efdf820bf225678245147
after,train,images,dataset_clean/train/images/20200213_120556_jpg.rf.a7a5b607b70536dbc37caa293d2e7ade.jpg,17534,6d6ce38e3e804edfb3a118bb89442b1cd017d3c7d82ed71173abcc287ef12cf5
after,train,images,dataset_clean/train/images/20200213_120556_jpg.rf.b9a8179da732b4e8aa693eae8e31ac21.jpg,17101,472a704f23719d95a84dcc2c51c720af291c206d12cb9e718d2830180d72f90f
after,train,images,dataset_clean/train/images/20200213_121216_jpg.rf.013ace50de41f6518a17e5a702293039.jpg,15853,025f3e792eb960b8803af797133db30e36c18dc387482c3ab3f73ccb5b9bf993
after,train,images,dataset_clean/train/images/20200213_121216_jpg.rf.1dfba93c6ed69a1c434ddb71008aa349.jpg,15718,11146933d55b3d2f1bacd6e310e722081004e51f96298f05e3abb7cc1d3cebe1
after,train,images,dataset_clean/train/images/20200213_121216_jpg.rf.40bcfef92e839d16cbb193e1debd8b0e.jpg,16079,bd5e979061edc53a7602d093a174578dae38158c976757ae682c0fe3d234d3e0
after,train,images,dataset_clean/train/images/20200213_134128_jpg.rf.f046a1b673366a4ef5c22bb638a3660b.jpg,14804,5bdc1a464894ba140f78bc848265eb935395864de416b7a3cbe216e499c72c98
after,train,images,dataset_clean/train/images/20200213_150536_jpg.rf.2b79c103f74d5d3e3c7945289f84eff7.jpg,17629,1018aceddd2650fa6accf03acf962e79e0b11756e607c8eb2b95e28cd5be2659
after,train,images,dataset_clean/train/images/20200213_150536_jpg.rf.94c5bd3fb1d77500a1dbacd552e0d437.jpg,17470,5d55c3d6172b4173d674306b67676a31550aaf2c7d94a4dc22854349890173cc
after,train,images,dataset_clean/train/images/20200213_150536_jpg.rf.b749ca8b77613eef1d651d5c5fb31c6b.jpg,17882,db35ca6f7883e5ff1bdb729f44be66ee618634316d4f0399a05d6ca699249cf3
after,train,images,dataset_clean/train/images/20200213_152924_jpg.rf.02df643a5818b09eb648327a59e12a55.jpg,15021,8f1e683b6ac1ad56f03ac5ea431be455a732fc77e549151849ee5e7e76ecdeb6
after,train,images,dataset_clean/train/images/20200213_152924_jpg.rf.27e92553946cab1175f1d42567f30820.jpg,16173,44936ae2b503a965ed57479420bc42d844685dbd858b3fbd6cadb2f5d0a467f1
after,train,images,dataset_clean/train/images/20200213_152924_jpg.rf.475cb2d1208e3468f5086e71dc784be7.jpg,15861,44d8742dd7e42ab9ea1f6e42695e59ed2d551a7fb3709fc3cb5d5170fc1dc479
after,train,images,dataset_clean/train/images/20200213_152924_jpg.rf.4af64a283db32768dfc49d6e3e7c6619.jpg,16248,d81d4bb15c3acefdd433e06f52d3c6b271838c74f83547e854097ab1f9593d3a
after,train,images,dataset_clean/train/images/20200213_152924_jpg.rf.b9fc838ac0e6891646ff958bd1b4dd77.jpg,15600,0f2bfd17d0bb368867459e1f4186c5e1aee3230de16e1521a8dd5ce85e7f5ab0
after,train,images,dataset_clean/train/images/20200213_152924_jpg.rf.cd8ac1600af007b63a500ca14b448db9.jpg,15847,bb3499d12022a0da6ad42c3cbe53b3cd1681a1bb9ac37b75490387590e8512e4
after,train,images,dataset_clean/train/images/20200213_152924_jpg.rf.e961515f3a35563dea4e93f056eff5a9.jpg,14978,e6c1ce55c54960dd774b08d02f4dbcd7cf35e3ff5a63de0684e06c7d5dc445fa
after,train,images,dataset_clean/train/images/20200213_153536_jpg.rf.028998abdcf4bc7feb9e64406f8b38ff.jpg,16600,aa9d3aa21a28750562806ff79d2c3092c850e29366ab8a399f7b0fcc7c86a4a6
after,train,images,dataset_clean/train/images/20200213_153536_jpg.rf.096f8ee52a5fe5e9f6506cbd26c0e5bd.jpg,16592,abd8c69b36448aaced74f43e8133cad21875867c074d53b6394ac8ed1511d069
after,train,images,dataset_clean/train/images/20200213_153536_jpg.rf.176ecf5d8ae0f225b8828cd9e69253d6.jpg,16734,5fa13ef2650a039592cf2e0cba46457386931706e9ef81198ce9b0e71018d7d7
after,train,images,dataset_clean/train/images/20200213_153536_jpg.rf.bfb073961c171ef9437d4a34429bdb62.jpg,16302,6ad2eef72eafc71b73786a26fbd25b72428d000f6396f53465efd009ded41438
after,train,images,dataset_clean/train/images/20200213_153536_jpg.rf.d26889e2503b1b04ca6848bb843d02ce.jpg,16129,0b79a6a3e6e87a43940662407ce59222fb6989fa93defd870ed8d3f544aa3895
after,train,images,dataset_clean/train/images/20200213_153536_jpg.rf.ddc855dda6d19f8e9df9895c130e1fce.jpg,17016,75637bfd0638cbc16d6f1d4387079199577fab21d0d1f19b2c28a5f80dc12c2f
after,train,images,dataset_clean/train/images/20200213_154129_jpg.rf.425f6beb3fa43980e179aa8269001e28.jpg,16718,bfbb4b227c0a8e0a72c313490d92f56cf1bd5cf98488b8a960a175b4949b49f4
after,train,images,dataset_clean/train/images/20200213_154759_jpg.rf.26cc4b5c3db8cd3750834103b680f149.jpg,16858,e87051349c922339141e853c9f4a4a6f4e55b96143dfd18f1829f2600830f6b9
after,train,images,dataset_clean/train/images/20200213_154759_jpg.rf.3fa99a7b4b023068e5518740ff1b0855.jpg,17450,a6d95a2e3b06ca1717c7a7b7ef7bcb35d60f345044033cf0ef144f442a204c97
after,train,images,dataset_clean/train/images/20200213_154759_jpg.rf.55ff44960431dc98321986003d99ff10.jpg,17534,5ecedb5238727a01a7019f3f9cdda2b54e4b0dc8907c6b49b9372b6dab44927d
after,train,images,dataset_clean/train/images/20200213_154759_jpg.rf.5f98a13e1f54eb385335e32cfb1f2c1c.jpg,17745,61cf279bd1e4990d071bedcd258f76287c261b9d6eb322568fe50a62687669e3
after,train,images,dataset_clean/train/images/20200213_154759_jpg.rf.7d77c248acee40aa767eb041b4f489d3.jpg,18104,851de1a6aafbc32cd8c096347e204bc6f60504cf4c778c77bb83a1344697f06e
after,train,images,dataset_clean/train/images/20200213_154759_jpg.rf.b6a0e607cf6bdc245bd21855311059ac.jpg,17409,24ab293d87c7c4678dcccc17ccbb231bd196f766936960e7956ec5929338b8e6
after,train,images,dataset_clean/train/images/20200213_154759_jpg.rf.c5da010e4b20c06714b6cd96026b7cae.jpg,17088,4d44066abc71465a369c1c5175ce2cd5c7bfbe7024eec2fc56c9cb8391e8184e
after,train,images,dataset_clean/train/images/20200213_154759_jpg.rf.cbc8f5cd885497cfc00d74cc7908da55.jpg,17818,2df960abc462a163bf5ed343d8bd378474c9608ecf001c556ab3d92fa2e7f51b
after,train,images,dataset_clean/train/images/20200213_154759_jpg.rf.ea6093fe3f6b94665100e40e7020412c.jpg,16969,33e829a993601014d2732ed5c3088068f93c613ba9be9c94e1240bc85fbcec04
after,train,images,dataset_clean/train/images/20200213_155456_001_jpg.rf.2b3a3c214358246f8c515457a486c565.jpg,16489,f9a9b496c9e0b1cfe754399d524baa797916f0db58fe8d921ff0adb03ac6a50f
after,train,images,dataset_clean/train/images/20200213_155456_001_jpg.rf.4bad9cb7f17ba347c79fbd76ab5584ec.jpg,15817,afbae4f96ecb4d92b304aaa68022592764a44a7bf4f1f4e65a7972d6d5bc0ced
after,train,images,dataset_clean/train/images/20200213_155456_001_jpg.rf.8d9663eeba0994276cd212fab2cd96fb.jpg,15581,e9efc052bc8eb3b52c88c6251e1e23eff6b0fc7c02b78993bee4c7308aef0f18
after,train,images,dataset_clean/train/images/20200213_155456_001_jpg.rf.a85698d7b7f6224d251b7135aa788d48.jpg,15525,56161cb25db489eae54bd5e572d72f141dffeff953d7f2b881e6749544167cbc
after,train,images,dataset_clean/train/images/20200213_155456_001_jpg.rf.aa2e17c965d6fe7becb803b8feadd05b.jpg,15829,8a842092ddee1a2c0a9b7da34d57325ea54138f89740938521a4ed7fcfb3487d
after,train,images,dataset_clean/train/images/20200213_155456_001_jpg.rf.c1538e4638ec808bebfa77de03f4e215.jpg,16009,0d9a518a956944455d37de923a6fffc5ba31c82f5f4aa204ec81394107501a00
after,train,images,dataset_clean/train/images/20200213_155456_001_jpg.rf.db26311d905347ccd30a6c5c556907b0.jpg,15820,87a5e4db2fa2b88520bab9369585d2e1483d6a69bf75c3c2677e38caaadbd609
after,train,images,dataset_clean/train/images/20200213_232040_jpg.rf.39c98e081118122cdb99550f702aa8a7.jpg,16606,c098daba4b659bc21ebb81492ceafe16cbb19ff4e398341a709e0203eb7b8b06
after,train,images,dataset_clean/train/images/20200213_232040_jpg.rf.72a65df56b94d88cab44371cc39956b1.jpg,16952,9718333e218e55e7535ca3ab9ecb25068e6167d778f9f441eef6cc085d471f16
after,train,images,dataset_clean/train/images/20200213_232040_jpg.rf.fbc26a453e411e2933301873d3a224f3.jpg,16769,2a36e76e765b9a2266f5fde59052248e49fc6f11612cc4678df6991836a05781
after,train,images,dataset_clean/train/images/20200214_122915_jpg.rf.13cf5c8a1a90d94244ec48ed53336aab.jpg,17937,cca20a0fc816ec4c93f38dba02d2d08604d8a1a0ed06eb167ef1389a1aa7f180
after,train,images,dataset_clean/train/images/20200214_122915_jpg.rf.8fa1d71c28021040fe6fbc4561f2bbce.jpg,17901,34c6f03496c53c06f365d31d01ba67d89c3cd19b316098a84024dd158a0923d1
after,train,images,dataset_clean/train/images/20200214_122915_jpg.rf.aacb5f4b87ab02ce3507a165119c6b25.jpg,17952,32ee39340c7aadca60041b77d9bc6dabf79991d7575004f14b42fe7b9a59b636
after,train,images,dataset_clean/train/images/20200214_122915_jpg.rf.bae4d4fbe5c45741f7a5705a8f42eb60.jpg,18061,91cee82223aeb9ae43166f12e054cb72673c7e2b83578116f9890518e9968287
after,train,images,dataset_clean/train/images/20200214_122915_jpg.rf.e8650915793c0c607472244c7c131bf8.jpg,16936,bf43e3a679d3f0b0586a0b58a3aefacff1705e7be296c635b3e64dd409eb4fa8
after,train,images,dataset_clean/train/images/20200214_134745_jpg.rf.08486d7b772161243afb729bce33f6ad.jpg,15624,94e9aa5330899189ca21d56b1bf6f33abe5f4ba56ac240d51d41fa0dc6a6d93b
after,train,images,dataset_clean/train/images/20200214_134745_jpg.rf.1501796a87120858f91bcfb744cdaabe.jpg,15242,ec24a5806e32d01e24e86b437fb7f07e79b0ff13bf7ec6d5be36aac0e4a36b16
after,train,images,dataset_clean/train/images/20200214_134745_jpg.rf.34b8cebf5ed29b88a7b0d365c5c52787.jpg,16942,378669a8a84343d76cbadfcf47a8c858c95155b04a979e53968584e2a558e8e8
after,train,images,dataset_clean/train/images/20200214_134745_jpg.rf.360703c668ffb16517f84ef136671717.jpg,16068,d19730bdf07884db6fa8158155f03b96953652ab12e06f89d7944dbeb07e7902
after,train,images,dataset_clean/train/images/20200214_134745_jpg.rf.6a8108133546b63cc3a7595e6e3cacf5.jpg,16219,24f01c473b679f8d12b1636827da4e67478dd7fde397fc46e862d87f60950615
after,train,images,dataset_clean/train/images/20200214_134745_jpg.rf.7180ceb4770be27e59ebc8b1e58bb142.jpg,16079,00e1c91d3f56882f544cb549a578bdd8f02e6d46c48a895c1c8afce5ecfb5e37
after,train,images,dataset_clean/train/images/20200214_134745_jpg.rf.b62233bb04e54c4aa04e034120bbef65.jpg,15891,6de1d772241b9930ecc09171e97abf6e2731beeda29666c7483f04a38066b527
after,train,images,dataset_clean/train/images/20200216_223744_jpg.rf.5aa780a364d0c64df2bc0693da087a98.jpg,16005,b6e0986658e0c0a4fe988bcb66231770d0b7e6fc87d335a314bdfa1379f3d7c3
after,train,images,dataset_clean/train/images/20200216_223744_jpg.rf.8e0e8a934baafec07b45bf58985efc65.jpg,16430,d38510082aeabf555d76fd1bba843001cee57728bed70f46b2479f28fa15e834
after,train,images,dataset_clean/train/images/20200216_223744_jpg.rf.98fb3961e6568edfe99a3836e22063b9.jpg,16126,5989b5aa93679dbe4a14bed07578215cd16b9028496702752026e6e453f9c65a
after,train,images,dataset_clean/train/images/20200216_224452_jpg.rf.228ac224908d4b3a474b5a20fe60f8e6.jpg,17682,420779c70fb9462ae5f457370bacc8939b122521374a2e95655c9dda94b0845f
after,train,images,dataset_clean/train/images/20200216_224452_jpg.rf.336ce5c4ccd34a7b99466aac838219b1.jpg,17574,e9a55919ce965c6bbdc190344ff95a357eb2fee7e1c2a8db8448208535fa9e2c
after,train,images,dataset_clean/train/images/20200216_224452_jpg.rf.3ab7856d7c48fc9d7d694f952cf83f79.jpg,17361,547300302bb08497d9d82dba9a5e4895bbf054564cf5fa325d1f3f73c0e12a17
after,train,images,dataset_clean/train/images/20200216_224452_jpg.rf.75d7684bba0b3dfe67c6042ad64209fb.jpg,17736,93968388cbf8f0f557a53bdb64701169a6bf9b798e55c9f57ad6d8931966a1ae
after,train,images,dataset_clean/train/images/20200216_224452_jpg.rf.a1b9fc196578d9d0d336a59705c82173.jpg,17305,442bafe15c632c8f1c5bd09ca72767113f998e8d1c738ad18f4550c4ee92377b
after,train,images,dataset_clean/train/images/20200216_224452_jpg.rf.ab6eeb9feaeeb23ddd97885b59343fb6.jpg,17371,9a6e68e7a3f36921dd60d723b66022e70ddffe05dc572e4d7364f6b690340eeb
after,train,images,dataset_clean/train/images/20200216_224452_jpg.rf.c99cfa6c3a33d806df454a60da0c12b5.jpg,17670,d18fbf5c8be9e3e74c6de93d75f19a2425602acb85da7796910680b5deebddc2
after,train,images,dataset_clean/train/images/20200216_224452_jpg.rf.cd333746e7967c0e667ecc1a66df0788.jpg,16919,3f82fb7d7e541d5af7a6e2d3baa00e3dc864025c99e8bc32c6e25e85fb74d329
after,train,images,dataset_clean/train/images/20200216_224452_jpg.rf.fc687a9ed85fdb14a3a5db57a8a7cc24.jpg,17216,63163f2b64877dfdd10395433a0aa435d75574d411efc225a821f0a4ff417558
after,train,images,dataset_clean/train/images/20200216_232931_jpg.rf.ed4d59901fc58f4278d13a6754c9fe07.jpg,15329,0a7c48b7da9cb4f120b4cf3112fee0a200a05717b18de884fcd8add70c4c4fbf
after,train,images,dataset_clean/train/images/20200217_141804_jpg.rf.8dd2ce45f60b7c4dedc5a3ea897935cc.jpg,16980,b524eebcede6e5a9fe8c486bcf81d6bae7ed1bb4f994694a9a5425f5274519cb
after,train,images,dataset_clean/train/images/20200217_141804_jpg.rf.9986c3b56d909488f5bb0eb0f0818847.jpg,16994,52f16a07bda16d47486d4d1a8ecfbb5c49cee953363a1b95d8e40d797fa3492e
after,train,images,dataset_clean/train/images/20200217_141804_jpg.rf.f6591e8efb91be2c78042abb9a3364e3.jpg,17783,0280a4a7fe626c638a7921c74d67846e82e7d2a15952cdac495407d6821c6deb
after,train,images,dataset_clean/train/images/20200217_152107_jpg.rf.08be6fd61272761c3cab908fa56c6189.jpg,16987,2c6f113bbde4da792ec13f0775f8a86f0064961fc18069be41e2bc17a922381b
after,train,images,dataset_clean/train/images/20200217_152107_jpg.rf.57922c46ba38b60a763b694b320ce404.jpg,16677,e0fb411570526400a00de25902dd301481750c953abc73403749eed0a9040e60
after,train,images,dataset_clean/train/images/20200217_152107_jpg.rf.9756a3e5c730d69568b6e4ef8ebcc6a2.jpg,17119,ad963a2a950ca58bd8365381c5247e3d2b45a3c5f23a7d8a2a0f053d14880b0c
after,train,images,dataset_clean/train/images/20200217_152107_jpg.rf.99b63b146bc9a025b1c07adf22b9dd83.jpg,16689,603a33143b1cb1ac38a1d0c4b127e25f8245906af3fcaf428d134f16fc82be2a
after,train,images,dataset_clean/train/images/20200217_152107_jpg.rf.a48a02a19f914d68dad0df287af35750.jpg,15947,eacb886e839c4d3fec4e0516ab0433192fa5811f6a9cd542ec42dfe903fd7950
after,train,images,dataset_clean/train/images/20200217_152107_jpg.rf.bb530b3e04f1c042acea2d516af70bca.jpg,16645,b1ee6b602d6d4b287e4522cd62d1c2f95daf49dfa89a4ff5c77ce4e7ed7f72f1
after,train,images,dataset_clean/train/images/20200217_152107_jpg.rf.c1f354612d83a4b79e18dd441f777968.jpg,16845,889f6451c527738c212a168a48342456308af7382ab07a0d9854609b65bf9d02
after,train,images,dataset_clean/train/images/20200217_154641_jpg.rf.b81719ab4a37b54a257536957f6b25b9.jpg,16381,5ce5dd7ffd82a08639ccdab321a20db8a991068cffc6e3b8b87e32959b6d08f7
after,train,images,dataset_clean/train/images/20200217_154641_jpg.rf.f6175116308a61ee67f10d57158cce0a.jpg,16866,62839982def7eddac3086c042749bb0eb49084bdadece72e666e492d29e7e989
after,train,images,dataset_clean/train/images/20200217_154641_jpg.rf.f96df3566bf0a96716b050cb9d47e368.jpg,16267,dc6db70f8da6c7aa26c346b3001419424e65b2bb99073a774e37423fbea3cc74
after,train,images,dataset_clean/train/images/20200218_210419_jpg.rf.0a65686058cf5c9410530c74f88a1d78.jpg,17670,f607c1339fa6eb24232cccae4a985962285722ed9137956a60b1eff197a0da3b
after,train,images,dataset_clean/train/images/20200218_210419_jpg.rf.1e34485fb09b6d954f853e91490a4ddd.jpg,17824,3588ae7ad85a9945b0f9bfe83715bdf666531c2626963ded04ddf1195dad0fad
after,train,images,dataset_clean/train/images/20200218_210419_jpg.rf.3eb8045ac19e9757bd719801ef6c5bef.jpg,17698,fa11aa9c7aa2af1b37eb8d6bd266556784c7bb539ce8554b2d9f6f19239a3919
after,train,images,dataset_clean/train/images/20200218_210419_jpg.rf.3edce04c0b2967451803ad4461366e24.jpg,18206,4cef907213f8c8453677bb62e1a3bc60ea3776a2d2f1a47e4dd4ea5d2cb64cea
after,train,images,dataset_clean/train/images/20200218_210419_jpg.rf.61db07c762e855a4d7e2e9b01084b9b2.jpg,17544,5d27d86aa950dcc8da9798e385ad9ac640a586f5de0c51a88fe2ed2161a04086
after,train,images,dataset_clean/train/images/20200218_210419_jpg.rf.a19a12c679a41597c0fb6e102d8c0625.jpg,17523,bbe8dcbb1e25d0e4e8a94a5759241ebbadd0575ec09e5e2c320ff7d1c0103c0c
after,train,images,dataset_clean/train/images/20200218_221400_jpg.rf.002395b50146fafd28360beac15b3faf.jpg,17077,33b1065bb8d7c3ad44acd3849958f6ddd1b60d705ac23ae8b318f7c78a7528b4
after,train,images,dataset_clean/train/images/20200218_221400_jpg.rf.0240f2b843bc8666df2a4b10866f5450.jpg,16887,ad0ab798494095df405bc1e010246cdd73193c3e32aeeef640f704995e8319ba
after,train,images,dataset_clean/train/images/20200218_221400_jpg.rf.07fb1b7b5187ed7eb1f9c250288f7249.jpg,16756,b5887c369ace07ba949a162c59ba22332506b578c6367cf1cd75bff41edfdf60
after,train,images,dataset_clean/train/images/20200218_222325_jpg.rf.2795d2bfed73a1399d00c2c9841b389d.jpg,19805,ef6ab803e93645e301b0b363f4d98e34d4e3e6d6ef3ad64d18c8e43f5c0f5ad4
after,train,images,dataset_clean/train/images/20200218_222325_jpg.rf.4a2e19fff8c7f4e496263eea19725d89.jpg,19090,cf5858fcace2f50619fa662dbe1aa37619bfae31f70c01c605e0cd0b2488585e
after,train,images,dataset_clean/train/images/20200218_222325_jpg.rf.4c4c30e93e6e92a2029e19d1a1e1f948.jpg,18970,8741fe38e0922f1351607790b2dde50cf6560bcb860d5f74390d278bdb5a7bba
after,train,images,dataset_clean/train/images/20200218_222325_jpg.rf.785cc266f882e2b14a2cb03afcbb4758.jpg,19796,2508c3c751fd7152b9812ddcf9f461d8e01ea148427ed5929543014b21366108
after,train,images,dataset_clean/train/images/20200218_222325_jpg.rf.e3790f8f7ad649b4af700939f502d39b.jpg,20399,61988191e022bd11d00dcda67ea4a0a67fef23a90d28b082f2e8085bf2cc1689
after,train,images,dataset_clean/train/images/20200218_222325_jpg.rf.e93dd5b9d129889f771c6f448ebaf4b1.jpg,18935,fc6ba696d86f8ef74a2cb9efe33183ee49c97872fb74111645a3ab186da44f8e
after,train,images,dataset_clean/train/images/20200218_222325_jpg.rf.e9dccb486e22425775d5aa7a81afe454.jpg,19049,cb7b3a5ef9ea7adbe9cdae1770299fd3c5a08889411dd6ceb0d185425c4eb0d9
after,train,images,dataset_clean/train/images/20200219_140311_jpg.rf.0a77c4f73f1815cd67e989320ea7f4c0.jpg,16050,9ee5509edd14d92e235cad4d4edfc379afc075775ea3da6bf5dce7339c9e261d
after,train,images,dataset_clean/train/images/20200219_140311_jpg.rf.2150da902ed46127b6f7fae73b8d69a3.jpg,15834,ce3731597090d5010b0811f7b87ac2934b74d4798aff1bcabf1ac5f2d2b591fb
after,train,images,dataset_clean/train/images/20200219_140311_jpg.rf.4446159c0f3897dec87f39a7417208d1.jpg,16054,7754545c053da88a4973baad078de1f5397d712035090932dca48c55cffa44e9
after,train,images,dataset_clean/train/images/20200219_140311_jpg.rf.8ada6c7d96a899835eb7175c1bac792f.jpg,17249,dff58d500acca29ef80c371eb8ed9a885d841e83d8373264b314e62e387e76d7
after,train,images,dataset_clean/train/images/20200219_140311_jpg.rf.eaa73a8f7e15ea30f2b586459cae116c.jpg,16877,b8eb38269c9ffefdf61411400dc78ef17fd522f928422318496a00444d6ddc79
after,train,images,dataset_clean/train/images/20200219_140311_jpg.rf.ff4ef028906bfcfe10e8fa6a8821caf6.jpg,16649,0545688d923ff518559c9acd818c199532515425a39e21a435be6195f6bb07bb
after,train,images,dataset_clean/train/images/20200219_180148_jpg.rf.022cdbd17fcd7c7ea4b83811b0ff75ea.jpg,18320,fb8ab5bc995e3ac188d754ddb398102b7fcbeb9af26102432fe791544af89cdc
after,train,images,dataset_clean/train/images/20200219_180148_jpg.rf.0e5c3e6aa75f956ef6e4536765fdbd79.jpg,18008,ed3beae9809e87b6107469fe8639fd134d98adfc75e2a0cf38599f8a14d774aa
after,train,images,dataset_clean/train/images/20200219_180148_jpg.rf.4a5138821abe7ee16a0efdf73e95ce11.jpg,17831,b85b9c97d40fa41fb38480ed291b746aeaf90b2c943a61d642006b8103b0610c
after,train,images,dataset_clean/train/images/20200219_180148_jpg.rf.cbeba27caa4f9a4a7e95252b111ad85c.jpg,17852,fef5256d204835384e007c5742a1ae4a6d48cad951224e32f0a1901017edcc17
after,train,images,dataset_clean/train/images/20200219_182849_jpg.rf.24f34fdc961557815834d4bec9d1673e.jpg,13762,9480087f647e4fd8405a8b169c4464f91a68525e2d4641de55693aa35a388f10
after,train,images,dataset_clean/train/images/20200219_182849_jpg.rf.cf34795b5c8c25364163cd10a40986fd.jpg,14760,aa5b09c0697576b4f3612d684fe58ca808800c94313eabb8d3fff06a5dd54499
after,train,images,dataset_clean/train/images/20200219_183506_jpg.rf.0e8d6fe764abc750c6dbba0b1e758f1c.jpg,17362,4d0e4d0ee13c28b4891053316202c8cf4e83744f267378286b891e53c485e822
after,train,images,dataset_clean/train/images/20200219_183506_jpg.rf.12bde213fd6efce94ad7565301f2968c.jpg,16280,ce278362e8d1376770ef40cabd168aad10a8c2435de1787b8f7308b11a5508dc
after,train,images,dataset_clean/train/images/20200219_183506_jpg.rf.463fa176739278c0ff3cbe2e446f2010.jpg,17299,1260e9f05a8dbb698ccd0f77f5cd3715615356a259235262ec7091152ac11be2
after,train,images,dataset_clean/train/images/20200219_183506_jpg.rf.9fbdd4fcdeb6243c83c4c1f2710893da.jpg,17580,56a3de3ac9c52da06c31c31f87ca2eba75205161df49993546ee8373dce18a7b
after,train,images,dataset_clean/train/images/20200219_183506_jpg.rf.e1a8874b68b8aa525d170c63df902ae7.jpg,16361,604ba1dbb214aa6dfcd12c70cb3a668bbcb3bca21dc2d3bb4a578165859a706b
after,train,images,dataset_clean/train/images/20200219_183506_jpg.rf.ecc84c2f586ee8a893ddb235c338e4bb.jpg,16711,279cb7d5414c795447ba783de52aeef58e0d8e371ed473d4917777273c090bf5
after,train,images,dataset_clean/train/images/20200219_195511_jpg.rf.2b6e7baa29bea96865bc7d7a1c8681b9.jpg,18823,6c06c4961bf299ad40c36ff446fe281c7725a40a886d8bd3c17011736e94d1d7
after,train,images,dataset_clean/train/images/20200219_195511_jpg.rf.aaf41834059472717e58e6bba9f47c6c.jpg,18615,c9f4cd97db2050765664eb68fc7c2324d527de4e341411e37b3521361f29c13b
after,train,images,dataset_clean/train/images/20200219_195511_jpg.rf.b5abfc5a720813b755546780bcf8d8f0.jpg,18587,45104a7526b5111fdd641c306b04b8d805260045b4f444c6fe5853af237a0f00
after,train,images,dataset_clean/train/images/20200219_195511_jpg.rf.d75eff44ee33e8dc8fe9271c19da0681.jpg,18872,26d8a3b569b004ea96959c40baec2e910e8bae7dc236d8eb0a2c3a6b59c1ed85
after,train,images,dataset_clean/train/images/20200219_195511_jpg.rf.e81c1304faf57c8964be541728c45100.jpg,17594,0661d1fb0d301b2ea981fb94d63d055a9229199a0b80d1d2a6012051debf5a42
after,train,images,dataset_clean/train/images/20200219_201501_jpg.rf.229670727add56d2a9e797a6fc083373.jpg,18183,e812d2043ad850181a51a15ff1cd9c188f69626ee4c7675b8ff7b6b6bb449c0a
after,train,images,dataset_clean/train/images/20200219_201501_jpg.rf.47aef1910bdda9b03545dcda32db05fe.jpg,18269,9b8f18b47910b8b024102e0ba2f77b3f5fa12a940b316957492b29efcc21eafe
after,train,images,dataset_clean/train/images/20200219_201501_jpg.rf.4d01d5f9df0dc78634e241256b6436f3.jpg,19176,f9925b8c9ea2ee368282d0079f0e41322ad653c7139998480a3adc515ef7f2fc
after,train,images,dataset_clean/train/images/20200219_201501_jpg.rf.5db6021246dee47df645573c7f69a2d0.jpg,19910,35a3d5ca933edd9e1382d4d734a14bb1248d78b055c9bc2506545c49f0d441a3
after,train,images,dataset_clean/train/images/20200219_201501_jpg.rf.c7ecde7c6a11d3d85ef25246f5769217.jpg,18153,048d87728076d82c695fb9e8d39f2dff5f914d801ee212383f23d995d50566ae
after,train,images,dataset_clean/train/images/20200219_201501_jpg.rf.cf1b602b68c264fc98dd668ec20d254f.jpg,18237,53b01c0d4eb1ff3b0dd5037c1cb47ff791637790cac1ee2db16675a7981229ae
after,train,images,dataset_clean/train/images/20200219_201501_jpg.rf.e66cfad1aa3d69e17809f93b5401fbc5.jpg,19914,b52cd36159934752c6db86a5e32cf11d7514e061126b8a9cdaa9d120891e05d4
after,train,images,dataset_clean/train/images/20200223_184734_jpg.rf.240fcdb99141f4767b08bd3695ec8b9a.jpg,17856,16f6648444115f5e7c2f2126a1096843709552c0f1c8cd2f3bdbe5b72aea407c
after,train,images,dataset_clean/train/images/20200223_184734_jpg.rf.33afdf9190dc1b6cf0e5e196a8adb634.jpg,17791,0f67d1ecc6fcd5845eabb60ccb35c949f9c307ea6a67840195392872ab4fc9f6
after,train,images,dataset_clean/train/images/20200223_184734_jpg.rf.4a0559f4b361dc3a9a72c67733412112.jpg,17677,92335fc950032c3df2a12e63beda5c95bf9b7ecff067736989fb77bea895fc6c
after,train,images,dataset_clean/train/images/20200223_184734_jpg.rf.54fe2808ecedef6bfad08f0d915e9a5f.jpg,16908,7de13885ab1f67e8dc7ac9f05fb65840abca1e24a2fc5056339909ce807d6221
after,train,images,dataset_clean/train/images/20200223_184734_jpg.rf.631c81ad0d809201169cf146b47273ca.jpg,17848,702c23f839b76cc190938e0796a5a746dc35b837239d54fe9ad5cd1cd31c96db
after,train,images,dataset_clean/train/images/20200223_184734_jpg.rf.6539704d7a5c3610e36c09ab8625c830.jpg,18182,cde7f826903302e815d9f935a2e541830901910293ab696f309408e68e50f3ad
after,train,images,dataset_clean/train/images/20200223_184734_jpg.rf.d50ffd5b2987e51f9d835a1b0b920aac.jpg,17889,ec22d06ad72edb127b60bcda66a1158ed795dc08d7346e83b3da6c6fa3b372cc
after,train,images,dataset_clean/train/images/20200223_190638_jpg.rf.0e48cee1e5f4fd8405c6450f5776853d.jpg,15002,4f6ed81dbd8f14781741b521240dc3e4d1eb5ad7c21e419ff114222ae82f0adb
after,train,images,dataset_clean/train/images/20200223_190638_jpg.rf.223b2e5bf59f7407ae0b679eb410201f.jpg,14394,ac969c51326f3dc6482287768ee2b457a5d8c2f3a5de07c7da5f7265e277d9f9
after,train,images,dataset_clean/train/images/20200223_190638_jpg.rf.359a0740c230842dcc9b7b5597b793f8.jpg,13988,96915de40df163f27cafe01db91d8379f520605925d86bbb4bc0b2fb8c2e01a0
after,train,images,dataset_clean/train/images/20200223_190638_jpg.rf.4638f385fc8c6d623ebfa7a238d5b770.jpg,14332,7a477550201cd7bd5caf1b86b8077de5ad171b049912729968e7c4ae1f89d6e5
after,train,images,dataset_clean/train/images/20200223_190638_jpg.rf.9990592d72ac6bea0abf5b330fa1290f.jpg,14880,36e327a99b59b2378346a29c62ddefe0f6fee73c13f202adda91707ff44c392d
after,train,images,dataset_clean/train/images/20200223_190638_jpg.rf.e41e1cac4bb88b49937d86bf180ba55a.jpg,15086,ce4de7511dd7c910a0bda4abad6389cd1b89a45c92594866715516b627d301e0
after,train,images,dataset_clean/train/images/20200223_191233_jpg.rf.1688c2e9a3205d3f2f77603cd41d023c.jpg,16278,87c156da132ce8a40df5b37687d7761937ea270f8dbc33c18731c108ba0db41a
after,train,images,dataset_clean/train/images/20200223_191233_jpg.rf.45c062ae503e8c6e3c86218f12d6af5e.jpg,16300,2d700d31b42219fa826bdc92d2de0660cf4288dcb6d293e68269ad927fd45908
after,train,images,dataset_clean/train/images/20200223_191233_jpg.rf.467eacd5735db8fd0d6296286eb763df.jpg,15693,d5b2cc484fc8d5885fbad2ba9e608333695acb222219c49811bd758d5cab2089
after,train,images,dataset_clean/train/images/20200223_191233_jpg.rf.50dd4b7aee8f9b428f5f06cc6f5b5026.jpg,16263,f10a7dd7485868484fbb2d16c24fbb7e69f2ff0a01f773bcba102692a713ae10
after,train,images,dataset_clean/train/images/20200223_191233_jpg.rf.71d9c083e651df73a459d71307080fb8.jpg,15555,8cc225527e4f4804bd3586e2815289014abcef0c16da99516807f7e3e0dc5b5f
after,train,images,dataset_clean/train/images/20200223_191233_jpg.rf.aaa4e0b453e1af1dfbb680da16fbd38b.jpg,15431,53ba1f68b748871bf5e629865602b9a3c587296659739a7fd8e5968affd70ea9
after,train,images,dataset_clean/train/images/20200223_191620_jpg.rf.073cd5e24f2a5673a199d0c98d95c9eb.jpg,16696,23c75c2d4ec9b196867415ae752ea84124a1b86b98c024acec1d32d5ed16218c
after,train,images,dataset_clean/train/images/20200223_191620_jpg.rf.13019ead913b1e7bc13e4d84684464b5.jpg,16436,77806781bf411febf76ef01a7d5d25b51698ba41aa69ef3787d820456021f2b5
after,train,images,dataset_clean/train/images/20200223_191620_jpg.rf.8d0d07cb5fb9a0062ed943e957afe87f.jpg,16693,629b882ea109086b2db6948c69e6637d568894367042ca7ba98650689f16b85c
after,train,images,dataset_clean/train/images/20200223_191620_jpg.rf.d17ce3b715c47cbec0c55a746e05ffaa.jpg,16775,1867656c63531294b961668c0b3f5af72ea356d2f8807092d9d8704863a791e6
after,train,images,dataset_clean/train/images/20200223_191620_jpg.rf.e09c6befe9a749c628142487ec0cdd96.jpg,15691,958f3aff492adce1bcea70f78740e61bdda0af32448632b27c93f454bb38e0b4
after,train,images,dataset_clean/train/images/20200224_114700_jpg.rf.2c4264e994e5c6f9797dc45d2fc7bb61.jpg,16113,d59ce2dbceb7d5d2a3b7bd7d3eec7ad6564760b797a07af45c470f78d04ae43c
after,train,images,dataset_clean/train/images/20200224_114700_jpg.rf.b2d8002f2bdda030e1e4249ce75602aa.jpg,16021,82051ba454fd444061aec49753ef3872fa17db899e9ddb6e488b8a715675e4f0
after,train,images,dataset_clean/train/images/20200224_114700_jpg.rf.fd56d0dacf391f6836f63ff9bac62a08.jpg,15894,cd83d7c04ab8c329402570a0254f0ed0d4f10de2a1f042424450eeb4e63a82ef
after,train,images,dataset_clean/train/images/20200224_115853_jpg.rf.091dbabb405b2633638837d8bb522535.jpg,19237,957c80946e64090a580d06c902c435384bfdd0d05b0a06b6c32e0b6fab95dc0c
after,train,images,dataset_clean/train/images/20200224_115853_jpg.rf.0c28f96f6798d1fe822761bec8f1a7e0.jpg,18982,4b7e1bdf43990f4c311baa425c93cef7ef9d2eff17819581285cab44952cb665
after,train,images,dataset_clean/train/images/20200224_115853_jpg.rf.327e8ae2b72c09202471c0d9bc4973d9.jpg,18941,71ad7f6da903fc3a2b4d5fd3079a792d383a2c0a043ad4978d17e68a140d75b2
after,train,images,dataset_clean/train/images/20200224_115853_jpg.rf.58953d676323f44b1115fa70b0693a01.jpg,18975,c848901d077f751e5825fdf1394476345423c908698cdc60c2b503d93a83ec66
after,train,images,dataset_clean/train/images/20200224_115853_jpg.rf.9c8583972ed7b6e1b84574416ed649f1.jpg,19068,b75cc111c5d9197d1cec6bc419f1985aae4e82732132ae4d542e8b96ca583336
after,train,images,dataset_clean/train/images/20200224_115853_jpg.rf.cbcad6710c334f341175dd7e979c0b59.jpg,19187,633afc3a44ae23e3ae9fe5c92fef7888d44247e0106b6640b79cfd92db2f462c
after,train,images,dataset_clean/train/images/20200224_115853_jpg.rf.da7ac2f1b47880ca60b248a2c283d757.jpg,19102,cfd1a9653de2eeb6b16aab7557d3ad15bb693bb994ceac197050cb4bffe41b78
after,train,images,dataset_clean/train/images/20200224_115853_jpg.rf.dea1eb7048ffe557c0f248a687946a44.jpg,18614,12376bc5c6ad73aa5158fce5351208745bb3f778eb57e48373a244ec996efdb1
after,train,images,dataset_clean/train/images/20200224_115853_jpg.rf.fe7e49f64b3be288b805eebc67171e1d.jpg,18782,8327663122b5ea22ac8ce4fe9c59bdba0a04ef3d66182a6efc8ee31e1414fb33
after,train,images,dataset_clean/train/images/20200224_120426_jpg.rf.03ac4026b5c756a394012393faa8e73d.jpg,15804,2db592ec34392ac180cff4ca1f242c579a0e44115fe02f2a99c82c65c375ed2b
after,train,images,dataset_clean/train/images/20200224_120426_jpg.rf.5423cb8c186fed8a97d9cf269a54ecb5.jpg,16065,1b8581f7bc069c63c32db185cd119b43e1351287f98adb2de482ad09b9b89780
after,train,images,dataset_clean/train/images/20200224_120426_jpg.rf.6a9a3eb86809c4464650d759392ac62b.jpg,16573,dd45107db523b706150995ba62b707d32be7da52b501b66512be1fdbe5ba97a2
after,train,images,dataset_clean/train/images/20200224_120426_jpg.rf.7bf3fd4145f1d593c554c458e4dce3f6.jpg,15858,531e55f96bbf7f3253b49a46b68d7810dce060af522692fd7b868ccbe6e894d5
after,train,images,dataset_clean/train/images/20200224_120426_jpg.rf.7d53b75eb1d4e0e6681a59eb8be6500f.jpg,16708,c543e9a097b67a6906f3caf7d24c19eb91e0b86d6e2d92981b6c06029b14340f
after,train,images,dataset_clean/train/images/20200224_120426_jpg.rf.8c0774c6ab950217c7eb2a3b9882f12c.jpg,16067,1fb51368dcb42f5fcb85a81920a58c826f14ec960035080ac20876030f82ec84
after,train,images,dataset_clean/train/images/20200224_120426_jpg.rf.af6e5b685bb306bc7cb64d0332388bed.jpg,16537,f936fb7e940c1085f5478a087311a7049af3d931310abb349cd2b6d51f4b1daa
after,train,images,dataset_clean/train/images/20200224_120426_jpg.rf.e3f16c8b66b5f89b6716fedf09693bf8.jpg,16543,d8d4110d081e1fdd703068237ac728437fee4fa0a79a0bbfa9c8b1a47dbc4888
after,train,images,dataset_clean/train/images/20200224_120426_jpg.rf.ecd7068eee0177d71479fdb258f9d226.jpg,16508,400ceb078ef7ec8e48eda102a4573b13398a35f848bd0975687bbd4ebe7c72cf
after,train,images,dataset_clean/train/images/20200224_123714_jpg.rf.564b9594ddbe15508ef5c81ba9af0356.jpg,15781,5f66b53cd74350162f3f0e6af2a19b60930ce908714210af8c58b30790d4f231
after,train,images,dataset_clean/train/images/20200224_123714_jpg.rf.6480a8beda4872c1c2c839fc2348e2df.jpg,15750,c2b905e0292ea312e1202be593a1afc517dbf5cbff14999de8797d4af7fa9a06
after,train,images,dataset_clean/train/images/20200224_123714_jpg.rf.83a33e33b648f987ba9766359dac548d.jpg,15598,1d0d2885d08c724dd3603535a5bf050d9af38938c0a9cc01e99d584a95d0b225
after,train,images,dataset_clean/train/images/20200224_123714_jpg.rf.af355322b0001bf94023ae588d6bf289.jpg,15193,998fdbf7de69c3737a848c72bc6f0930ccf8a388dea64ab7e7b44aafa7ddd6f7
after,train,images,dataset_clean/train/images/20200224_123714_jpg.rf.d304ddcf468c0aeb1ba500c7d15f136c.jpg,15735,973da7fe2644390b491ee7dd32366fdbc9f73c92a6eed40015a5186d69ff8bda
after,train,images,dataset_clean/train/images/20200224_123714_jpg.rf.d35c3d8b6a2bc1e086cbfcd88fed9e4d.jpg,15220,f4875afaf70316527fa0179e9fc2fbcee8dd158326e174a7d9d692f3735c08c4
after,train,images,dataset_clean/train/images/20200224_143301_jpg.rf.0addd6e43d78ca1b2c644a6ef8c0eed9.jpg,13178,7c8f1d2e6ace9518a421c0a3f7e56a2c218d4f5338799e8c9205cfaadcc5f461
after,train,images,dataset_clean/train/images/20200224_143301_jpg.rf.0caed1e21432363a8973f6bd69c24808.jpg,14015,f124312f197e38428ea015cefdaf54f877af13483382c676b61ec09512505d9b
after,train,images,dataset_clean/train/images/20200224_143301_jpg.rf.7b3a99d63aa6917adec984e555ed3d4b.jpg,13885,f30da812edeebb275d602cd22410f1d3315445be33fa6aa2898f39cddda609f4
after,train,images,dataset_clean/train/images/20200224_143301_jpg.rf.7dd35dc5ee60819d49e0fe97a648357d.jpg,14052,955585f6725e6db91064da86443981d7f47b533ffe9ec8f331de5d0c7ef410f3
after,train,images,dataset_clean/train/images/20200224_143301_jpg.rf.c945b22381cc41e40db9e62c63ab6c6a.jpg,13271,2c373a00d8e5e8062aa91c282277188c50a8df6e19d0b3f80e0fa19e76f53da3
after,train,images,dataset_clean/train/images/20200224_143301_jpg.rf.d1f115790960d54bf44da765231d776a.jpg,13787,4fff6825e24dcb20312728b5563f36e474a15c7039b5569298fe88d4787fd5f3
after,train,images,dataset_clean/train/images/20200224_144551_jpg.rf.4df66f71c55336060d0258293061dc47.jpg,18237,c61b6d9a0b21abfa8136a4cf63022d8b1f9f594203793a0a701d5e5e1bfcfd7f
after,train,images,dataset_clean/train/images/20200224_144551_jpg.rf.6ab0433478e60fd7483a57b5fb94012f.jpg,18303,58e10b0e44f493f59e6337346a2a4554afd08960942280af5ea90a393f0b427b
after,train,images,dataset_clean/train/images/20200224_144551_jpg.rf.a9b4b79b0883927174ae8a5191671e3d.jpg,18281,dbee53e0b4bad25ca1f6e38a0cde04a54ebf953d63235c613d34d766996438b4
after,train,images,dataset_clean/train/images/20200224_144551_jpg.rf.b6f763f040968d76dbfd16e2d9ead2f4.jpg,17259,f8b4f65269020841c406e4436f3a5e5c8eac8d274665f230af99534520645ced
after,train,images,dataset_clean/train/images/20200224_144551_jpg.rf.c6c53d56dc05b21dcdbbf88faa6ac6e1.jpg,17683,66b6b1048fa91775b86b4a2208d8665898be0a3b9f37644e6240d7f975565bca
after,train,images,dataset_clean/train/images/20200224_144551_jpg.rf.ce80f00b129213b41aed58376faa0b27.jpg,18139,d407aee0ef68278ef55cfaf019ed663f71826cf59ecf1193bf7b49b361c5d3be
after,train,images,dataset_clean/train/images/20200224_144551_jpg.rf.e7cbfd40e49f0fc6adac1116fa132b1d.jpg,18204,6643dda3954461406cccd5f86f93bd87fd0af14a81e3b3ae6e4c033d710105c1
after,train,images,dataset_clean/train/images/20200224_144551_jpg.rf.f030c647b67ba11ced9bf6e8c5303ada.jpg,18204,6643dda3954461406cccd5f86f93bd87fd0af14a81e3b3ae6e4c033d710105c1
after,train,images,dataset_clean/train/images/20200224_144551_jpg.rf.f4a568a4e19f8b07d0b26b9c7d212a1a.jpg,18841,4cb5dcd5f4af0ea4d9e49e8d5709b17e966c871ea533601d26b906a4fc4d4b88
after,train,images,dataset_clean/train/images/20200224_145301_jpg.rf.8b3b6b98e7b9872d81988ea68b25c27e.jpg,16947,a19bc35c4b2d033c1abbd2dbe0bdf61ff3853814215060b68c3c7fade9b6d0b3
after,train,images,dataset_clean/train/images/20200224_145301_jpg.rf.a47ec4fbdeec8c2bf00172ee55062d0c.jpg,16547,cf217d30dcd439767fbf717c957fe172b0c1013c3c5b6dccec16f5ada1142ceb
after,train,images,dataset_clean/train/images/20200224_145301_jpg.rf.fd10f9733738098f4f43e726bbc36767.jpg,16166,05fe5f002b84f7229c83b9288e3e44f8af24db0de0dff92149593dcac1b577a9
after,train,images,dataset_clean/train/images/20200224_150539_jpg.rf.14b9ae53fe5bbefb5e56fe6a1aaa9bdd.jpg,19212,1cb8aaf6cae3fc541449b6f751f5e751c78bc26c8d65d94ccb021b2d31859669
after,train,images,dataset_clean/train/images/20200224_150539_jpg.rf.4c29295f5f127edf375dedb38e97cb53.jpg,19296,86bedde7871070d66ae6ebcde07a3865ecfa7662729b994e6dd4829b0e431d7b
after,train,images,dataset_clean/train/images/20200224_150539_jpg.rf.591e14fcaabc6acd361f12717a1f41fd.jpg,18094,01ce494afb80ecfeb818ea2e579a1b2965af0a1c4da7d4120435811765578a06
after,train,images,dataset_clean/train/images/20200224_150539_jpg.rf.64b1517c5c3d3c5f14b0fd252c79ddf7.jpg,18615,bea3d550f2ff125fb2159c02a801749a95f775ac81b4e7aa514244f619a2f382
after,train,images,dataset_clean/train/images/20200224_150539_jpg.rf.b8286dd7e8ba58488cc25a85ccc99e0b.jpg,18773,9aa0bd5996d932072ebbda6ddb2676b58adba5c76ad7b652736cbeacc133c093
after,train,images,dataset_clean/train/images/20200224_150539_jpg.rf.d5394ee504e6e1fb18da708bc1d19fcd.jpg,18543,fe6b67238b118a24409f20691e95bb41c7c4de057bf9557a534b28666089aa4c
after,train,images,dataset_clean/train/images/20200224_150539_jpg.rf.fde5676dd5ae3f90ded1e8c45f92d300.jpg,17712,df1c2b277b7fd6782acdcec39b8565b55ef028b1590594e133bf5f8c101644d2
after,train,images,dataset_clean/train/images/20200224_151450_jpg.rf.37c40ba52b09beaa09dcaf98f4460b4a.jpg,16552,cd0dce82dd7b24f130e46ae1eff6bea2b4b17ad4b83f0d1783cdb379e1ae5437
after,train,images,dataset_clean/train/images/20200224_151450_jpg.rf.6ae696987f1709a296db30216114d902.jpg,16991,16c2d80e3028e75a219a4a1f25306d90f413abda188c44d582c9a5031cf12b12
after,train,images,dataset_clean/train/images/20200224_151450_jpg.rf.9f90fe10dd9f7ebd77ee1afe7b4dfc3a.jpg,17193,322c073436d842a1c46e2da7db0f0c62b6bf6dc85db0467f38af9361da149d28
after,train,images,dataset_clean/train/images/20200224_151450_jpg.rf.cb0c49eab5acccd5f9dbe360bfd614c6.jpg,17078,ea06cd65133de7374a1203f4b2b44fcb3b4f04a3e723ead36ba3297229077dfb
after,train,images,dataset_clean/train/images/20200224_154729_jpg.rf.7193943d32a2edbf2c29adbdf7db6a29.jpg,15842,e6b3694ca3db8cf5d7fc214ae63cd72b016e7ee8810d240c9b0368cb4ea5a69d
after,train,images,dataset_clean/train/images/20200224_162916_jpg.rf.25fa886ff1953720ead8623f6e9b9528.jpg,14982,2c6d39cc1934bfd565bbb2bebc8ba37914a315114e80717cf6c4088fc5ab3365
after,train,images,dataset_clean/train/images/20200224_162916_jpg.rf.316f02b4226fa8f2aaccbe9d9b393342.jpg,14640,6333b999b028b8ee23e4485b1f85e16637b4c8d0a6f33ea8a9ac85b822590da0
after,train,images,dataset_clean/train/images/20200224_162916_jpg.rf.cec2fa9e20ed23d0b166881909bc38a3.jpg,15164,2fa64c5ec4a3edd8fd7db36a98ac6163ebd2afdea2cbd043a20b676f50ccc051
after,train,images,dataset_clean/train/images/20200224_180925_jpg.rf.1399e5a6510f7a7666791a3e43652370.jpg,14707,deb1577026d9923ab1d2e4d9776ae9da16a8bea4203a6b3ede9a73b7e7548cc3
after,train,images,dataset_clean/train/images/20200224_180925_jpg.rf.16e3d6d11bc056925c7a5701e0469955.jpg,15628,852eac512fe3d10906a55bb4b9043530f759b0ca7b888be9f30da79c7f5c6c4c
after,train,images,dataset_clean/train/images/20200224_180925_jpg.rf.30362cb2bd14380f0312adfa8b657ae1.jpg,16711,74d94754db936ec77ee4a64a53c17522ffd14fe6d816db9010c0c87154c88ed5
after,train,images,dataset_clean/train/images/20200224_180925_jpg.rf.46f4277e34f9748dedd468cf6a142331.jpg,15756,93d3522ac287f4708844af19574f8b8f2c36b89af89a997830a3187e0a00ea1c
after,train,images,dataset_clean/train/images/20200224_180925_jpg.rf.86ac85613afa7e156e3db390c603a8a5.jpg,14685,990b260227d49e8a76a744a42c418236d4b8f514fcad3f3c1dac1e1f64fe427c
after,train,images,dataset_clean/train/images/20200224_180925_jpg.rf.abf4e95e0cdc9d60fbf45d05183bc797.jpg,15296,abb4f0d9e79681696f67d4268da3fe77f2a3eacae232b2973ea6eece0c2f3d82
after,train,images,dataset_clean/train/images/20200224_180925_jpg.rf.dfba7cd41c77aff85c945fa43e41ff55.jpg,15252,cc58e478b5ff9500ec9bcd68e9191ff1410c5d2595e3e85f9719f39bd77931f0
after,train,images,dataset_clean/train/images/20200228_190130_jpg.rf.32ebd129a2da900ed7d867f0a7fc1350.jpg,18513,6f3bf025c1d68f3f275efb51b6fed3285b0ce526688f087739fe3923a26e1879
after,train,images,dataset_clean/train/images/20200228_190130_jpg.rf.33010a5918b5d6b25d421d6a4c2c6980.jpg,19476,708ffb90db0ee55145420eb270c59df72196bcd847cfc2576e7192cb397c1672
after,train,images,dataset_clean/train/images/20200228_190130_jpg.rf.5f9139b7baa95059eb7c56c1f1893da5.jpg,18508,453b56b6cddc92022b6fffa8e1b218153dde7ab23d1520ecc958d478e9c9db60
after,train,images,dataset_clean/train/images/20200228_190130_jpg.rf.af58a07cdafabff4198d30317f75ac5e.jpg,19450,5ebdc6cbab554bca5f1f6b8062d5d7245181ce9bea71b743a8c0e7dc39dd3586
after,train,images,dataset_clean/train/images/20200228_190130_jpg.rf.c48aeda8696c559d6979f3e46352a5e5.jpg,19971,30e98a10b1574d1020d09ba957f623fab2668489c63d21f7700690d78468d28a
after,train,images,dataset_clean/train/images/20200228_190130_jpg.rf.f0fe95821c5e660542b9cc652b66fa19.jpg,18540,d3f9c7db384ffb1010492c99f4899197ea5a2bcc140c1896846098ac1740e53d
after,train,images,dataset_clean/train/images/20200228_190130_jpg.rf.f818635e6d582984a200ef98b758679c.jpg,19359,e9a8a7ed2d92e2b615da5e751342ec6bd9ad5d573295100ad32716fd6d9e45cd
after,train,images,dataset_clean/train/images/20200228_190334_jpg.rf.79721d806457dad0e2ba2b6f3d185240.jpg,19416,5136e556c8a21866218e4397ff10d7cdc00f1fdf0462639168b71a68ff401596
after,train,images,dataset_clean/train/images/20200228_190334_jpg.rf.7f60b23eedede2c684aba9b73ca4fe45.jpg,19622,5a6e6b4c2ca963241fac60893999276f9b356d371ea8d6ed8e078cf987b66fd4
after,train,images,dataset_clean/train/images/20200228_190334_jpg.rf.bd15653a35973e012665fb0f79f44228.jpg,20124,f474c279e885e37b90da4b380978c3ecfc6cad9b0aded1e8745decb13310f3e4
after,train,images,dataset_clean/train/images/20200302_223503_jpg.rf.dded824a399d7e7175799c6650cc80fb.jpg,17069,f0ed6b7577d722bd0a7db57dba52ae7f598b476d5640af36281b68ed8d981994
after,train,images,dataset_clean/train/images/20200302_223503_jpg.rf.f8135eeb629dc5b4555cf8287c43534e.jpg,16981,a23172bd9b3cc7a2b259c7f60e96cc1732c09eae5dd90c04521cbb0c9c918ba0
after,train,images,dataset_clean/train/images/20200302_223503_jpg.rf.feb8da7f278175c51b297cbdf8aa7039.jpg,17139,09b549b10a14c8f1ded455f559bb750e4615ae9119bd2f1ffd86873f180392fe
after,train,images,dataset_clean/train/images/20200302_224240_jpg.rf.0323edfa699d876f6b21ec8ab963567b.jpg,18071,51cdee575f41573be0eddbad942da7679785f87239ac11a1cff5a606f3d92de1
after,train,images,dataset_clean/train/images/20200302_224240_jpg.rf.4059577f9535762a04de8eb2c088283c.jpg,18086,f6befdf707c0ae1a1d5e0dd5958af651238def4d8fbda5279c53d9c02464271f
after,train,images,dataset_clean/train/images/20200302_224240_jpg.rf.511a3117962ad0070b26957be18776c1.jpg,17870,e09be89bc7565da3cac495825489732730d719b179e2a432664b5232be54b094
after,train,images,dataset_clean/train/images/20200302_224240_jpg.rf.6ad9cc17cba22138a9c86d0682adfe43.jpg,17528,aca6aa409a77e7536f2360c4ea18e17f54f49545255177c213425aa2da79bc05
after,train,images,dataset_clean/train/images/20200302_224240_jpg.rf.70c46fcacc71cf49c090f565274c4560.jpg,17268,8ca4fa2250b0936e88ef1311b9c6cab1df01109ac97ff1855b51149a6c3b6a29
after,train,images,dataset_clean/train/images/20200302_224240_jpg.rf.bfcc69d429cabc17de1e57c1251c584a.jpg,17027,b1ed352fbde47689473281f4219f4dabfdf93cb6475385c48d21e78a6bcca289
after,train,images,dataset_clean/train/images/20200302_225922_jpg.rf.66d89a6635e357cc7ff98ae4d2f7b551.jpg,18528,7e6a4827c47e198fd33775dabf3bdc01352041164f9fac749d7f560c0a0a32ee
after,train,images,dataset_clean/train/images/20200302_225922_jpg.rf.6a7124eb6cfdeb58bb0e8466ed8e3eb9.jpg,18487,56c2d22db1b961374b090804fb474d5c7ce80cfb5c764a45a0d6d5c0272d529a
after,train,images,dataset_clean/train/images/20200302_225922_jpg.rf.d801f72dc571435bed4da546bad00382.jpg,17893,2537dcdae766e391e48d2b446c938bfd8e9b6690b6973e970d9adf851d2581ce
after,train,images,dataset_clean/train/images/20200302_231050_jpg.rf.07300147858099e77875fedc9d265eb9.jpg,19086,7ad5bfd9a05c4fe924f21bac3a129c5fc7f955c225e6e2a09462fc36bb60702f
after,train,images,dataset_clean/train/images/20200302_231050_jpg.rf.42d038bb344c0468a19bd01dbdbbde73.jpg,18618,10516f2b4e867f0a0631f2848df852e678f9a04357d5ac1d8881157857084100
after,train,images,dataset_clean/train/images/20200302_231050_jpg.rf.82f43279c66eeb102da9a07d3e0f2d8d.jpg,18839,8a4b9aeb66c89ce46c9e7b191aa8a715f53535b8fa0b48ce04dd4adf5f22257a
after,train,images,dataset_clean/train/images/20200302_231050_jpg.rf.8b8e96bf6b245c5a82b043de903c0dc2.jpg,18190,158e55eea709e4e21021ba5c995bdf958bcc995207a5fb5d61796f2786c3aed5
after,train,images,dataset_clean/train/images/20200302_231050_jpg.rf.b0ef451b823145fc9ca9f6b66e6e860b.jpg,18576,f4fe4f6e2bbf4ea550d741d4773a934af161b0fb0dbb9bcff2853793c9c56c18
after,train,images,dataset_clean/train/images/20200302_231050_jpg.rf.b86bfd6d5a3229ff55512fc102b85e1c.jpg,18176,ca97e7007808d338957efd594ea81e558deae257caa8353d8a2c9b526490af4c
after,train,images,dataset_clean/train/images/20200302_231050_jpg.rf.d15dfac6a1567a1c40461fcf4011d3a6.jpg,18724,faa39c3ca988959bfc0dc0b711a5067bacc722aee72696389a70caec2869a331
after,train,images,dataset_clean/train/images/20200318_130148_jpg.rf.811586194459bf67de20679502fd2e38.jpg,16539,2dbeb5de8ef46a6279bba0a682ca32726d2b21d27124911e99ac0c9d619cd69d
after,train,images,dataset_clean/train/images/20200318_130148_jpg.rf.9ecc73fbc81c9a98ad14c6355538f91b.jpg,16887,db0ee4e38d79e83a0e277608719335a5c9363360f958815d586dc02f6518b4c2
after,train,images,dataset_clean/train/images/20200318_130148_jpg.rf.a8c3271251b222cb21e3195ddf610447.jpg,16491,e4c7c8885f6be736e93bc3af26862b50e443d954e0acebc846c23947aab21b6d
after,train,images,dataset_clean/train/images/20200318_130148_jpg.rf.bcac4d3ee56ccbc089c421a24c7615d6.jpg,16792,b5e9fc0afdb4c7d01effce636fd8a723c246cb1966e2642180b52eb64d25c5fa
after,train,images,dataset_clean/train/images/20200318_130225_jpg.rf.1d43bbde408f2f7b219b85ba5aa3ac80.jpg,16558,1e6efdbf76f566c4103054f867a29bab4544b4ae95e12a14c6c5c2b9de8406cd
after,train,images,dataset_clean/train/images/20200318_130225_jpg.rf.b23730ff33f8e0ecd4f4d553d185f15e.jpg,16300,219bcb8794292c7a8b729a5e07df083233dde44764c5414cfcee47f80f83055c
after,train,images,dataset_clean/train/images/20200318_130225_jpg.rf.b716356401c56d8c642c191a0b2d4087.jpg,16612,046c46595933f7b13ba24760e410d2c719848450281e183ec2a86cbae0a313e4
after,train,images,dataset_clean/train/images/20200318_130225_jpg.rf.d73e25b8c47be32ec9286b6aff8ad6cf.jpg,16529,a996b5f5a644867c3ae074b6eca2536940c5adfff7138907498be3aed60ae332
after,train,images,dataset_clean/train/images/20200318_130225_jpg.rf.f69943b9ead8dcb5a4616f1ec19db01c.jpg,16602,4ca6a0ef0d280718cb4a1013ddfe672d34419e243139174fa58a8685c55aed8f
after,train,images,dataset_clean/train/images/20200318_130225_jpg.rf.fffd8e76e8b5faaf13a6958a10e8bb4e.jpg,16187,6603f529b64507830da5c6b7508fd1572daca448792cc7006c4f3ab1a070b4fb
after,train,images,dataset_clean/train/images/204_png.rf.593f78090a71457c334ee4e3bf956b90.jpg,247943,2bce93473ba8b67d27fc6ed7cb77b0351e893665da170e50d9671f49e61b53ac
after,train,images,dataset_clean/train/images/204_png.rf.9b24a92892bbfeb62fe58f0550c5c2cc.jpg,248091,e4444180818755d7bdbaf8588b207723536e1933060f3885cc126b897ce47a10
after,train,images,dataset_clean/train/images/204_png.rf.a0f9651b203f932dcce7f8aa5fcc7d01.jpg,247610,b138e8d3f8b5a4a9b00bb3d8430aafe2952f6c9c966950de188650dc7a790acd
after,train,images,dataset_clean/train/images/206_png.rf.36959d040700c20d28574777377a76f7.jpg,157874,e9ab7fab3e3538858ac835403c5a8f2e07e3f3f7efe71f62e2fac3c7a80cae7f
after,train,images,dataset_clean/train/images/206_png.rf.9dfd782359e6dc7825ca2f38c91ac0cd.jpg,157202,5ef02b462e976c7e068e78c600656251e4f4f93b79b025a1ad4d731aad75ab3d
after,train,images,dataset_clean/train/images/206_png.rf.c960b215ba88d5e3a6d019161dd442a7.jpg,158005,660ff13cf02c6d4fdcd7661c011b92243b32c9f809d92b7a126993b2117939a2
after,train,images,dataset_clean/train/images/207_png.rf.32f02f61dce2eff0feced7ed64b99ada.jpg,163267,65e6fab5de8136346f18c1792f229507a6b45acd2887461e0d2b5ca493c54dfd
after,train,images,dataset_clean/train/images/207_png.rf.ad9add39708be9794d817cce8eecbaf7.jpg,163671,6af13b3c9e5d0c1522703470873f4f02ff04b202f24515f2da30b1008b2f24f1
after,train,images,dataset_clean/train/images/207_png.rf.f5a758570d209ab4fd4e8e934d6c2ab9.jpg,163782,d269a69653d19009b47caf9c9ae41cfe5e3eece997943f82fe3075d282099cb4
after,train,images,dataset_clean/train/images/208_png.rf.76d0983cc79af32591ce4ee4d397b64d.jpg,204633,e5dea618f6c7a87478b4220171351fd22a0db423b5a754955f2b55bdc0062e0d
after,train,images,dataset_clean/train/images/208_png.rf.88e7d95b2689ab5abb9c5c608f5765dc.jpg,203974,6f67ec16cda28abe93f09ca85fe1bae3b6a0e30b26e05c00e751eef5905ab96b
after,train,images,dataset_clean/train/images/208_png.rf.fa4b0f622337f1cc0d39e352d6f46eb5.jpg,203028,d901f3409d7944cd90441bf30a72e7554d541ab7075cd9568c236681d89d3fcf
after,train,images,dataset_clean/train/images/209_png.rf.731831cfaa0b919cdf40456ef6c7c779.jpg,210304,c9e7ce159458b81f1b5cae118cb48064b76c0aae3d6cb99f5f8826a27a7800d2
after,train,images,dataset_clean/train/images/209_png.rf.93f8f7454e098799073b85fa91d8a43e.jpg,210244,406548ffdb1d4caade780ee8b14a198cd6e744d42cff43cf85dd1c874c73594c
after,train,images,dataset_clean/train/images/209_png.rf.fb8e6c0ebc6a09d12d2e31e40afe68f5.jpg,210381,658463fc305b47a992b48f39ec1870c161251832be2c1317bea318606ce8808e
after,train,images,dataset_clean/train/images/20_jpg.rf.03d162cae547b9677d755d0825ecf680.jpg,17686,b74bc4cc087be0ba0d897542374d5a61813d2e0c75a40a6d713150deb966768b
after,train,images,dataset_clean/train/images/210_png.rf.640d7d203b058b02d83824dd0066fbd2.jpg,296574,b0fb06f9c10ed814a8dbe8cf7e3a2d999df3ae3c58a1a9b2bd99bfd283b02668
after,train,images,dataset_clean/train/images/210_png.rf.bc494647c32d11f3e04cfdd97dd5fcec.jpg,299855,4999578c47b813c2c780a662500ad2637fe6e72a6f25f8e77ed67a98df2ad693
after,train,images,dataset_clean/train/images/210_png.rf.d69834a3d41de73f9f5b035b9dca2bad.jpg,298107,dae3e85e36f30f42be0b638cf6b2b94c6f6d24cd81d01925ce7c5ed3fea83109
after,train,images,dataset_clean/train/images/211_png.rf.231ebf1fbf68311c6800169bc1ee606e.jpg,303131,0458a6f57d7d781be04096722458535d1d66f5ee00704721353b64d1db93efc8
after,train,images,dataset_clean/train/images/211_png.rf.740abe1e9f81740a986100377961e02c.jpg,302799,a8a474cc1b30f788410e970128080abc3d18bc1c4fbdbc574fc3617432956974
after,train,images,dataset_clean/train/images/211_png.rf.c63aefb567516db8397f96a39fa09842.jpg,303097,696420ca039b7e1be77a546a0a934e2e4ba8bccce00f6cc6dce68622d593bf18
after,train,images,dataset_clean/train/images/212_png.rf.0c6edc9602459a825bc3348e70297ca8.jpg,296243,7d436b28edf8eaaeee36cd710276d2058022f1c94e29fce749540731f72299d4
after,train,images,dataset_clean/train/images/212_png.rf.baedf59b9bd9fa557b1d9b3e8c951c77.jpg,296981,53671887451b3fd56f6db33835eb38d78a6ab72f374b908be29e81fa4b87407a
after,train,images,dataset_clean/train/images/212_png.rf.bde2a715d6d4e2f9009d4ed26829bfcb.jpg,296708,2dffee3cc59f0e96c0cc87f63f9e16229b13ded6dfeff165c247ff2255409457
after,train,images,dataset_clean/train/images/213_png.rf.2f0d9cb770bbb47a53efe232187dedcf.jpg,323172,39733cffdc98d5e9ecab6885a67f3aedc8d2a3e2afff82b242f3f416c8850181
after,train,images,dataset_clean/train/images/213_png.rf.43d8476b0313b814662c774bd0bd99a8.jpg,323172,39733cffdc98d5e9ecab6885a67f3aedc8d2a3e2afff82b242f3f416c8850181
after,train,images,dataset_clean/train/images/213_png.rf.fb1226ac34becc7b3f4c5850d12e2ffa.jpg,323254,a68798ddc440fe7b6fbd30626151818fe1e7f683ab8e04d6af54d02c7ffdfc28
after,train,images,dataset_clean/train/images/214_png.rf.3021c444e655219b2b9c1fa38247c7bb.jpg,272105,88bd4aaf68ce051f978566da4fae92958598d7ff9d5f02e36b5ea849875cba95
after,train,images,dataset_clean/train/images/214_png.rf.879dba7cce74ac873d08f66e358a7866.jpg,271871,7143315201cc9eab9cdb134ada320002aa78628a7c4321e065291e5451c49715
after,train,images,dataset_clean/train/images/214_png.rf.a5e6f786d3189bdef65163e4cd08da18.jpg,271699,cd146a2f02526242154144bccbf8f2b1295c52d03fc9bf81d81ce6f33f7c58a6
after,train,images,dataset_clean/train/images/215_png.rf.811267a3967dfab75635bab85306e28c.jpg,273958,3ff5c05cfdecde021bae8da936b843c1ff0f15dac715593c272c09dddbb41a83
after,train,images,dataset_clean/train/images/215_png.rf.d0dba43c2bd83f3c21db636ba126eeec.jpg,273765,444e1a33b3504c493af41af419b69e05de7d790e0e6b22ed77515ff3c2b32713
after,train,images,dataset_clean/train/images/215_png.rf.f97baa897c8656770f254e40ea8caf8f.jpg,271984,a71d1b0c4ad5bfae9fad395ebdc98c589f1efb9353766035921c18694c196c3f
after,train,images,dataset_clean/train/images/216_png.rf.3153b158d69d0fda500584fbc9f8e3cb.jpg,276257,d30f4a3e84e43b9404cac1ac9e92ccce0eba686d1790227c598d1daa61483dfa
after,train,images,dataset_clean/train/images/216_png.rf.68355dd9f510c183e95d0d22e306cc63.jpg,276605,ebdc6712877755b76b92ad9a247281c02a0243c419f09c7266cfbefbcc50a42b
after,train,images,dataset_clean/train/images/216_png.rf.dcd89a5ea6613c9560dfdad19c538c85.jpg,276316,0ef89d4f05e59dd41e51a9c988eeb18332f115ceff78e1a71d3804b812be8ae1
after,train,images,dataset_clean/train/images/217_png.rf.548247f46e6d9aee011465e3674cfc0b.jpg,274451,016f155b48c0761bd983fcfda96d521cb59f62d635fca5bfe48cd6651a8c2779
after,train,images,dataset_clean/train/images/217_png.rf.9ffa1e7faf266ff72942ea4266568476.jpg,273884,35eb302a51deef0ae7169a3d5ff47726dc669d1313d67aa992e02df9b7ead87d
after,train,images,dataset_clean/train/images/217_png.rf.d307cd42f53ade7f037a6a839a6dde83.jpg,273515,999f268e47c2913da0ffd6132b4a1528a3e74cbc0e2a8f6e788efe3bcb54a03f
after,train,images,dataset_clean/train/images/218_png.rf.2dc95fdef8734e950de7c7d749f4708d.jpg,260821,14f5b8efde478eaa51719aa56af89c416445ceabdd0e3719269236988fdbebc8
after,train,images,dataset_clean/train/images/218_png.rf.31e55737045018547b815123351e97a4.jpg,259397,bfbd9306e8e70815414fed6a1d12eed833436f067e71745b2b2e51894fd43dcd
after,train,images,dataset_clean/train/images/218_png.rf.696fe672cc24febf0a835627f90a7bce.jpg,260809,caaa5af4e772952c75ce79910831017ba87c541c7ae2be93032f35b2257509e3
after,train,images,dataset_clean/train/images/219_png.rf.126ea087da392cb723b54be3fc21b045.jpg,171271,0db6f970f25177537777dddd62de1f94c1eba2db3e619929b00d458086390622
after,train,images,dataset_clean/train/images/219_png.rf.65346742d8f9e345a2fddad118db27bc.jpg,169949,49744189fc65b3db45da723f8cb2b32b9e4ca24ae2d9ef67ebb43a1ae9f72164
after,train,images,dataset_clean/train/images/219_png.rf.e5459ef8d231411fb7f7ef6f4dac99b0.jpg,170651,8824bf0ab945409075de243cc3d347ad6c0008bb075d912c3893254d94985fc5
after,train,images,dataset_clean/train/images/21_jpg.rf.145f954d89d86634a80449857bd02e47.jpg,17195,ada0aea05fe6c6ffec59a3824a8eff18f889fe106e0f4a94b1d194350f3881e5
after,train,images,dataset_clean/train/images/21_jpg.rf.4563d0c7f930cb35ea5125dc39b6f222.jpg,17035,4bbd1e10ae92943226512ca72737883cfa03eccebace92dbc153ff27a80077f6
after,train,images,dataset_clean/train/images/21_jpg.rf.692800660be577f0d2743ffb6e00490f.jpg,17135,135804528bfa4f226d83f037a41aad927bd453c4a643a8e97b75945350c32759
after,train,images,dataset_clean/train/images/21_jpg.rf.f50c1f80c6efd1da851141917bff04de.jpg,16305,2834685fe2a41416eec5e0237d973333abe95364629379532c1c4788e317845c
after,train,images,dataset_clean/train/images/21_png.rf.046cfb6825a02d9ea3cf9d5884049b4c.jpg,267426,55e5ab24577b12ab665dbef550731f05c8ad120a41805147473bd14d9ac58239
after,train,images,dataset_clean/train/images/21_png.rf.2f65ae73113bc6d4046a5d1625c21ae4.jpg,266787,639dc7f0de6a9563a0b29de99891000a09f54ef14c49cb98f3b59436cebfa9eb
after,train,images,dataset_clean/train/images/21_png.rf.eadd1629fba06e602b37b2f1d6e33e9d.jpg,267316,d1b1de4439365217e28c1f22052a3ea43f1805de62dcb1d9cfbe5196e6c5b648
after,train,images,dataset_clean/train/images/220_png.rf.1e1cdf1d6832b636a31164366581c888.jpg,165553,46ff9ad1612b1ce1b670f8ad9bb5e4139fa44c71a5bfc8518d35f42c8f167812
after,train,images,dataset_clean/train/images/220_png.rf.23a76089220ee8ba2b84bcc4aa4bba06.jpg,165089,17f181a5adad6d7ce4918bf0a8e3cc7802d5093c0b48764b32a78eff2a090ef7
after,train,images,dataset_clean/train/images/220_png.rf.9d41f0a61f8d541869533d7745c16906.jpg,162927,b74c22a746b44103d96a7fa32609b8598ddf2f8273dbe88a0351dd6cf40e81b5
after,train,images,dataset_clean/train/images/221_png.rf.18956cf46c91479ecdc3982f52ac63c5.jpg,157896,39abdede7ba3e5b03d2dde5270d2b8113c2beb3ec9fc9594ac2a40263bb19e6b
after,train,images,dataset_clean/train/images/221_png.rf.88e5f9bf18e13da874ec93ef74ba55de.jpg,156815,e028c1c6d930ee61e11e091b5d4ac2b4086df0a6f754e7e72bd15ef784a186f6
after,train,images,dataset_clean/train/images/221_png.rf.9920cab2fd279b992c53c1257dde2141.jpg,157965,5aa8d7dd82391aa1d40c44a0fbae567a43d84fdcdae69d5c832d3838492d33c6
after,train,images,dataset_clean/train/images/222_png.rf.0faef84464d4f245fd65c7ffa8370ae6.jpg,153995,4db39bf0659b8f1fad750cd96027c7277a4ef0957ce2188e7fbb65999f6725ca
after,train,images,dataset_clean/train/images/222_png.rf.5d799d9a4689a65daf013210fba9cbdf.jpg,155187,635c273e304164d9a9a8fb20ad6d1da63f92bf09c15bff433c2540e693a319ad
after,train,images,dataset_clean/train/images/222_png.rf.a9e956d586731779605ce4af02c2cf10.jpg,151142,96f40722213786b1f8bc6c302224a6476f0dcf73f113fa7bfff915fc78850b2d
after,train,images,dataset_clean/train/images/224_png.rf.218c4f4e963be8e0850c5f90f4e84097.jpg,207329,c579494e209982ac58fbe886ba77e37ea58deda3850b0f2b0353cc850d8288ec
after,train,images,dataset_clean/train/images/224_png.rf.2bb30ffff814dd3041434523b6b9fd7f.jpg,207364,cb91c2ba03f1c7a4f7e876ef6735f3f367f667ba51bb5c03ba41b178954b438a
after,train,images,dataset_clean/train/images/224_png.rf.b209c92577fd14ea0237d2007c21493a.jpg,206446,a55621a9d53543af97943e62eec779d6ac9015f0427fa1598917906205e65901
after,train,images,dataset_clean/train/images/225_png.rf.198af4e1e95630bc3497f4b0d5ecfa02.jpg,204672,e43d7f936e7b16803c77c18a2d0df67917dff889eb1a3958996804dee9cc8e3e
after,train,images,dataset_clean/train/images/225_png.rf.3870593d1aad29807bfb53882afcc737.jpg,205004,be2d7aebc7ff8163f7a68f252a3682cbdba3d65b27d76cfe8d534070ef1f1a36
after,train,images,dataset_clean/train/images/225_png.rf.44d36ca14cff5e0e1b9a90f8afe51c01.jpg,205139,0c26834766960e5bb402cf97552fda0f5d6e7f9416f6e73788a526edb11eb981
after,train,images,dataset_clean/train/images/226_png.rf.7a5a114ad65c13b817c95e8b0ea11d1b.jpg,204256,b4b113cc0a37e360dfbb173896a03442540e7cfda61c98d7f3db73709c47bafa
after,train,images,dataset_clean/train/images/226_png.rf.bd895ad1c5a0975e7de7f20632692c3b.jpg,202382,2b1abeca30d313dc1aa4303d67f718102007202ff8065da435b18d222b3f005e
after,train,images,dataset_clean/train/images/226_png.rf.e97af2d45ff5fc573e319cf7ecad9466.jpg,202382,2b1abeca30d313dc1aa4303d67f718102007202ff8065da435b18d222b3f005e
after,train,images,dataset_clean/train/images/227_png.rf.a50e80013e60075960530e0d0f8753b5.jpg,80542,d35966bc2c482344ac959fcae3e3d5beba9e005c8298dc9f8cb45f6b8259c435
after,train,images,dataset_clean/train/images/227_png.rf.b720e88dbc9f1aa2a804f8b24acde29b.jpg,80683,992d5bfaf5c8314b3d8b8ef12b8be8dc0f7b4a6e183a7170a5fc7f529e09a059
after,train,images,dataset_clean/train/images/227_png.rf.eefb19f6351e3039995325f97452fbfe.jpg,80997,8313c96dcff6d9791a4c3597f9973febf2cfdee79677c35b9440d0778d433a74
after,train,images,dataset_clean/train/images/228_png.rf.5192025a0032e7bedb08f77ef960939e.jpg,52488,dfedd74da074dba7586768303c790de3eeead04db02901e28f6e9d0f642e0063
after,train,images,dataset_clean/train/images/228_png.rf.98e4b57ada19da0b4979d8240aad5b75.jpg,52304,9853fdcba99be3defc8056c00b3df70b3fa8e1dd6990c5e0c50a2d78e218a8ff
after,train,images,dataset_clean/train/images/228_png.rf.b4df2fa11f94d739abf52ba00664dabb.jpg,52392,ae807a55c3851306707e3106fb59445f203984f9f824e6818645a25afd2cea1a
after,train,images,dataset_clean/train/images/229_png.rf.09531ea5c3a77613408f5cf2518fe84b.jpg,51721,0f0c7f2424c399955d75616bb7cabe9259bbcdffc0cc23f90ab51fb7909d1371
after,train,images,dataset_clean/train/images/229_png.rf.45f360954f5d949dfe628632eac453fa.jpg,51645,c6df35709bd95b2fb73c61ed084beb074fdb2bc9f185580d7c7ae10658535069
after,train,images,dataset_clean/train/images/229_png.rf.53e9234a2ec0ee1c92b6061e7ff1c10e.jpg,51317,f8f896687bb1bac2d884c3e4a987290def2fe6dfd8b6fa714440d9ca04336ea2
after,train,images,dataset_clean/train/images/22_jpg.rf.191811cf98863e1c90f5c20882847e4f.jpg,16088,51a080884d8aa2919d890e17d40ae66873099edc35651a91b21dd44a88ec2a2c
after,train,images,dataset_clean/train/images/22_jpg.rf.525c49e137e58bd8041a1cb84f9897c4.jpg,15190,31fdf0b9d513ad726acbb40d2d4d49a5ee5c1d74d2c4eeaee163a04a3a967740
after,train,images,dataset_clean/train/images/22_jpg.rf.988e560d56725cd935c540c3a5b367e5.jpg,15614,036c267903e6d0823d3d9bda3b49e8c4048605f4ae1094c83c7cbc2120e6d71b
after,train,images,dataset_clean/train/images/22_jpg.rf.aaaed5aa2c28b136a050e07618fffe28.jpg,15907,82bd4da9b44e3d418ab850aee0abb45837e59ad1a9ab36fb387d95518c71414f
after,train,images,dataset_clean/train/images/22_jpg.rf.bf95867604983584410d9aeebc7fe449.jpg,15823,ebde79659d2050e7a36bba26e6751976adff53e442410c32e652bf0c6190b86c
after,train,images,dataset_clean/train/images/22_png.rf.b50dde18589069e88ebb174d21a5a9ec.jpg,355538,0b5269058ff4337709b35dc1f98eb9eb2ebd9181ccf069a324cc70d78065187b
after,train,images,dataset_clean/train/images/22_png.rf.bcd7ccef8a0798fe88c939ed5682e932.jpg,355126,619ca991088a28bc3ff2ed10eb7f092589dcedbbe85dc4888347dd338555f947
after,train,images,dataset_clean/train/images/22_png.rf.c7ad497aa776d6eb6ecbcbd18c95f13e.jpg,355187,5e655afb78ca74db2978169a950f095e6caa336ac7b3da44a94dc0cae85512eb
after,train,images,dataset_clean/train/images/230_png.rf.af0ecd01eae48dc6b99e0a05b3a01f68.jpg,69086,43c04209944f1d3c22b4282d3204bebc42afad732dd6585959a1ff51f8f480d9
after,train,images,dataset_clean/train/images/230_png.rf.b36fb0836f754ef46572c2804862806a.jpg,69277,79c20ee52445d7115bc4cf3995ec2743311d8059286c7d16118cca02dfde97d2
after,train,images,dataset_clean/train/images/230_png.rf.ef387734efc086eb055f6d0ade07cada.jpg,69385,4e9d5dd3d9ae266a743fbd3adc66709d28a369e5ac4e39e5281660fda53df63a
after,train,images,dataset_clean/train/images/232_png.rf.0f6fe386c701fefe21a7b7411e855ec0.jpg,76265,ca96cb620522190fa7e85f10d679af6827937f8af69e738bc34cfe935119cbba
after,train,images,dataset_clean/train/images/232_png.rf.bb76c6f5a54fcb4a7a9a7927659250e8.jpg,76674,53683f98a3cfbb085de3dba7dd0b3d5afb060e95570d3ee923d2822bd4c45f1f
after,train,images,dataset_clean/train/images/232_png.rf.c299233306dca89b8fab155858686250.jpg,76404,7823a2032b73263cc9d9fc2581cbfead9e8eb1f6d2422e7d8c3e82d1fb84e4f7
after,train,images,dataset_clean/train/images/233_png.rf.0d5acdcfbce3ba511e9cbd97eae965f8.jpg,87675,a87bdead9270579d933867f58e98787d4f8cf742dcd05106de33a6cdeaf5f3b6
after,train,images,dataset_clean/train/images/233_png.rf.27c3136418d5ce9729093f37d3214567.jpg,87757,5ccedfcc0aee0e2a366af5a56b5a697e5812181410f7e9af92254f2f3d696e54
after,train,images,dataset_clean/train/images/233_png.rf.f6d9747c678b952c755a9bb91dfb731b.jpg,87699,3a1e82800f39c509530a6960b8c84a58250ed3cd2f3dd96ed6eb5cccca85eb35
after,train,images,dataset_clean/train/images/236_png.rf.586cfd186e98e9e67aab3c360f19a04b.jpg,78516,e3f110479acf6e6a163d7ac9f7581a870761f66f941a1d09f3c6a9e3b9de1f23
after,train,images,dataset_clean/train/images/236_png.rf.737a31c86e8f69a3f9eb74a04266ce0d.jpg,77896,eb4f6346706c315f808a05dcea7988017e5e306a1d7c70056d3bb3eea0c9be19
after,train,images,dataset_clean/train/images/236_png.rf.c7e7b33e8acb4f98eca10ee3e9ac928f.jpg,78450,8557138e543c2f6f3052cb3e67f4fd4d9778fffd0bfb1223a63336186697bd33
after,train,images,dataset_clean/train/images/237_png.rf.3ddeef785eca8aa80253c1b831b20c99.jpg,62931,af7fe0e4e60b50a0be0195f4c7d77e36df99b12774d29a443695dae943a8171a
after,train,images,dataset_clean/train/images/237_png.rf.48c2beffcfe8e048d7278e563fc85607.jpg,63311,c9bd2811e0d7a8af734c6618cf759a33622ad0729e0677b401eaa82fb6c930d4
after,train,images,dataset_clean/train/images/237_png.rf.ba22fd65431564567f31d8217b88e20e.jpg,63525,a31d4f3bbca62fa3c23ebce2deedcd3f5580336979f3552457cd81370256a261
after,train,images,dataset_clean/train/images/239_png.rf.217ca2be282d4b297f992a0a9bf9f45a.jpg,71518,8b60d251156258d5e1de00b17329b947268da36c49c225bb407e9abf399a31ff
after,train,images,dataset_clean/train/images/239_png.rf.8ddcfcd70b411616978be138ad328225.jpg,71367,b00c7c78f4d230cdef21ae674ca91032760330e355cf6be800444a1d376aea12
after,train,images,dataset_clean/train/images/239_png.rf.db52a4ccc7a962402ee1b9ddbe78db10.jpg,71567,524bf90f7c71c1b39a0d1d9c238c28bd65b87ab7f984135ad0d75fb5e7c118be
after,train,images,dataset_clean/train/images/23_png.rf.78556c33949e8a9b380e45c45f91341e.jpg,250945,6570f99dd3943bd47fdc851b260028b95a0b4098ccd930218e949f6832fd772b
after,train,images,dataset_clean/train/images/23_png.rf.7ef21374ec0b2a1a1a16c51631b0e36d.jpg,251251,41da8c997d7841d0e5b52e9c3c083343a247d255396f61d147f31e27a72c30c2
after,train,images,dataset_clean/train/images/23_png.rf.bf77bd4d739b5ac887fcf854d709e3f2.jpg,250644,c0013533b9e39712f9804dc44671aa5007d49fac2de5029d2809380e448fe725
after,train,images,dataset_clean/train/images/240_png.rf.28d0a3a422514b8e690cbc69c68c2244.jpg,73883,e2b5aaf858e5b03e45b2d675cc040b34befe8b7449b802f306987c0848a619f6
after,train,images,dataset_clean/train/images/240_png.rf.353864fb1738a67cf280c22fc537e340.jpg,73541,cb0bd631af7d5b6383e90987f1478a83911e504adae16efff28b9c61edde5cc6
after,train,images,dataset_clean/train/images/240_png.rf.5d83ff26d37ef770fd6c8597381bd32a.jpg,73709,f099fd433829f01be2cb61e49f8b9a7b330130d3d3fdd81e47f0ec64dcf56a17
after,train,images,dataset_clean/train/images/241_png.rf.1a5cc4b42c3216de8c65c5f9109b1c94.jpg,54516,8c563ba890e274e0ddbdfa86dd0eddd61eee37d1b0cc91aab404dd9febe6f8b0
after,train,images,dataset_clean/train/images/241_png.rf.85354e5aa18acfa6a200466108bb41dc.jpg,54386,4530fbcc6ed712ff97db957c779709ca61d650537cdf8e3effd0e81298967957
after,train,images,dataset_clean/train/images/241_png.rf.d83ebb8c5dfc8c3a769c223e247b1a42.jpg,54264,1c3665c06191e356ccf27a941e0a4ef61e6465583be3532e918df62428996199
after,train,images,dataset_clean/train/images/242_png.rf.3afbc5c562203c908cec9f9a4925e2aa.jpg,71583,74805793400653de920690f8fe02fc1f53237f2e14302dde2eac9a996c80f67f
after,train,images,dataset_clean/train/images/242_png.rf.6ff7847482f9712ac742fb93fd194c20.jpg,71653,6e9892dd8bce52764711b51c2495944bd6a731e1ebbb2e06f26f6f47961da9d7
after,train,images,dataset_clean/train/images/242_png.rf.b0687a2b1835805a3fc35f09f75f2f64.jpg,71809,fb2eb0762137731948490b7a537a781bd98a4589011675b43b91cc94fbbd2ae2
after,train,images,dataset_clean/train/images/243_png.rf.78e2ce4e50ae185db761b96a5e1a19b4.jpg,199722,a5063e8d29fec9c9093b81022a4396b6ba6d517f4a3521caf4298acf1dbd5831
after,train,images,dataset_clean/train/images/243_png.rf.d5bd68b31ce47416dfff84b337d5ba66.jpg,200280,3a39f9d7883723b7cd7ef0787a5b40e34fc4a551b3e15fedd683049a0be593c2
after,train,images,dataset_clean/train/images/243_png.rf.eb491d4a59f98ed2a9e5bfca9b3bef99.jpg,199694,81959c6d9ff9214d6f753e1ea95e54d9b4778bc1f45fd50015474c992b7d7c7e
after,train,images,dataset_clean/train/images/244_png.rf.2eeac60218b903f77377530e010b8345.jpg,195022,b6f246a7099d7728bbe900de640044040bb7c95a93367fde2ebc28e024673741
after,train,images,dataset_clean/train/images/244_png.rf.94f63d3932ff945fb156ddd8ca5d763d.jpg,195387,8b4d1de18ea8b3fd26722cddf7657816d7a9330566e2de7d5527ab00f0f01000
after,train,images,dataset_clean/train/images/244_png.rf.fa2bebef16810bae7ede4a35b9130289.jpg,195226,f8383e505b68a07e04d1782745648f04f91e4a0bb51a5330036312d01dd9eb4d
after,train,images,dataset_clean/train/images/245_png.rf.13fc8440c7a159d88931edb7345f6076.jpg,205237,d7a52e5759a0d0fde7434be431a42a64cb63c966c9658c6a969a7014364c3b5f
after,train,images,dataset_clean/train/images/245_png.rf.2d4d6ce45ced28ed6a70576e191d6dab.jpg,205404,db97f6331fb3e1f6c8a041003a1dfa16b881eeeb424d6cbb6bb966964604049c
after,train,images,dataset_clean/train/images/245_png.rf.e18392cf28f6ddeccb22680ec8f90ff8.jpg,205039,d40054ceb605ecf56515796548cc8736e8693f5a70ac10673099ec864701fe2a
after,train,images,dataset_clean/train/images/246_png.rf.0a4e76d5ea683116a0e4ef1feb0ea161.jpg,196553,0bc089ec63fafb51b0d5bae087d466210b0162f1e8fb400d211eccb31131b8b8
after,train,images,dataset_clean/train/images/246_png.rf.2bb3e10c745ebceab31e3c992272a9fe.jpg,195875,d160b0190aa6eaf90acab1d4f042d05c029fef8a542b163ba5e3d528c554e052
after,train,images,dataset_clean/train/images/246_png.rf.338e1f26c34c43bc257f10021aad6246.jpg,196608,ac6dcb230db1162c0d2a96335582e6fd94be10c92b66b2ee1c6fdb88587239d2
after,train,images,dataset_clean/train/images/247_png.rf.9a8d9c49206bb68aa3fcc3e221f1c75f.jpg,206379,0ffcfd18fc5c0d9182986132f564f8690042ebec4fd424ff4e00ab8eaf79138b
after,train,images,dataset_clean/train/images/247_png.rf.a72d9b2d2a5337aa2489eb160d59ee5d.jpg,205667,370618182862b60197289e16b4a126f7af73c0ecfe0c7db6196e667fb47306e0
after,train,images,dataset_clean/train/images/247_png.rf.e0f5efeb499b01cc42d7254fa4d32e6a.jpg,205156,c96b35827b95b390a6728910f8fc9ae6ead11ed3363047dec1c93baddb3c9cca
after,train,images,dataset_clean/train/images/248_png.rf.7f1802186edf3f763365559f9649e350.jpg,194712,96b1228f4174277696313c4a087459cd4a4b69f7ce8f4b0e8a32cd8910febced
after,train,images,dataset_clean/train/images/248_png.rf.93af2a7677b6714c9c7059cb6a048638.jpg,193334,de007a1b3484659650930aeff40062796fd28eb6a3aaba1e9436c77bb228b1f3
after,train,images,dataset_clean/train/images/248_png.rf.b204b83c446c4d67e9d69d622ad0dcbc.jpg,193298,b682acb4d4ea1e5a0c539e096d81d9e956317f3dc0a4b436ababec4c400d7098
after,train,images,dataset_clean/train/images/249_png.rf.0b5f84ac24e7f65f89b81d3b8b0ba7e3.jpg,176777,4602839d8c8c06af17568de9cb7ef02a13df7aa2daf70a54e20e59fa7833c940
after,train,images,dataset_clean/train/images/249_png.rf.46d30d33545b258644e07ff85ceede04.jpg,176783,f35221ffd2033e3c8a4c2ee165605c4be65ff3e869f5a58393c331faa18c0658
after,train,images,dataset_clean/train/images/249_png.rf.bec62931105ea5ad4925167260b06289.jpg,176946,1720b9e7e1eed7f90041cfa78f1a974a3e140fe8fa44490cea321445010eea89
after,train,images,dataset_clean/train/images/24_jpg.rf.9b1972e33d038b6eb7787ee4418794dc.jpg,17122,7cf2227dd3a3b089af0af2be5f0b5f5fa12d25f9792dad4c0bfd30534ec2aaa7
after,train,images,dataset_clean/train/images/24_jpg.rf.c2dca3e92537e539330d82ee01d51d7d.jpg,17122,7cf2227dd3a3b089af0af2be5f0b5f5fa12d25f9792dad4c0bfd30534ec2aaa7
after,train,images,dataset_clean/train/images/24_jpg.rf.dedeaf5ace255a89de384c56b0a8ce37.jpg,17977,c19217f141b19c8af8e4f4aa3a828fb8718aebc381922d093bd79e8a4018d8b7
after,train,images,dataset_clean/train/images/24_png.rf.32eb5305c8fb0622c106a11b8c8702c1.jpg,239257,98fa46cba3075a45cb8227541945a3e61c5a57afd8e1d980f7c878d1c3edaeb4
after,train,images,dataset_clean/train/images/24_png.rf.360f6b63c47b3c666133c458c8521f32.jpg,239306,0b4c913475328e1ea9f2d2598138378aa61b3ed52fb4ed6ee55709f0e38449e9
after,train,images,dataset_clean/train/images/24_png.rf.583937ee588eb07406f5b4039438d067.jpg,239225,8ff8d513f49ba8d70af2a1eab4f7cc5acc5e65363d77353d2a1b22365f72fab5
after,train,images,dataset_clean/train/images/250_png.rf.25a62cba7a637213908d45f2821a1085.jpg,191540,549ffdf8a0761307f3449e195f989dc2fc21ad5faa726abf42d8aa76603463fe
after,train,images,dataset_clean/train/images/250_png.rf.d1eb20fc9575be01629fa10e8fee713e.jpg,191396,0376007b81b90c04bc0035e4eba10b9d57199ff959e48467fffbc7d37a344fcb
after,train,images,dataset_clean/train/images/250_png.rf.fa66943bfc4b7cc9940384b795ab3421.jpg,191509,397ed429a90c7b8040c5b78defe1d0239b62cebe5d221a3c35aeb19cb6ccff35
after,train,images,dataset_clean/train/images/251_png.rf.1745d7461e45f6985ed94f9fe13267fd.jpg,253236,8a4bbbd5f40de2676f796f8149616527f67cec1637d0c5d2c81b4ebd96122a8f
after,train,images,dataset_clean/train/images/251_png.rf.c7787a5c02bb47e46fad70271792a5af.jpg,253801,3a5440a3b858bc3a3db117db5e945296d7e32567767eb10b2ffb898f4740d34c
after,train,images,dataset_clean/train/images/251_png.rf.e2ea60fe1c1e30b003ababf0737e70ac.jpg,252633,6f841938e48804bf33ab3676544fcb9c5e0dc18dce5cffb152d920abc0eb2891
after,train,images,dataset_clean/train/images/252_png.rf.3c9b7c39b4e2120d5ad3396f2dbc54c4.jpg,291909,df50b59f5ba4089bccd07fef9e7b9c697798e6539085c7d3cd0daccb50c23e25
after,train,images,dataset_clean/train/images/252_png.rf.c2f169ef756e21350087f056ffc0a0e1.jpg,291903,236fca869150ee76e175edfde6fab41bfd83b1ba720344801a2b674bfdfea198
after,train,images,dataset_clean/train/images/252_png.rf.d25610c7e2a947871367a2e639bbce0d.jpg,292115,f6342d5662b0d548b4a5ff460318155f8f3f98facdafd3cd02b1b30b326a21fc
after,train,images,dataset_clean/train/images/253_png.rf.3b7fde87e42019a3b081900b10b20a39.jpg,343097,db4690e437a25d711fe0b45927ac191c61bc93a03616ed4c81d2ceabd1f744c7
after,train,images,dataset_clean/train/images/253_png.rf.617a44195fc7bd7ff845cfe751da38ec.jpg,343048,30b42d209c4b521640c565a6df8084d0510c8502f41dcf28a43373f7e096c3a3
after,train,images,dataset_clean/train/images/253_png.rf.e31a9625aa39237254b3319aabc1e878.jpg,343037,6849d189b042312ea90c7b30b850d9f181e62de373235f4e1cea27db3cc3d945
after,train,images,dataset_clean/train/images/255_png.rf.71614b88e9ebdbe2306c74350ef88463.jpg,422904,d632245ab31c654a1cf430446deda1acfcffd98c978c800776029157714909f6
after,train,images,dataset_clean/train/images/255_png.rf.94e8f12c5cb0d7984243ef266d84f3c4.jpg,422340,d6138c87fc583aad370b02703890cfc101e3d6525b62d1f6b592198e31a49b6a
after,train,images,dataset_clean/train/images/255_png.rf.ebe476dade4a79ffadf55eac10e28e40.jpg,420114,86b17827e624e8e6fd09ab59298224dfaf6bb0d9c1dedbc6ca053fd025479f4d
after,train,images,dataset_clean/train/images/256_png.rf.3ec00a08d277b5d466533af9890eac23.jpg,406848,6ed79664d92b5d83822435dbf520b771df89ddc8f350091d54ac1c5b420f29c2
after,train,images,dataset_clean/train/images/256_png.rf.7e054da996c6149017270cd896b5d55d.jpg,408507,96625d90a3fec902f5886de352b1182ec1e31fb52bfcab7077feb10cc43e407f
after,train,images,dataset_clean/train/images/256_png.rf.f0d145d08ea17221acb7831340c105eb.jpg,407222,97ba0d04688fd66aba5b7318683151cdb0ae2d7cb65754800f2c18133b8129f4
after,train,images,dataset_clean/train/images/258_png.rf.7af46eeae66eeeac37f486266934ba76.jpg,420654,4d4b3afcf5b0111f4d90347a3fb314841787d69e85d958dd4a7d582562901ff1
after,train,images,dataset_clean/train/images/258_png.rf.a012567fefad7fc82b4d2ac2bb3cf620.jpg,422033,12af4f82afb2636ca2a6f20d540ec3b844a6fc54dbadefa3878a97cf8b90a3d2
after,train,images,dataset_clean/train/images/258_png.rf.b2bc92e225cab88a014f5e24e481417c.jpg,423199,d6c92dd032996a3b3bb55681491e202a840e60e7840029b06504b31dc34b2bc9
after,train,images,dataset_clean/train/images/259_png.rf.8e49592b890a1a9cff0f4369772f0148.jpg,369726,fd7d3f1e92668f3e7447370051fb249cfe4774a1b2aa851c66306aace824b8f1
after,train,images,dataset_clean/train/images/259_png.rf.b6581340ee11d90ce9cac2118b76c9ee.jpg,369883,3bdc00b8ae5ad1f22b4574bb6c6d3134a2148eecaa2a19a66244904fcb912856
after,train,images,dataset_clean/train/images/259_png.rf.d934d3980d30f05361b3a4c067bda362.jpg,365602,e7ca81542c089eebef2315006fc941d1b36b560a2ccc493187401aeb3dfcb30b
after,train,images,dataset_clean/train/images/25_jpg.rf.f49141aedc2f94bb791bfdb814ec352e.jpg,15299,b1e2b0e550b030ab0725bbdac7350062b721e49802e12aa549902f4d52617a39
after,train,images,dataset_clean/train/images/25_png.rf.1b603c84114612d7fc3f407d4c72f69a.jpg,252848,86307d8fda20d071ec5d7f82e7db11c5aa35057d04ddbe021e49af4150bba0e1
after,train,images,dataset_clean/train/images/25_png.rf.1fc1fc0b3b0fe87d3dcc2b010ce1478e.jpg,253605,7b0b7d4c7f17870fc1e70b3bfa74230b6b52d2d8ad7a8a67adcd78b461455ab5
after,train,images,dataset_clean/train/images/25_png.rf.76d779d1c65485945109b4068a3aeb00.jpg,252541,fe52e423d6bce2ecbcca7aee9fcfaa7d21452e9f9c6c0a9eca61fea5d0c830ed
after,train,images,dataset_clean/train/images/260_png.rf.631f357ea4df1fc94bf5e2e2ec8ee996.jpg,320466,0a066c2eb5d5bf420611baeb430158843b7ebb3be14226b7f51feadb75f87b23
after,train,images,dataset_clean/train/images/260_png.rf.774a595264a1fe3b64000edbf3d4bc3d.jpg,321073,a6f825259f148d742bb2d227d94939fb1e1c72cc9c875f26dbfddc9ba0a9b3f7
after,train,images,dataset_clean/train/images/260_png.rf.ed416862f18fd6595f22791ac2dfc2a4.jpg,321396,4b4231eb630442b9b6ce79534a489fe8821c9421f3b55ece089cd345e31e4f29
after,train,images,dataset_clean/train/images/261_png.rf.19f1c2938eeda9e0543181386515bc39.jpg,230656,d70b21b4594e64c7703e46dc6fb97c96a3e2a37d067dd7d71f847d921c973895
after,train,images,dataset_clean/train/images/261_png.rf.4a05a343dad55c7d0458bf3e7293a453.jpg,230416,9fa28062ac21b8d8c730a3caf6adb8b1c6dd6731c1ddab0e418d1fe901c642aa
after,train,images,dataset_clean/train/images/261_png.rf.85cac3a6682030e4e0e389a44138efb3.jpg,230599,580ba89424afe983569aa4c0306af679d2132922fb8af7622bcc56022b0ad4b9
after,train,images,dataset_clean/train/images/262_png.rf.83415cf19f5ede0cef8874832612f27b.jpg,239843,ebd377c8f87fec9d951a73e93f4547f7d3fdf63b4a90e1715cd2937707a58b86
after,train,images,dataset_clean/train/images/262_png.rf.d176a53c3dae14a519841c3a4b9ea1d8.jpg,239208,c842f434496d3eee1f1600d1b4298859def8846a761229032b89ba6de17fed06
after,train,images,dataset_clean/train/images/262_png.rf.dfafe3884b2b6bb324be4859017123d4.jpg,239208,c842f434496d3eee1f1600d1b4298859def8846a761229032b89ba6de17fed06
after,train,images,dataset_clean/train/images/265_png.rf.5164814549b3309af2f11509af293146.jpg,292803,a9c7a075d75496a25b35ae98dcdf742a5123cc09b1f7314c1495593e7320fdd9
after,train,images,dataset_clean/train/images/265_png.rf.6838cb3872f7193cb32bff92a4e5acfe.jpg,294200,14b9610d98d38f8485c0d0b5686e87e215f80c2bbc0db4334752153947674479
after,train,images,dataset_clean/train/images/265_png.rf.acc34245efbc97f12093457f179b51bb.jpg,290707,f38a087d253bb09f3e781c228dd3d2f573c42bb19ce7aaecb1a6e3076000c3c6
after,train,images,dataset_clean/train/images/267_png.rf.12fe74223d56073af2bbb69da2a0d6d6.jpg,216858,54e9dc6e16154160b27949c5069c2b3b3ea4624a99e9dd1f3219c9e85883b954
after,train,images,dataset_clean/train/images/267_png.rf.568dc02aae856e94886c27727f86ff60.jpg,216858,54e9dc6e16154160b27949c5069c2b3b3ea4624a99e9dd1f3219c9e85883b954
after,train,images,dataset_clean/train/images/267_png.rf.bd68357ca6471c6204a9a48451b31b61.jpg,216496,c8771ee37ed23945e3e0c2f527bdb62c05d0b037c41ea8ed32c8083950970dd4
after,train,images,dataset_clean/train/images/268_png.rf.8b607b8101248369f6df91e497b0d2cb.jpg,241471,5d93caa90bba4ea969d308a68fefcc744ca63bf4f84d4dba3fcbc13900a7d229
after,train,images,dataset_clean/train/images/268_png.rf.8da33232c914c59bc459b12bfcafee08.jpg,240494,3c3627daef633396366908a3eadadd5eb1dfa3a7f02cdc84aeee7760e280b3a5
after,train,images,dataset_clean/train/images/268_png.rf.ad9795294219698cd4f98aa8bcd89f50.jpg,241575,6c8a45fd58e9d92a898c08189b6a3ea80132972082e1421994b1457c4f17add9
after,train,images,dataset_clean/train/images/269_png.rf.02fddc764544027515047fe4a727bfa2.jpg,240210,79bef1842968293279d6cbc4bee35f8bf5a3bad051da6e2a3795fdc9ea5af3fc
after,train,images,dataset_clean/train/images/269_png.rf.b0cf01f86870a23493919d81c2bc96bd.jpg,240044,03f7ea95642a4eba48270aa5f5040cd134abcb4fd17a1d97f4e94fc06d543ed7
after,train,images,dataset_clean/train/images/269_png.rf.dafb110ca75fce7c3087d89fb95a1f6f.jpg,239545,338dad98a3252be7bdbeb5685d638ae7cd44c5a0867e1c54c36a4350d9b93eb4
after,train,images,dataset_clean/train/images/26_jpg.rf.3a1de68e297f316598f863e967054e22.jpg,15646,7a164287331fa3220b86e28edd79ad09fbd6149f66c8ad927847f4b9ce65c38f
after,train,images,dataset_clean/train/images/26_jpg.rf.4de6100101aa7b9578a4bc4db9ebc534.jpg,15462,60b54e4ef3cbfa1cc78a3f9cd41a08be72227df7a688a8a416826bfec9e609ba
after,train,images,dataset_clean/train/images/26_jpg.rf.84637ef16f4c6680e44914e8083360a1.jpg,16565,f9f6b05664fdd4897afe31f1b0af563393b41b3ca771b8042e8275ef6a60fe27
after,train,images,dataset_clean/train/images/26_png.rf.2950df84ff727a9f94404e50ee7b1964.jpg,211310,920cb5547794ca5beedc2625f9b6d6b5f3d4df48fb2491f1882ec5756b1eccae
after,train,images,dataset_clean/train/images/26_png.rf.6182a1c2c067e3f9a6eac7150c18dc6d.jpg,210827,a47e3d47bb2c309f297c3e8b0de0d702bae6c37d4918ae4f595fdc057fdbd78a
after,train,images,dataset_clean/train/images/26_png.rf.fcce6d96a2ad754baa75c22d35b0f156.jpg,210501,76c5ea3692fc00d09627613497f757ad30b1c80ccf52c09979425a23d8ffe2fe
after,train,images,dataset_clean/train/images/270_png.rf.01fe54864b4f62a33e3e23baab52ac5f.jpg,250940,0b90da2378f0633102fdaeff6406f6a0782832a1b82487e07fbd3a6f32509936
after,train,images,dataset_clean/train/images/270_png.rf.0cce7cf4ab956aef7461eef37bf24998.jpg,251993,7e74d3728764d98b7adfdc858c1daa7115919798fd0b987178cad7acf1e39ec8
after,train,images,dataset_clean/train/images/270_png.rf.302b26a25577f3a140ac6f6a9d6418ab.jpg,251552,c5ea5bfbf99c84361d5a7998e3a6230daba24efa4d4e5963b560211772e5c00d
after,train,images,dataset_clean/train/images/271_png.rf.401e4f43c112f55779cb1326f3f0b7fe.jpg,235948,6f2a86adf802a9bd03d47ee428c23daa6cddd39699a73c0aa01cf5078f5d9fdf
after,train,images,dataset_clean/train/images/271_png.rf.5e48e1100234086b8c7197ac8023b3af.jpg,235738,360953fbfc74ae1157ee0eafc56d184fe1001815746bd6f8d3a3d466a787e99e
after,train,images,dataset_clean/train/images/271_png.rf.c687757770f74b479b41b52b16aa0c46.jpg,236171,9088f176b95b4d9a6b037f53eece67fedf441c2aba69d202722e8df8f450fb0e
after,train,images,dataset_clean/train/images/274_png.rf.0211423e5cce0ce2a0be9696ba31affa.jpg,288850,710b9a8296a07fbef7a044751a37b1691aa5decef45345628509a08f9ddaaca4
after,train,images,dataset_clean/train/images/274_png.rf.46ebe838d9a144ca348b91fa4d0b8b33.jpg,289657,ee36a00948919cc5fb40c18ec8b58731dbb5c775db518f686e4a396f3709ef18
after,train,images,dataset_clean/train/images/274_png.rf.658dec388610d986632da894c41277d9.jpg,289570,aba7ec728d8a849d977ecc4c0fbced97c6ba5d898b0c37e261562234c9dafb7f
after,train,images,dataset_clean/train/images/275_png.rf.64674dbce1f1fea390ad439810687026.jpg,277734,c98025fe257abfedd81cb98633270d9ff9c567ad358c360ed27f28f58b40ce9f
after,train,images,dataset_clean/train/images/275_png.rf.c50f85fd21431f61d18b7876d827390b.jpg,278002,77040d5678b8128bc962a1be30649e47bb4319b8f660d5af2f92cf6d652ad286
after,train,images,dataset_clean/train/images/275_png.rf.f8931fed58a334e56070fab38b94467f.jpg,277734,c98025fe257abfedd81cb98633270d9ff9c567ad358c360ed27f28f58b40ce9f
after,train,images,dataset_clean/train/images/277_png.rf.97515270a2274228102b03bce43c3f4a.jpg,287794,c581baa1fc3e0176b0dc43daf0a1c050f615cf6503cba63d70498d8950c90f92
after,train,images,dataset_clean/train/images/277_png.rf.b6491ceaa160e5f912ebc0cf77be0776.jpg,286740,46b93de5103b57d97c4a4b29f755dfd30fe9a3aa229d45ec473513b23e82185f
after,train,images,dataset_clean/train/images/277_png.rf.d9c1d58b2226cc6e717b20ab9dc8a2ea.jpg,287306,e67a29ac57ed73b325a9d7b7186c02e1db727e918b8009d1cf96e7f0acb75ca2
after,train,images,dataset_clean/train/images/278_png.rf.480cf0e4cf88f1dcce746be5a3f572c5.jpg,262539,13c972a15067310df343d2a149e5097c2ce96588e405fbb142a738ffb85e7fa6
after,train,images,dataset_clean/train/images/278_png.rf.cc28b0bdb9949986c70753b49e6ea71f.jpg,260767,01eb3af98b1ba5eaf611abdcdcceff24d0f12a39b593507bea30609f8fbebc26
after,train,images,dataset_clean/train/images/278_png.rf.f62bdc7d728e939b6493a25cb00c06e7.jpg,261144,162d514b56c80189a267df7ac7a8b01b9281e7483671bd39b39a3287f6eda77d
after,train,images,dataset_clean/train/images/279_png.rf.5abe118e4aa0b6ab1f98088f27814dab.jpg,266578,79e36ab888551329e42616b11659d75db5c9eb8cfc5181bace1c3dfbe7e0bdb7
after,train,images,dataset_clean/train/images/279_png.rf.688d70d66296d48d1585d60fedc819ff.jpg,266793,9b7f32b2410e22f65873b1181eac34251e7145691ba1c41fc9fe8cfcb40ac203
after,train,images,dataset_clean/train/images/279_png.rf.bac924f1b15b7b6b57d5320355e94c51.jpg,266420,0d6663e96f815b1b90020043629d3d5c58cc5f7287b8294ce66118c6711bb7b2
after,train,images,dataset_clean/train/images/27_jpg.rf.20a189b0478ef9cbffdb4fd0aab91df0.jpg,15793,7ba30cff865118b7d3d8c4adcf753e10626d41eff68f4b4303a19a7ac5641c11
after,train,images,dataset_clean/train/images/27_jpg.rf.2db5023ddcc44a77f804d0fc5808c694.jpg,17266,66a2e77b076ef84dd3b686b8f5760832dc2067ba50a518a27cefe1c85c30de16
after,train,images,dataset_clean/train/images/27_jpg.rf.6b2e06fd5de3c6c82c56cacd73b8c806.jpg,17116,6c8d258f619c5d7ca5e8233448adbe3601b4fe5ed6af9d695b7df2b10a01aafd
after,train,images,dataset_clean/train/images/27_jpg.rf.851baf35752154ccd783482dead519db.jpg,16184,e78e7a6ea00eaadbf7eab6d9febe31ba2a00b6a691a567d7a2c875b06a882b60
after,train,images,dataset_clean/train/images/27_jpg.rf.b11e71c60e7174a6d08816006b69d30a.jpg,16839,4d6623a7c64ff09e5a23a7e095c58fc9247267b2fdb1a7249d2d8b884b5fa82d
after,train,images,dataset_clean/train/images/27_jpg.rf.e944fdb9d5890cde3bc98ab1d5f8bf68.jpg,16343,b53cf9f33b566747eece40d2b085bc0ad65cd576a04b5afe50c324f679e923c2
after,train,images,dataset_clean/train/images/27_jpg.rf.ee0bc5ee28dab4070beb6d7d77c688cc.jpg,17575,1a34b109f74b00b5058f899fc3782a6f8c6322750631ed5e29c50dfb9afef96a
after,train,images,dataset_clean/train/images/27_png.rf.5fc2665cec3b18f847403228ef77e1f4.jpg,199326,f19ae4c2680f65c78122bf02eec347dc478ee5f3ba04efb1cbd3002058f72c27
after,train,images,dataset_clean/train/images/27_png.rf.6857d55978178196f5271a2e1b18488c.jpg,198568,6520a6e25bbab181dded1bfe9918f96df773492531698ad76965863e50eeb9cd
after,train,images,dataset_clean/train/images/27_png.rf.dda5d0e06e2d450ed103d1cc4210de61.jpg,196785,7afdcd9a1824178647ca50afd8f659b2292c5dd998186cc9c462781794f06406
after,train,images,dataset_clean/train/images/280_png.rf.5b71999dcb82679b933976f3fa96412d.jpg,304289,86886ebcf69a2e1788140bcd0e0412dbc6354ba077bd3486dada00a6997422bb
after,train,images,dataset_clean/train/images/280_png.rf.aff9e797ed1891fa3162b1545b1a13a1.jpg,304344,481dc55a32111f49fe5e2292055ba5d120fcffaec45e4ee7e619ae3c500657ca
after,train,images,dataset_clean/train/images/280_png.rf.b67f250840cb07d5499de2735bd8fb24.jpg,304352,69ad21b6d9646e55fffa18f9deba210b431cfbeb8a3dcaaf54d3b6a101459af9
after,train,images,dataset_clean/train/images/281_png.rf.8cb2614adf3b1650c96b8e94cf3abd7e.jpg,275116,c7094ba2cf6c6f5428ce82a77d65e365704d409b4583c823109b54dd2c2f8ef8
after,train,images,dataset_clean/train/images/281_png.rf.b126d16946bb3f44ec91931cf4974dc0.jpg,275221,cbf48acae03aaa9aa0447a738d39901fca1fc6f2ceadae04cb2e0779a2078e61
after,train,images,dataset_clean/train/images/281_png.rf.ccffdb5963844eea0b0d10c54e70307f.jpg,274988,07631e05ff4141148370dddc39dc16e19c636b2f03840546507f3ec3e93b1e85
after,train,images,dataset_clean/train/images/282_png.rf.0c9afa03c15c14cedd9486e6e699a3b1.jpg,279045,f3c8ac49c9add38518a33781abe23a4c309364cbd0f4ddfed3fbf79e82a87333
after,train,images,dataset_clean/train/images/282_png.rf.0d54219192eb57d9096b6af42c55b69e.jpg,279239,1b4d19b3b816ff8e1d698f41652bc69744a3a5e5c8288b6df47f5c24f5ba635e
after,train,images,dataset_clean/train/images/282_png.rf.bef2bf0377d2a5cca2789642b1004576.jpg,279014,a0ba14143051657623f6dfd99e0d1af51f7c9983e4015082bb241361185c9679
after,train,images,dataset_clean/train/images/286_png.rf.4b2f8843ecea88cdd98824fc0d869002.jpg,314669,8fa8d4fcfaed77a5a4c120e49e58f986b515dcc36e410a382cb84fe57065993a
after,train,images,dataset_clean/train/images/286_png.rf.524ca544ec87749c5b60824356a010d2.jpg,315131,ea1b9d9c046575d618483a96a42ceb68132759b80eab9ee39ee08dc304d69c21
after,train,images,dataset_clean/train/images/286_png.rf.8ca0f4ac2d2fabac77ddf800e412d411.jpg,314655,afb2f4cdc8b807d29d8bb484da70e20ade24b19786051b98ebcc97b241deb50d
after,train,images,dataset_clean/train/images/287_png.rf.036805ae8f2c41926404ae0eba965cc7.jpg,316805,29f07364f38fb3b9642a307f6603ee4d864af21a1b7dff5dc9b7a56d17a2bfd1
after,train,images,dataset_clean/train/images/287_png.rf.1a5ed5e9cff1ee690d66fe24595b11de.jpg,316931,3a21318215c16373787bfee4a86984069973575432ed3254205aa517d57dc342
after,train,images,dataset_clean/train/images/287_png.rf.2739400789e5f294a1af8f22bcfe0bc3.jpg,315433,1452f1c3c18c840799778eb007c58b5197be3e7a607ffae85ed774f49ce2947f
after,train,images,dataset_clean/train/images/288_png.rf.73740fe7d5c446f1b65b2b334eed365a.jpg,342855,8bb4f7339572d2ef6941fa553f7212f38e5562e817bfa5ab3baabffa5b1a22a5
after,train,images,dataset_clean/train/images/288_png.rf.9580788b3407fe7c586807aea67e2ded.jpg,342336,36b42022b7884a40c14a0b618719304199e58932cdf954207f173264c9cb4be4
after,train,images,dataset_clean/train/images/288_png.rf.bf4cde6d62537f943b82a5c607086738.jpg,342384,a90dac787a7ac3a51ba8dcfdae004c8c7fa2156ab4b5b1ae4e2875386b678c0c
after,train,images,dataset_clean/train/images/289_png.rf.3de812a87ec90bc2e4094b8013b18367.jpg,420259,d6e42d83d930296b2ac412ce452966471d03e9953136908803d210619fd594c0
after,train,images,dataset_clean/train/images/289_png.rf.8a1650c7bb9b7f08a46e90a3a5573b8b.jpg,420195,8e91d4fa20b6af2a081d025cdf7f6539233bd621c92bed95604f031c2975ec08
after,train,images,dataset_clean/train/images/289_png.rf.a13a5bd03beba5ea90040bf87fcd37b3.jpg,419758,6771ac7ee7f38fe21267425a71e585f9a4ad469c7db3a363fa94224975d4ea4e
after,train,images,dataset_clean/train/images/290_png.rf.559817749e34187a86316d08e16166bf.jpg,375487,6889c455f33f375befa8b4bffb934cd5750af3a4a6478a698d8086a3b0c46253
after,train,images,dataset_clean/train/images/290_png.rf.d5d65125d7a95e81b822cb2d2d78fda0.jpg,375733,ba14ea9246b12eefde1fb5d2792fb7cc0981c1484d0b0e324c9c5df464c71f29
after,train,images,dataset_clean/train/images/290_png.rf.eafdf431bfa3f42d2f0b5d34eb1f32e0.jpg,375430,ba9f9ce3c5dcf08d917a175a24ce33efd9ff877a58cbbd687b48cf2809f06fd1
after,train,images,dataset_clean/train/images/292_png.rf.454dcd12a81e9568f66a85d2d7d13a1b.jpg,301040,9ec1b63abfe132af71fb5f07d5e017bb3a2435365e584b213ef7b02d40421fb0
after,train,images,dataset_clean/train/images/292_png.rf.4d69f74a7bad8e16cba2d803e0a79626.jpg,301450,a1ba595ce3d25ba3490219afa5e5bcea3da13f217f594ce41b154d63514ed10c
after,train,images,dataset_clean/train/images/292_png.rf.da3added60b8eff2e551144f404a02e2.jpg,300977,e98b27a946731ff42811251b87621bfb36190a65ba2ec918409d494ec244873f
after,train,images,dataset_clean/train/images/293_png.rf.570fd12c4ab2ebf57b17e7b2a671595d.jpg,288591,4b491b607612609a219efd010593d8066fada0b52f5b65677daa0203ac728054
after,train,images,dataset_clean/train/images/293_png.rf.c2a092892be0e32a0ff6a416ac9db16d.jpg,288751,41559e2295b7d454ae498fe4727888f6b28956ebf58aa64b5f0ef2baed1d363f
after,train,images,dataset_clean/train/images/293_png.rf.d534d1ce5349af38df902c94e4aa461a.jpg,288660,3dc4bebec8160bf598c449bb261616a098734964b31a1920c86e79d3e4f8e47f
after,train,images,dataset_clean/train/images/294_png.rf.b90b35b3bbba15b14910e3524ac8867b.jpg,315099,2816ab9f2e440b17bf3abecdd4b2888eace07b12bb69b028d4fdb3829c3592a3
after,train,images,dataset_clean/train/images/294_png.rf.d8220d3122a0ec63b8e14a514967f86d.jpg,315546,8313f747f0c1b3fe9160646d0772dccb13df6a2df7b50352829135cd5aa1e932
after,train,images,dataset_clean/train/images/294_png.rf.faeed8e779c271be418752cf02e7f54d.jpg,316317,4e965f27f53e7ef56de49e20062b1a34c15a4f78bdcce7e811cd6fb7d8b4e9a5
after,train,images,dataset_clean/train/images/295_png.rf.40ba34f481c4df54d304b364b4154a3b.jpg,314958,bd6a1bc3fa3aa19300960de5a9246bb719d6bccbcafc5013a0d0293fd82e6c5d
after,train,images,dataset_clean/train/images/295_png.rf.4d3217c05df7793b051b9b70dd347f8c.jpg,314862,c26a4f6560e50b5e5cda3a5d1910f0b07b4476df13d47ae38b10a1bf75ebd8cb
after,train,images,dataset_clean/train/images/295_png.rf.dfd7f298e8795fdc454a0e2a8195baff.jpg,315986,40961db68b3a05b20fab58e71333706d30d76be110da907a76e3eb947dd92db7
after,train,images,dataset_clean/train/images/296_png.rf.20506fb2904b9a6d318cfa4905482560.jpg,247904,5aaea34a470f65bc4afc5972d6c3ecfd63e8d6143e4fa8b5adfbbbff4992043f
after,train,images,dataset_clean/train/images/296_png.rf.d3396bf7918d4aa317badddece74c468.jpg,247819,55c6ba1e90710788dbf7e30308923628ddc500a1cc827908ceade260d34c51d5
after,train,images,dataset_clean/train/images/296_png.rf.fa9e8a0c942c22ce85788954cca1cc86.jpg,246882,3bb0e769f4241ac3ce0f238904b6a9ecaf4591254f125b9379e366315484df94
after,train,images,dataset_clean/train/images/297_png.rf.0f43d5c8f792c75bd50743afda4916d8.jpg,317827,c5f1f2d133701dee44072b4c621e1ac0724f3a0f00cc4096835515c047fd4326
after,train,images,dataset_clean/train/images/297_png.rf.473bccd0c5cc07621a1aa23dcfc0c8af.jpg,317827,c5f1f2d133701dee44072b4c621e1ac0724f3a0f00cc4096835515c047fd4326
after,train,images,dataset_clean/train/images/297_png.rf.947064887c3076070b754cdb55a66cbe.jpg,317993,0a50ad9848fa6be036393735ca7e07ab6b2a2eadd847340bc324431d708b45b3
after,train,images,dataset_clean/train/images/298_png.rf.5a36af0abdd1781f00209830a489a1e0.jpg,319871,24bb224cf1a39d39d1d54bb60e17645c956393b6abee8a5ba73b7f4484b0fdd6
after,train,images,dataset_clean/train/images/298_png.rf.663128816d43ba5c91ca1ca6ad8691cf.jpg,319859,2f396c0c4fe9b014a4fe8c74202db397bf6d7ae748ca14b2d841022d1a664c72
after,train,images,dataset_clean/train/images/298_png.rf.d5d3dbe5301cdd895d5129c9c52071d9.jpg,319740,0350b49b4d01e4324d0b02056c0d374b07f3a1c30f4cd8f92bfefc5fe983d4b5
after,train,images,dataset_clean/train/images/299_png.rf.0e52b784af414b4887d5e470b6c1ac45.jpg,224448,512afdfcfc62fdfc7130a18c6f7ef95755673d7eccb420d8e1734cb836fba2cf
after,train,images,dataset_clean/train/images/299_png.rf.81dcf7ace48cb247264110d3e9ecdacc.jpg,224727,de4358e3cb03540ca27f79233f0fd4ec6f16f9401e13f2935036572804cabf0a
after,train,images,dataset_clean/train/images/299_png.rf.ca450d39fa8526b1c9557317b8fbb490.jpg,224766,d8e58adf4c43fc675e4003999db43fe50bbe2d9cc8abb18fe7c227d23e4a1cc8
after,train,images,dataset_clean/train/images/29_jpg.rf.1f5e427255de9f562f6a42f13d74fbf8.jpg,16087,841fbd6cc7b262ac9b76d5bfcdacc72cc7d233238078bb82a0c6552b80d62902
after,train,images,dataset_clean/train/images/29_jpg.rf.4690698634b16bb6059812ab8b144935.jpg,16076,639e861dbfb0eba059590a79446e55e27d024f2c1646d8f66819b15d7d309298
after,train,images,dataset_clean/train/images/29_jpg.rf.4a126439e814c5799571bd6702356749.jpg,16133,bbb46a9eb333abb358428799f09d6f806bffd735bd2f78918aeb07136ef4df39
after,train,images,dataset_clean/train/images/29_png.rf.a5c63092412c94172df0491acfccbcb3.jpg,359828,cceb0adaf68ab59e8c588cc18c4317ce41efcbaabcfcf476a5ec48806eccbe56
after,train,images,dataset_clean/train/images/29_png.rf.ca58e455896dec72a18721aea4e4ecea.jpg,359653,e0aba534d4d52c4d7200c48d0975fb234b5018af60de3ba64f57da53629967f5
after,train,images,dataset_clean/train/images/29_png.rf.f48efa2c0116103cfc3aff7474336bfb.jpg,359836,48799e957e240eec10213bf7fb6d3ac9bde367b13d28a1b2ea404f0c4615651d
after,train,images,dataset_clean/train/images/2_jpg.rf.273b5c27a6b788630ad38170f24389db.jpg,15898,cb3a4911f2395ab5b18b8fd51a2b744100cfbb3ad4df99f7136ada116826b0f0
after,train,images,dataset_clean/train/images/2_jpg.rf.3f77b99af90f36a3260afd6d9fdcf485.jpg,15866,394e574f457033e28dc877ff01e9e2648ad8d3ed10e6a9bde5fdc9b39ab851da
after,train,images,dataset_clean/train/images/2_jpg.rf.d7f2c39bd230bb6a48d618f03825bb3d.jpg,17453,bb59a22d740f54f580f19ace1e1f6c54a52354648cc346e1a43e07545561e7cb
after,train,images,dataset_clean/train/images/2_png.rf.0eb49d97ecee56dfab08d24e6f9c51a8.jpg,377704,2fb583d335ba5166162fffa63c66fb95ccc607ffbfd79574646dd3acb32b46a1
after,train,images,dataset_clean/train/images/2_png.rf.71e9615ace8523596c84f5535727a079.jpg,379895,56992d283857a9cbbb5a1e1426ce6ce5213a928e9dbb13e66749356e9f120d79
after,train,images,dataset_clean/train/images/2_png.rf.b30b6048f61fd626665ffecdeb57bdcf.jpg,378789,0712fc38cd0b994919db5e6c5d93c6dfa9d0508d2ae53d6b6da6fa4d922da1c5
after,train,images,dataset_clean/train/images/300_png.rf.30598b242293e2a3f9361f3faba38e90.jpg,337360,4a8ab441d28ea409b9a7bf3dc3c6f7fb6c11f793d2c5cffe8fa0820bcf0dbd74
after,train,images,dataset_clean/train/images/300_png.rf.5c7dec1b189fcc0237a51640d8b3a4db.jpg,338138,4d1fe24b63296394e00682f3c1972bfecb5f8aedb0fc1c27e461e39f53a0da24
after,train,images,dataset_clean/train/images/300_png.rf.f8991490dce0448d8b1aef0ff899b7e7.jpg,336746,4a91d3cf7a731b416d3b8cc7c71fc62943276afbd79f306fb12980e94c59ffbd
after,train,images,dataset_clean/train/images/303_png.rf.8f3c66ae3e3e9ea39abded04cd3b97bd.jpg,323746,5d202e562eb4a6ff6d535b1af98233866bc993fd14f573b1a39bac5b93998b8c
after,train,images,dataset_clean/train/images/303_png.rf.9db9431f8240adbf571f0b0dc16acb53.jpg,322669,572fa8417ebe1a59baef92b9f6cb08cf0a43e94d29443fc59d434e91084a0c48
after,train,images,dataset_clean/train/images/303_png.rf.a6c11c8df983d86cada0618ed6dfe2a8.jpg,323537,478c03abed463d1d745fdfbb245444594f19aee3c016bc886ca9ba8e3a659dcc
after,train,images,dataset_clean/train/images/304_png.rf.046e038a473d0e2041ab114674c16066.jpg,281813,c3b8d6dcbe59541e07fe6d4e4b3de84863b6dc3e360c8e79919c30f4fd9a492c
after,train,images,dataset_clean/train/images/304_png.rf.a91471bbce2b80cd37b3ae57a875b480.jpg,281862,d6ac4e63a2abf2131517957fef1b3b1c6ec072e9e58e781d841a94a667c3e716
after,train,images,dataset_clean/train/images/304_png.rf.c0fa190aae3a617c90f35f5d22bcc0e4.jpg,281552,f0518b20ed84e8402d7d3933811946086184f2a35619d3688eb894000d0ce07a
after,train,images,dataset_clean/train/images/305_png.rf.71e7508c39d96d62c976e551b904783b.jpg,280752,e06fd74c78d70dadaafbd199daca92bc741b5ed3f785d306f57caff71fd01ab1
after,train,images,dataset_clean/train/images/305_png.rf.b8647c014b85a4bd44a7898d89a3e722.jpg,279913,dc56c132ea38a39ff716f7a04da25ea17408b414043ce0916e168f27cb142a85
after,train,images,dataset_clean/train/images/305_png.rf.c468d6439ba4ff1613e3e9bc050ce4d6.jpg,280689,b7e0e94215f5f4d62b14b4a175bd2fa08eb7d98539a9a307845b0b149877a91f
after,train,images,dataset_clean/train/images/306_png.rf.01b9657632423b631d4cf9968de245d4.jpg,290572,12f0cbb978b07886640dab1e01d0632dbd38d2907e50502aba1cee223182f999
after,train,images,dataset_clean/train/images/306_png.rf.165de09895ad465377d52c827622af43.jpg,289873,8cd7e60308b4fa3bf39b0709c8bfbfd4ce4c0ec2a51c834567d4691321f038a9
after,train,images,dataset_clean/train/images/306_png.rf.64e2cac9d6d4c5910422f3aa61566e7c.jpg,289897,87f5fd183650f251fcb4295f936274e8921d0719ba83252becc242b3a9bbcad1
after,train,images,dataset_clean/train/images/307_png.rf.4314d77fc0cc64e42ccf2c1baf57ae33.jpg,284899,3275df9c22a62734bd1d6c2d752727f0614e38f087cd18d524a040f9e7b30e29
after,train,images,dataset_clean/train/images/307_png.rf.5b38b1cde15f2fbeeec95dfc12f61464.jpg,285145,e76a942d57c895a8727172a67b1e3bb3b3cf750fc8e9a49513ce705c52276016
after,train,images,dataset_clean/train/images/307_png.rf.cdf1b2dc405789d939171b99334fe3a3.jpg,285746,4eefb41232019d3f1184b4fd92d999c2375a9b7172f8d81adcc043969c2de44c
after,train,images,dataset_clean/train/images/308_png.rf.16f836c21adc20165389019f84021028.jpg,303645,33a76400c2938e49453d0ebb50c4e9a6987fa2aaef297da043fbc1925864ce7d
after,train,images,dataset_clean/train/images/308_png.rf.48da3688b90777840964d3d6ffb0a35f.jpg,302273,8ad30bdd1f7b53c7cfc824c2bfdce4167f7048b47a9acc03b381ee06027a6aef
after,train,images,dataset_clean/train/images/308_png.rf.792dcaf311ae44db6421bc2102296bcc.jpg,302695,68c38b820f2c34b3572c984125c45d607c8a68511f377899ef128eeb3c1fe3d2
after,train,images,dataset_clean/train/images/309_png.rf.43e7a6726a409c70f3c830be5964e1d6.jpg,316526,958ebb4b7648a2c3ebfbefb58e5b16fbc19a5450b2e1f4c39ca4625a6507bf9e
after,train,images,dataset_clean/train/images/309_png.rf.cdc380530ae1e3ea2e719f4b39c4e33f.jpg,318904,9e6e095b575dcc57b9837e6ae15dbf90f26f8b1f431a098da6a1cd841d1782ea
after,train,images,dataset_clean/train/images/309_png.rf.f3337652bc883afa66d3fc0fcb572a94.jpg,317511,403c372298608000019009ba2fa11102405c092ab9dde2153f50d38083237a1b
after,train,images,dataset_clean/train/images/30_jpg.rf.201e25a9090834ef023d388e2e5efacb.jpg,18696,6bacd0ecaea538228db06e3298e8522f2d3f058ec3064048e33e401a9933bf3b
after,train,images,dataset_clean/train/images/30_jpg.rf.2b9e18e9eb7dccff28611ae0ead7f9f3.jpg,18257,f903ee4782cde325adca8c631b926269650231f2d9f2d2ac62638152b54ab752
after,train,images,dataset_clean/train/images/30_jpg.rf.c3b9b35c42735683781b79e07024f6e1.jpg,17837,59441499d5692bab6af7cd5ee4876db66b9946c6525882ae12b2136c2de1ed12
after,train,images,dataset_clean/train/images/30_jpg.rf.f639be728089b2fc508e25949c2cb11e.jpg,18546,d84cefa1d5d1db87e1df0e3c404d542be4e631f86c886355ec8586f604a3e714
after,train,images,dataset_clean/train/images/30_png.rf.4a60410b0036cfa072b9f79dd039aef2.jpg,370755,641e7fdb61e11ab7a9b0c60d0fd7cca510d6c6ceda38002d6da744f3705575e6
after,train,images,dataset_clean/train/images/30_png.rf.666b060e263f94ddcbe68a1cd0d51170.jpg,370843,03024307a13fc32e14409f509eaa4ea64321ed0d0d55fc5319311eb1548097dc
after,train,images,dataset_clean/train/images/30_png.rf.d86d28e443075a9599ad3556df98e8c0.jpg,371575,b81b88058214c0e1a5b1a480b2839b72f1e0da1eeaa485263adf6b387fac83e9
after,train,images,dataset_clean/train/images/310_png.rf.117d1be5ebe91c51a695df29bb6f54f7.jpg,311634,49948924c88576edef5e1cc55e3dec0270edc904d73b6af97d88306e4ebaa9d1
after,train,images,dataset_clean/train/images/310_png.rf.1fcdc4acb72b25676d7cd6c09a69c2b2.jpg,310547,a4d2871faad99b6cc3b44841dc0073bdbf3bfa890d9f9af71a7760611f37c70d
after,train,images,dataset_clean/train/images/310_png.rf.5cec3bc22837f1cb05105328a87bf21c.jpg,312344,0db4597872b5d8f2f41915192eb125b43587ac30d0954f0d40afea45e20f54de
after,train,images,dataset_clean/train/images/311_png.rf.9cef645a92bccd1b50adee2f7720926f.jpg,269372,1fa306e4a1728f673c0372790c5889de2de69cb52354e86d133b167e7ee58406
after,train,images,dataset_clean/train/images/311_png.rf.c729d0cf5abcc9905d48766071a82be9.jpg,271384,7e6eaeb75e3058c014ab60da6c55c7bf1b98abfcb81d5d125665e09ed6114d5a
after,train,images,dataset_clean/train/images/311_png.rf.fb806c1942187cebea04294f71fdfa69.jpg,273347,60f50625fe3e419871322fea61ce7fcb3b01a20400fd193ba7b147746d32b728
after,train,images,dataset_clean/train/images/313_png.rf.a5402ddbca17f29aca4bf7930e2ec4e5.jpg,288303,298c58613492ead4b9f48177232132f620a9226fff80665bd2ad7804d4c32ea7
after,train,images,dataset_clean/train/images/313_png.rf.c03c3cc0df9acb502f71959becd6cf4e.jpg,289228,98b72f773c56107b7cd3c44e8b7d7eeebfabb22e65fdd79bf57b8a3a0177cea2
after,train,images,dataset_clean/train/images/313_png.rf.dec338ad324db219729c1976bd0edb5f.jpg,289906,f5aeabb4cc7ae1f8ce1682af675a0288622b694c79b4be55e40c4b4411716ae0
after,train,images,dataset_clean/train/images/316_png.rf.83f24675e6683c4e79009afe2d8873fe.jpg,256909,eb1bcb33c9e545de89f44a76ffad737e06951865ed5e3b617b1aefa3c3342de6
after,train,images,dataset_clean/train/images/316_png.rf.a151cabaae9dcc463d9c5532940671bb.jpg,256992,0aeeb77523fd03023d9bde1eaf2a88575ec7fa5e4dc550990b69707f28439a1a
after,train,images,dataset_clean/train/images/316_png.rf.ae9d7fa20d2c2330f431305515798e18.jpg,256379,911b15fc2f9f31527c70a10ad793fe2fbb417b4f9d53ac0306cca5eedf1b7db9
after,train,images,dataset_clean/train/images/317_png.rf.13c029ec9a2485077dc7647c9572e5e2.jpg,262776,0467e569d497258969c9703a6223909324f979f21e89e06f2f89006ada8e47d8
after,train,images,dataset_clean/train/images/317_png.rf.34fc3692eec5aa9b91c27f0fa8860168.jpg,262977,0a403b7d529c81934789ceafd4882de41e0a441e8529a863df70bc106cd4f250
after,train,images,dataset_clean/train/images/317_png.rf.5f3c8586f1d281eb6b0e914f72d279b4.jpg,260515,0aab351acd7341bba6cbe1d835143f59ef2eabbdd577f7e9d4126975977502dc
after,train,images,dataset_clean/train/images/318_png.rf.9f99cdd9a6b6d223d04792cc799e71bc.jpg,247732,2a2b0cf29ab0f957298709ce6e0668b6fd0979c6a3db9817df739c645c02c1a9
after,train,images,dataset_clean/train/images/318_png.rf.a92394bce7bb7346594896623c630137.jpg,248902,8a9db16acb8b7f16a54f06d7b32d275c0f71f9f74327ff7c492ec25ce5b0feeb
after,train,images,dataset_clean/train/images/318_png.rf.e1fbb297f4735f8c29e1bc40e1738797.jpg,248835,640050ccbac01ba9415686b53cc5e0752e68128d9dcf72407d232fd262f5ceb3
after,train,images,dataset_clean/train/images/319_png.rf.084f89854fecc1230dc56c2c1cd7204f.jpg,257512,90daf9cacb82b9d88dbc319ad3d441cdd4292206b007b2a3f2c96a5299204add
after,train,images,dataset_clean/train/images/319_png.rf.e763f50783836d92710df5ebe44920ec.jpg,255593,c586d83d118089bbba26cd56776807305b3ea2012f45b9ef2dfeb12890e96087
after,train,images,dataset_clean/train/images/319_png.rf.f6ae909d149c48ef8b0bd50d7681d5a2.jpg,253823,d307c5e61f3e3736c9939e26e9c59fb1aa36eb0d1ba0c9d6b34338be3c93216e
after,train,images,dataset_clean/train/images/31_png.rf.249aeda87864167815411115799d5b59.jpg,406944,181dfdd33ccf1c03b1452875337d74757e24e23f8f322461c6a72a806a723ce2
after,train,images,dataset_clean/train/images/31_png.rf.50410832ace0233a91d1ca1c70f67a7a.jpg,407668,04212472dad7c9b73a767da5d0e2e31475334902ea96998bd92056353fc95486
after,train,images,dataset_clean/train/images/31_png.rf.c3c8a8b2798e59caa9c4f37b7e2b4740.jpg,407210,da74eb12b1399261a811b64ed3e2133a49fffad12182dc6fb99e7d8365c28fae
after,train,images,dataset_clean/train/images/322_png.rf.c08f3d89279cb3166771bd6c7594e720.jpg,285511,b3a9ecfaf8e09a3bd28691cb5ab32f5fb6a42631b4a943d40686d241edb1dddf
after,train,images,dataset_clean/train/images/322_png.rf.eb70913093c342812915a4d464308ebd.jpg,285213,f84339958619eb72d57b5cac661172a253f899d1a1433070a78bdf2a5a498603
after,train,images,dataset_clean/train/images/322_png.rf.edc52c35469d1445e821e2c0e0bcb206.jpg,285487,c9a276d85823e92b3c5d5d75c86b178a22625a7b01ac0e06726b2bbcda3a4652
after,train,images,dataset_clean/train/images/323_png.rf.05be3f24ea3d7d3d10334747677775fa.jpg,325634,382214f2495516f1ccb7d7d2588f5e8ed914a8e818b7c6a479107648f63b586b
after,train,images,dataset_clean/train/images/323_png.rf.1787d4bf4d2b8b8beed3956a3808072a.jpg,324937,623ca12bca84421f92b38eb2a52be528751c56db3bc8413ecbde93adf8d3cfd0
after,train,images,dataset_clean/train/images/323_png.rf.8e3de80e19e8237f4e804f1747816c04.jpg,325877,bc33d53b465226286ffe9528032d4737c98adbef88a9f1ffb10d206b4451637a
after,train,images,dataset_clean/train/images/324_png.rf.05ac9e50b8583d81c7a06027f289e9a5.jpg,336937,c86268768de80c5b6e662010c2682dc6b4ebef6add3fd49784103d47834e8b08
after,train,images,dataset_clean/train/images/324_png.rf.53883377e63186ecec80ce98cdce6055.jpg,334744,e99513fce200498cfcf4cf06e0705562be23f259f6210aa9dfdeeb0ea3643a8b
after,train,images,dataset_clean/train/images/324_png.rf.ae98728704c24e2696448eb669211923.jpg,335855,318ba17ea06baecd0743b45f90edbf8cf203be36991baf6bb0fd11cfc259875c
after,train,images,dataset_clean/train/images/325_png.rf.0972e0e86c2babf587e05bed2f69df70.jpg,339358,d44f2a1fdae9cbd81b923e3c1dbc27514c30b3bbf2c9e61929a7135962600955
after,train,images,dataset_clean/train/images/325_png.rf.d775aaaa8451cddaa2d07ae182ba5fe2.jpg,338656,bf2c6bcdd8b87d030024b8092cf0632e8f54e7cb00c5de472d1c6f647a71eb39
after,train,images,dataset_clean/train/images/325_png.rf.ee03f65c31778e14733cf61c71f4ea72.jpg,338430,e96cc4139011930d8bde833b40df4c00b225400d1c579a5bac85986e3ff41c2b
after,train,images,dataset_clean/train/images/326_png.rf.2be19455b22defad169b140b9d562d79.jpg,246258,cfe82db5a82d5b7a7a8c17478093d3e49a5a6292073730902cc718ed4363b16e
after,train,images,dataset_clean/train/images/326_png.rf.41df0dbdd285107a0dc6798a988028e7.jpg,246194,b2f9b0337e89c5b3b0ba238ead4ee78e66e97f5927a55fc28cf023accb34f779
after,train,images,dataset_clean/train/images/326_png.rf.6d6680543fb82272c6306b10e8b95ed0.jpg,245642,6ee5c13e3c3b70f579e2a5bc0e8ead6d7d2ffbbd543fc08d2dd9c11957024630
after,train,images,dataset_clean/train/images/327_png.rf.e02c7046fa8e555ab4fed5e90ec066b6.jpg,251939,2ae72c2eae82a0d1fba6f7dc115eba1fc66cb203e7e3e32f7143964fb9039eb3
after,train,images,dataset_clean/train/images/327_png.rf.f42939064ce68415ac200130dbdfa4fb.jpg,252472,f64143292e0742146c59846ccdb83420270895b27c0b73345748ea10e7b7694c
after,train,images,dataset_clean/train/images/328_png.rf.10827665e124971576e811605233f031.jpg,252672,9478e76aaf0b73d7c0478196d471956df22a2a77f25571912c0850ecca15663d
after,train,images,dataset_clean/train/images/328_png.rf.1e432655cd04812b392213ed5f3f9044.jpg,253094,7668b6a5f8808f7d7fc01ef3a8d44881f3e10844fe9a33333e37619318a9937f
after,train,images,dataset_clean/train/images/328_png.rf.c04f42a07b8d2f54081f9c1a3dfd5586.jpg,252640,71cd8659651694ae47d9d7a9e9655908e64e30a912c2d2d7b9249543abcda377
after,train,images,dataset_clean/train/images/329_png.rf.23d5ab0c9ca312f6e4e06ee355d0b763.jpg,264540,c3869d0ac25d587473d38c2823710300a3106a811406d13eb5aaad7022d8ef76
after,train,images,dataset_clean/train/images/329_png.rf.6634d37996fc685755ad311a6c65221d.jpg,264735,07a638c3122eb43fc131248700ac3bfa6737defcf44d9ca4b18b384379b9c530
after,train,images,dataset_clean/train/images/329_png.rf.b957946249cf772e796d88d006625ef0.jpg,264461,f18d274a5af59e3ea94f11919dafc7d5bf619209be83fc0c919b0fb05ad02426
after,train,images,dataset_clean/train/images/330_png.rf.54c9d58a42784c2f13f82fd845fbaa23.jpg,257600,6369d159bc03d63233036dd519a231dc33cf920a70cf64683385e0676f30d01d
after,train,images,dataset_clean/train/images/330_png.rf.d0a03f89a2f70eee99e3809c2b0facc7.jpg,258828,049a6207b7438fd1b623c3913b0c681f943854f858f0727266103af807c39a92
after,train,images,dataset_clean/train/images/330_png.rf.e97c0cde01a96726cb68c8fe279a717f.jpg,258799,25cb47eb82aa6b47f63f9147a543098db32b4da39361bf81b28d436c007a30df
after,train,images,dataset_clean/train/images/331_png.rf.399c3670c17e2a32c9b2ee89b2198064.jpg,271716,f26fcd0e24b3653d8c5ef9019d6bbf9c94434ec8554427b294cc036b2e48de3e
after,train,images,dataset_clean/train/images/331_png.rf.3a2701510b7c543be60fdb76a13303ad.jpg,272346,5dc92880dffce0a708cc2d587a8fad09513cf7e966aa422222392768bba1a939
after,train,images,dataset_clean/train/images/331_png.rf.bd5602723a98c920b56decd51f5c5fa3.jpg,272456,4960879d6eb6b5e8f8690a9c95c2b2af6e279eda8bb1c6c7002618336d32f4f7
after,train,images,dataset_clean/train/images/332_png.rf.07ab093f695ee41f2ee8d5aa71d78f12.jpg,282931,3a30f2456cdf77371638334db331f95aadbdfc102cc9b3cff01ea7a0edcc1929
after,train,images,dataset_clean/train/images/332_png.rf.3013d7fcf911dbd63079cacb4289ab8d.jpg,283761,998d04d897fdf1cb30a0744d6f275cedbd566b5e194070a76830cc87fa2a0aeb
after,train,images,dataset_clean/train/images/332_png.rf.b4988daa6813f62822c186372bad53aa.jpg,282897,5a9e41292ca1cc11f9fb1562dbfde00bf3d7af315e9b6ddad8870ef6a747c542
after,train,images,dataset_clean/train/images/333_png.rf.59c31a098fcf8a9915088067542dc266.jpg,273441,1dd108f115716f7538e095b24e479743f62dbf56adf624a6b86fb6d29128cb3b
after,train,images,dataset_clean/train/images/333_png.rf.734419a2222a7b68b1502020d6883ec5.jpg,273011,fbec121b8537ca62d182c2203d1abc0e04eecb43ce5f176a672526a99a971364
after,train,images,dataset_clean/train/images/333_png.rf.e2c56d50a87af34b56b6706a31935e6b.jpg,272714,d20b9131e5c3e3ffdfde5b0980c22a026cf89a57fc0fc83af3642561f0373dcf
after,train,images,dataset_clean/train/images/335_png.rf.1ee6ca380ede60956b13a70836e31548.jpg,315419,066d36d2ad5904436c5f0c0bdd99574f551917fe8b6cfe54f437424d9fd811a7
after,train,images,dataset_clean/train/images/335_png.rf.41749768c737fa1d50ffbb9a0b566b6d.jpg,315103,6f1378cd57fb56f8a3829d04b1c58048e53a57a9d0a6ff91131d932e63ad8843
after,train,images,dataset_clean/train/images/335_png.rf.f17d0ced504879eb7f886c9dd40216fc.jpg,315313,8bdb4257d6cbbc70c4da71c1703e614f1d65bfdf9ec68c5e11153e6f5d8fb8f1
after,train,images,dataset_clean/train/images/336_png.rf.8459de5275aa41630d575ed761929c27.jpg,319594,9acf63981aa0e8b9714720f668a6d1d89db812582bca3f713cfa42b64c4b996c
after,train,images,dataset_clean/train/images/336_png.rf.dcd23aa5aba958949e55fb2250de9c5d.jpg,319402,63d66804de5e07ab5302c142d63e1fc0ffb444a059245639fed97919124c2fab
after,train,images,dataset_clean/train/images/336_png.rf.fd26f4b700690111a1d93d4fad6fa50f.jpg,319293,cfd8f077a4e3223124332cd8cfe1016c7afc76809639317f5310086559762e50
after,train,images,dataset_clean/train/images/337_png.rf.50eae93d34710330742b2157bc6546a7.jpg,321883,2adc50a21d93636f300c9ff66e7c9a07790ae58f80e6a5c668a13ad67e4168b6
after,train,images,dataset_clean/train/images/337_png.rf.6cf6168aa022680153c9cc37ef5567ca.jpg,321912,a493416feadbbe88e70cece1bf9d28ea06fb3dbcfd95fbbf69408256272ff191
after,train,images,dataset_clean/train/images/337_png.rf.a2e3025656f1de9ea2d0be9772c6b8e8.jpg,321830,cb57a1fd5560af2d5498dbf426e4aad3cdfac70846fb33d43afafadabcdf2d30
after,train,images,dataset_clean/train/images/33_png.rf.10fb0042587cbae112b1481d2495578e.jpg,207517,f56c783185a7779287ae9dada5dd760b4f2e8a74f56a756bad4dd62c7b5ba70c
after,train,images,dataset_clean/train/images/33_png.rf.38c0a7e4c77dc7f2b498ab759b76803d.jpg,206910,aff8734361a29bd5bffc05c1cfdea58b205d6e25db0fa96ae4bd80c65be182c6
after,train,images,dataset_clean/train/images/33_png.rf.e31f77e83d9dff46e9eac7a5e1a90659.jpg,206784,fa6a030b4196cfc723458ffb7e95d2a34f0b9877ab4c34d842b7ff3f23e45bc7
after,train,images,dataset_clean/train/images/340_png.rf.192f9970cb4e521a840e217dd7809c83.jpg,247019,dd6ef3dc1e4e20c9b72d04cacf0d2fac9402ecce8a781d99f3a6328d10c59a8e
after,train,images,dataset_clean/train/images/340_png.rf.9425531de2d0d7fb14cf2eca457d28c8.jpg,248220,93763da7a72ba57b008743b932076d53e348b320792c0accb7bbd337691bc133
after,train,images,dataset_clean/train/images/340_png.rf.be639210bea56f5f70628e6898feb649.jpg,248274,0ac0154a366a53bb6b07dbc2456cca819d387106f24fb583e69605097d67d9cd
after,train,images,dataset_clean/train/images/341_png.rf.12ffefa8147dcf86baf629dd8931c6b4.jpg,246097,57ae37d6a67c9df2e79c69ae9c7cfe32ee19ab0ebb891a80911d82165f40c16f
after,train,images,dataset_clean/train/images/341_png.rf.2acdd9d1eec855ddc7c6850a852ad365.jpg,246082,6c7d288d2928fc13f77cb523e8709567ee356b0ac52266beed8f21929533b764
after,train,images,dataset_clean/train/images/341_png.rf.8a8fb293709e229a2987603e52ed8b58.jpg,246535,e762db58676ff20d5fc317c2d850fda4edf6f4994394b1de940ca3f594806fdb
after,train,images,dataset_clean/train/images/342_png.rf.1f4c2e44df07fcc0c79ea4505f6c4187.jpg,243282,a0699ef26416f60248f787ef9183410c015b0352d8de7b7a7be079da8f57cd0a
after,train,images,dataset_clean/train/images/342_png.rf.681ac4ba5b2988c387b36093921ce683.jpg,242799,c9398a192cb587dd773161b5c5443670542b53a846d828ecac2902edfce76fc4
after,train,images,dataset_clean/train/images/342_png.rf.6f364cf7d875d6bd809f1dbebb1bf900.jpg,244419,bedd1d18093a5d9d1f79fd7a2497e87b662796ea49f997f96a6407563a513feb
after,train,images,dataset_clean/train/images/343_png.rf.5ea3a77a33b65c81c47cd7c3108f3958.jpg,256550,ef65a6d8ee340b2c61ae29bf33d49b98f95498fc31fc64705dffcbd714548b42
after,train,images,dataset_clean/train/images/343_png.rf.9654457a95305057ba21070354572433.jpg,256525,b525e734bd52eaecab556089c90304a20a7158d64e8b86392ff47c7950461e72
after,train,images,dataset_clean/train/images/343_png.rf.e29941055abcfc4a2a13094a8c8f3795.jpg,256914,b9d4523b00ad26addb4f8211470491eafc3ba7261e0773e7f54944cb9598f306
after,train,images,dataset_clean/train/images/344_png.rf.049775b483babb8f652f0d4b66f17aa9.jpg,194686,9a342a5a4716106cf02486c5f4df5518660a3374fd14673258ccff8582bf55c4
after,train,images,dataset_clean/train/images/344_png.rf.06c7c4cf2182c173a8b1b0bdbabfab42.jpg,194537,b29daa999f2984cda2342df19c81529c0e181527591b0bd26af2bdb9fe6def4e
after,train,images,dataset_clean/train/images/344_png.rf.6b2e70e1e5e2b7406dff40bdbd823189.jpg,194486,274b7c4742c11fdafd94f21fea07c5472ace6a1a47d1780395bdfc95409452d9
after,train,images,dataset_clean/train/images/345_png.rf.15f196a34029ce66b6f1de87554469f7.jpg,327568,410457ebe86006725c10f0a0b05a9b8caac6237df91d0a6236311672c2392374
after,train,images,dataset_clean/train/images/345_png.rf.83c77a2a251f00564769d90d5f067d04.jpg,326508,696d845d7963844a5a610f1c3946841fe8cf27f08a1448d56d737eb1d8a8d6d2
after,train,images,dataset_clean/train/images/345_png.rf.fc970680b4e524ca930d676f2a32e5f7.jpg,325922,c665a302d1a6e59837300962328df9039564ceddc1774fb357fea648b3151a1d
after,train,images,dataset_clean/train/images/346_png.rf.6e6d46cb923c3871805b0d5dc5d41240.jpg,274375,379c8005f4153d7eed1ab86ebb0fe3ede7b06d154579f9ffd4912db4ba4abceb
after,train,images,dataset_clean/train/images/346_png.rf.b1b0386dcba917bc1b087337a6935e2d.jpg,274941,b4fd7aa04fc37e239cdb624d80b58be2ba8c5504f0f229c459822e88dcdb0def
after,train,images,dataset_clean/train/images/346_png.rf.f290b81d080f049fac8b6f4503274dfb.jpg,274317,cb39d651f055b08f4b868b6097f2090081e61ee87f574f78057ede6edc489414
after,train,images,dataset_clean/train/images/347_png.rf.1de5deece92e19157938b84360d79950.jpg,358170,b1977888544653728b6e772ac5f899386d80d351439ae60461129b8f4d0948d9
after,train,images,dataset_clean/train/images/347_png.rf.3a77534e035ee2b0d4a3d168b37ecea2.jpg,357471,383eba8afc677e455bf52a7248208f105276c6cee9f83c0ea61d1148ee0931d1
after,train,images,dataset_clean/train/images/347_png.rf.fc2f774c1cd2cf678b767a7b6f420617.jpg,357323,a644dfa9ac74f5d9a1334a62ab63bf3e35f74c3ca8a5a2b8467ca2f7b9e99014
after,train,images,dataset_clean/train/images/348_png.rf.3ea4bbf314c1af2f89840472e1fbfc5e.jpg,279915,bf8c1a8bdf47745d071a1afb3fa4615a8adf94b2f898cea687271e2adeda6f0f
after,train,images,dataset_clean/train/images/348_png.rf.bb0721b9112895d8899cbe87669db2e4.jpg,280652,9936e84e57992dcd7732606c5f9df18db3a5fb408762eeb467c709c22421cbe4
after,train,images,dataset_clean/train/images/348_png.rf.d17491224f6561d9343aa7bac5daadf9.jpg,279985,a0c6bff409a6338a2098f89b4b1c1d6db7ae9804fee61722485a228ad61a13e0
after,train,images,dataset_clean/train/images/349_png.rf.13db36d01b255016d738cb116dd3a5b0.jpg,273170,275352226df5923c91371e045881e71407ab6e9d811d5bd4786d12b3173e8149
after,train,images,dataset_clean/train/images/349_png.rf.42b3e9ccf91cb9d22eae4d8c44c8e19e.jpg,273436,a1fe985def56b6915b10bd031c9ff1daff74b06a3ee03a37093fab239927a817
after,train,images,dataset_clean/train/images/349_png.rf.7e2e386111048cd8a98c3a4fe4b70abc.jpg,273181,ccd2045001207b91aa29000140750d8f1a46a7d51636b173bc8ae881fae14b45
after,train,images,dataset_clean/train/images/34_png.rf.4a9555270e699b2ebc58331c737a89cc.jpg,288054,a9766276c27c28960b3a82ab2228ceaa359e8add84e3d4f191c45dc45f96ead9
after,train,images,dataset_clean/train/images/34_png.rf.f32ee16721f20e774aec2fdc5bdab47e.jpg,287780,61f61e313e8d9cf7b2b8aa669c7a63e516804507d6802633484f538a6f583f76
after,train,images,dataset_clean/train/images/350_png.rf.2f3c0091eefbc5b9afaddf6e19084e83.jpg,275004,0f784d1541e1718c3577a15ab776da0556ba4d99b3f583e73b39a475651f3e0b
after,train,images,dataset_clean/train/images/350_png.rf.bc892f66187f0cbb89a967ae9ccf6db4.jpg,275072,0f6a81d1a249e3a5ee93bfb7b8e61a69267119a8920d2fc9da5d05dfbfc938f7
after,train,images,dataset_clean/train/images/350_png.rf.fa5593f5b05e08fd3739d05125e18ec7.jpg,275001,c4ec1e7b014b034217a836d109cc0b4fcc7ff451090fe37ae4058d3c68d9594d
after,train,images,dataset_clean/train/images/352_png.rf.57e8e16c9696a9e69baaa00f8ee208f8.jpg,277187,4b02be554b8536a1d9e032517581c3f4ff4bedbcf0c73741059d076d48872454
after,train,images,dataset_clean/train/images/352_png.rf.834d54d5ac86a5f3715dfadbb599be1c.jpg,275855,03d4976e81289ec3fad87b1a6eff4dbb642b8ab3feb0489158afd76cda8ca952
after,train,images,dataset_clean/train/images/352_png.rf.ec6b8937982b3effbbac33381d29cf66.jpg,275873,727b32a5b9ed4ff5aa5a5b6d7023b8ac69ac362604becdf48691fe45d0f631d6
after,train,images,dataset_clean/train/images/353_png.rf.318b7c7300612ecfbc4ea1e6f8d7b506.jpg,248599,6f1b4d74bf94848a1361a02feb138ace9f1ab500b840c02bab9f943975234537
after,train,images,dataset_clean/train/images/353_png.rf.7a35dbf82c2b6496397c1135b71e757b.jpg,249351,a522f9d7663b3dec15bd7d15d62b883154527cf0291a831adc9d07d8b0d5e53a
after,train,images,dataset_clean/train/images/353_png.rf.afbfec5d2fbfc803ea8bd329a3fa6201.jpg,248864,28fb328aa4c70b4013180ecf580dcbe0a2bd823e035ca856ada3ee5166d5418b
after,train,images,dataset_clean/train/images/355_png.rf.243cd610f7831837a4be7e3f7b41643e.jpg,226010,4ee634a42590e2e4f2210982b418f49d662df4cfc8e6759f0aa72d46cb870dc1
after,train,images,dataset_clean/train/images/355_png.rf.7c55a2909793700fdf83c5338d1be5ed.jpg,226354,e91269d155e1fbf2b2f437dead758c8b6b54db00b27a72d43cbb18a6ddf774fa
after,train,images,dataset_clean/train/images/355_png.rf.dcae7052b5a4a01e6f772520808c90d6.jpg,226987,6b646bb3916a41ec9bc3954867e6326c0077c1542cceca008e1e065cd9dcadf3
after,train,images,dataset_clean/train/images/356_png.rf.2d03263187778029c310e249e1bab67d.jpg,281643,b21164f6bd96cc93506122184f2a9657d8d4a6b435e1cc1d070d59eed66bd903
after,train,images,dataset_clean/train/images/356_png.rf.4126a68f3bc828b2222d8595f75cf9ca.jpg,281576,34f2c5c066e4c10cd3eb8a3ed0581bd90b27fbfdf2b81e49476597daba630a94
after,train,images,dataset_clean/train/images/356_png.rf.80504ca959a81076dab8cbe6f13b786e.jpg,281656,3fffe1134b98b004bafdb4449506491b5e6d874ccb94036e2e9822e9c850aa07
after,train,images,dataset_clean/train/images/357_png.rf.1126513a69875e68c0456e2711926bd2.jpg,264189,a198e79add887fb202a4d6ef262af9d15154d3412e0e97e6548bfead24f5149e
after,train,images,dataset_clean/train/images/357_png.rf.8646c127181afd1636b28449839c89c1.jpg,264263,a327cc499d73dfb3bd33c2925f064deb93ca1a1a1735ee4bc8c6edf07901054e
after,train,images,dataset_clean/train/images/357_png.rf.bce856767e39edc3f8e954e9432e99ac.jpg,263576,450d07fa24b6b8a6b234cf55a75c9108acb909d72669a3d55b7dd5d61fcf1e70
after,train,images,dataset_clean/train/images/358_png.rf.578f3f3ee7fb225bbcee24f2d0829d9b.jpg,286562,bbd817ce99dd68249d990b78f722aa8a6e6c55a805cd3944ff8c25aabb70a4df
after,train,images,dataset_clean/train/images/358_png.rf.592e26f1db50e35305cdb2e4be0ef119.jpg,287240,eaa870600867950095e285b3504d1c101084688bd5a3c7c2e6e75a3fd1b5f212
after,train,images,dataset_clean/train/images/358_png.rf.caf37af138e0e0b3b449282b29657a54.jpg,286837,51d6046c4b417383b45c6e6997bc95febf8a5092899564c8a78ea02e7338aff6
after,train,images,dataset_clean/train/images/359_png.rf.0b03216b50bd748ac06aa9c5f5389487.jpg,260536,100f499201be6d2f14b807d9a99b25dd4ae397db9fc29b3373090eec399c0a6d
after,train,images,dataset_clean/train/images/359_png.rf.58649077bd292caf7ff724c9f6725815.jpg,260269,b8f7e66b72d72ccc9c21efdd5851a71dcdd51ee9dc2235fd3cf2ef7051618a3b
after,train,images,dataset_clean/train/images/359_png.rf.67a7886270e3d8023e5871ef9f7aeb4b.jpg,260481,973e3cb581a0ae908bd72773c09e285cc19f321399974346274eb6eea198bc96
after,train,images,dataset_clean/train/images/360_png.rf.1f001ba2cefa9f7cf83cf11b3470e686.jpg,277750,49237ce61069d48d3bd61d04baaf47c9dc2d85f9e99ce1717d62a313b91f494d
after,train,images,dataset_clean/train/images/360_png.rf.8128f46a285752f8e1a366297b38e988.jpg,277750,49237ce61069d48d3bd61d04baaf47c9dc2d85f9e99ce1717d62a313b91f494d
after,train,images,dataset_clean/train/images/360_png.rf.d26ac72f33f62daa6a47c4796213ecd7.jpg,278017,064beb12b3a02f89fc7309cde01f1efd97db38e1e863115943feb3afd519d7f6
after,train,images,dataset_clean/train/images/361_png.rf.30ea50301d67c079ea13559775edc4d6.jpg,214824,56461ab151a64f66203733f605a6a8839748afbb232188c2294bf41ecef2f05c
after,train,images,dataset_clean/train/images/361_png.rf.92ccc9d081a8da43cbea6de26c942b72.jpg,215527,f11a05732844588db32c2df31984e36653707608000ce8ec21644a809d757d0e
after,train,images,dataset_clean/train/images/361_png.rf.db50214808a7f3169b8c2d8159e9f3ac.jpg,215415,9150ee7c94f431e94df3a9927b13900164d919b9c78b9f4e0dd6fd152b926573
after,train,images,dataset_clean/train/images/362_png.rf.86d1b0ac58208902092f93dec765f7e6.jpg,219884,25cd903c7900c9eb0c3aa5d91a3af39e427c316d628a3f8c2b36fd370c0d4090
after,train,images,dataset_clean/train/images/362_png.rf.874793a885005668fddf1cfc7ee4f416.jpg,219481,96884aafa780bfbb7914dd40b66980f26f98b38c3fde8066ae0c49128e79aa38
after,train,images,dataset_clean/train/images/362_png.rf.9a465ebce6661f8ad7887454cc8b3c38.jpg,219177,cad42ec3add34846e39246f9c26c6ed4fb6a8be6b56ebe7c3ae87faa4b274995
after,train,images,dataset_clean/train/images/363_png.rf.4453eba2b286b594c7fc0a353f5cf4f3.jpg,214180,c82e7ca92f19b525416718beb1db2a76880b7239b0edb5c4aede365ad945928d
after,train,images,dataset_clean/train/images/363_png.rf.5720feb8fc524ce54554f4217d7560b3.jpg,214203,27c300e3d3ae0a5014d400e35442608e6493582e809ca3983c9931bacffe2835
after,train,images,dataset_clean/train/images/363_png.rf.94ec6ca7f9d067f6ee3f46d76617ecf2.jpg,214193,3106eb1a28dd5f24cc2496f395486121689ab8d5376b4157cdb4c6ee46ea1b97
after,train,images,dataset_clean/train/images/364_png.rf.68b48e48cbb4b4d55b0bf013a449460b.jpg,211723,4c421528ae06bb8bfc6963589ffcc8d1810cbb963e6be4b1df1b8ab2758bd07d
after,train,images,dataset_clean/train/images/364_png.rf.a918722e4886c4a2884e2f358644eeed.jpg,211647,11a2f6b0f036c50e3a22d0b32a4ba7843f722c33c2cf69dcb342ef96acb558d0
after,train,images,dataset_clean/train/images/364_png.rf.ebe981e21ce175d9851543a244046255.jpg,211040,a3ccb43889de91ef2d9ee32b453199c5a53fc4e71b3273508032bde0bf4331f1
after,train,images,dataset_clean/train/images/365_png.rf.1312f6451f682fca1be6df4541d98feb.jpg,245042,1f1a52e37e95556a68b4752fbd12e63f6a62e8e3e32a37770217474f223280a6
after,train,images,dataset_clean/train/images/365_png.rf.3d518c224e4b05f45bf5e5019bfea4d6.jpg,244610,50bcba078d31a64e4420dee3d660235ca1712563bbc22dd62d520d47880bb3c3
after,train,images,dataset_clean/train/images/365_png.rf.5e298227beef7bc7e05f9b33e3d88104.jpg,245183,9ec1107b1316f13a1aaeefea23605b79c7cdcab1304d1c445888843f60d368f5
after,train,images,dataset_clean/train/images/366_png.rf.0e2f0b11e0179adaa228de51fb6fd6a7.jpg,250258,db33f1d555d989b6bf16e1c54c2efd7bc915d1f94b7afbd578e45c40917a7a50
after,train,images,dataset_clean/train/images/366_png.rf.93103b55a88659cfc4538fdcd110e358.jpg,250170,a859d8c97c72504bff0b3b9ed820179f5c85a0992558e195fa5da762c8dddf67
after,train,images,dataset_clean/train/images/366_png.rf.dbf6fb7e42ecb182f75a088500719bf9.jpg,250757,340f81320aad940fc71cf64094d6ec3dba87e179d901b1fb3d5efe1bb3b90f4e
after,train,images,dataset_clean/train/images/368_png.rf.55120458ba53774d8dcac6c4540beeee.jpg,265945,11d2caec02bdab494fadeffb145f1ec336dc135acf38d940042f1cbfa6762b19
after,train,images,dataset_clean/train/images/368_png.rf.6983a66b2c12687fc43c0904228d5e95.jpg,266376,18bf30cb7a91720b56224e8192a778baeda89a05efe6000b8aea3afea4a1c527
after,train,images,dataset_clean/train/images/368_png.rf.b852e0f2e57665ab7f7e17cc47956a10.jpg,265886,844bcbdc9431d6018dfe318b50ffa19f30e791161ae11f165ada1eb2409fb890
after,train,images,dataset_clean/train/images/369_png.rf.81e0028146b427b454c1520dd6c1556d.jpg,255409,bf520acb6d79988193dccaf0ef5b1eccbaff371ea3ada04962f514314bd0ce92
after,train,images,dataset_clean/train/images/369_png.rf.a251dd780012467256e869958cb52eaa.jpg,254868,db513ec57bbd13dc076bda391b2997223bd080bee347aec358c517df776cb489
after,train,images,dataset_clean/train/images/369_png.rf.d59d3bd05d18c312152bde16c225aa4b.jpg,254694,0f4f300c58edfc113844e315659bc050f078f9907fc916f20e44e9737da38fa2
after,train,images,dataset_clean/train/images/36_png.rf.080c46bbd17f187684ced92351de5c46.jpg,301644,11ca6238c9b75a46dd702479ac6cc89c5246b815e5c4d0714852f667e1bf26b5
after,train,images,dataset_clean/train/images/36_png.rf.5ffaf360f6b32ccc50268ea3805c6512.jpg,301900,5e374e60407307b8ff9efebbd973a65d8e1f47ad329ac32ebfb38cb260afc0b8
after,train,images,dataset_clean/train/images/36_png.rf.ab4122d6ae7d1b23b3d2d784b3c08c52.jpg,301644,11ca6238c9b75a46dd702479ac6cc89c5246b815e5c4d0714852f667e1bf26b5
after,train,images,dataset_clean/train/images/370_png.rf.1d96b29e352460e92f6a5c049bd93a07.jpg,251767,19e4dcb639805feca1b1e07cd7d63ca2e0ae3bc842732bccecc8677f488121f1
after,train,images,dataset_clean/train/images/370_png.rf.744bbdef051aa059d78838e2bdf08034.jpg,251563,46f7011d73caf94ca2243c457aa2b73e7f8d44ededfb9a04ad6a6e221f68424a
after,train,images,dataset_clean/train/images/370_png.rf.aa085600f3d11f201ce5970fec4d8e7a.jpg,251480,85f5b63cd37f38f678b32a2dc35f1dcb01ac30f629ccc7b0f086839f1e6a5bc7
after,train,images,dataset_clean/train/images/371_png.rf.3f35abfcfd6b95d39c71d96fff3418ec.jpg,244466,8dcd5a68174a98166eec19b6b644602c75f51a7737ff09decfbff56ffee0278f
after,train,images,dataset_clean/train/images/371_png.rf.6157e23ae3563fadc40432539f66871e.jpg,244005,6aa34c2fb300f23733e0274033be0ceb425c660d544cd79492addb14538f4c38
after,train,images,dataset_clean/train/images/371_png.rf.ab1aa0eb3620948bded5f1d7fe0b41a7.jpg,244082,cd998a3d513adaf7bc31fc4815ee73dd57fc04095da4431a0d3610f261745a10
after,train,images,dataset_clean/train/images/372_png.rf.35665709a689f70a39953968bfb32cdc.jpg,242183,cb885e353e43b8c1c71ca3219bc57aa60e7d48883cdaa60006f46ba97c41b809
after,train,images,dataset_clean/train/images/372_png.rf.c13e2db7c1eeb4684a9a5792896d2f65.jpg,242164,4d5fcf4281c5a63348ebf8842feaa9c97909c765ba5c98422fa2b9479660929c
after,train,images,dataset_clean/train/images/372_png.rf.feb38b78f10a59b6eb50c32417c32b03.jpg,242883,b62362ad1a166ee969fc871fa310d8599e489593d2c8fa34248d791e029eded7
after,train,images,dataset_clean/train/images/373_png.rf.441de2b4dd8e637b75c2ca0ed6dd1a39.jpg,230221,94f3d9f505bbb6109a7d629b3e3c4734faf2c5e89eddc6a5cb0e5e5923d1b878
after,train,images,dataset_clean/train/images/373_png.rf.b4aa49bd5e25ff27498b94bba1ff7367.jpg,230192,917bc6e86175199ad27d8d6c059ddf641afaf071c665fd6be177bf0b1e26472d
after,train,images,dataset_clean/train/images/373_png.rf.ed7228a752541eadec0b953334d59aba.jpg,229986,857f02c0843ae845b98a2df6a149cffaf2bd8563ef2d0d05f99631346ec10029
after,train,images,dataset_clean/train/images/374_png.rf.44b58a68f64a482a1240e030f3b0beaa.jpg,224148,572339cb2684921ae2217e39cc66a759ff07d9c95f592a793a46dbf407d8a148
after,train,images,dataset_clean/train/images/374_png.rf.91dc92b1c7c142a6dd5fd370a13013e6.jpg,224425,e7a2be5f2d5af8060dfc56d994e589c45bd35f0575c788d6f01889e490c21589
after,train,images,dataset_clean/train/images/374_png.rf.ed42d31a149fbb37d68726f63aee601e.jpg,224634,7b194825f3d92cf11e2319059ec43d3f3bc01d32d2863c2c223e362c759ade07
after,train,images,dataset_clean/train/images/375_png.rf.38729a033abf694879a9a1e46bdcd9c7.jpg,235596,2cb47bcbd0a59b5db8c4c0eb00350dd224d9f1c815c5dbc2a069173241d5296a
after,train,images,dataset_clean/train/images/375_png.rf.a899b07b68174eb2f780bfb52b8a5117.jpg,235714,9f1bc9b0d3b71ae9dbbd483efecdb39f607a8208040ffe664cbd4eef38878354
after,train,images,dataset_clean/train/images/375_png.rf.c88990640639cd433bcc1ac37b8f55d2.jpg,235704,3b422f85f3d467fc0e5c6c87b6ce8d65f314c77da1fa33e0e576b0b33c208be5
after,train,images,dataset_clean/train/images/376_png.rf.1fb22d58e2da969102b6e45c97e0ee1b.jpg,234146,26c6608b6526b175b1b7c27881145a533ccbd010ecdb852895103b1cc1a2baca
after,train,images,dataset_clean/train/images/376_png.rf.45c6b2e6789fed3ccc9c708d90274acc.jpg,234037,16c4ba1e3c2583c1f83412bcd7da04769eec608884a0afbe508f7abf8e9776f5
after,train,images,dataset_clean/train/images/376_png.rf.9dc8a67d1e2cbf1a320df53a3a438f7a.jpg,234695,3499c5bcb0ad3239e1bf7f689fbdb11cb41859baf6b0a32b8082260e28586e62
after,train,images,dataset_clean/train/images/377_png.rf.06b08bf33516b0f3145610b01e33343b.jpg,277505,5ed5dca68aa9908892d051687f42cf2967e0ab06067143b2f429642d24c6d850
after,train,images,dataset_clean/train/images/377_png.rf.287c1dbb767d9c82127f7f7427378578.jpg,278044,92a1af81f787c804a9e157d89dbac7bea3b9f8a9999b5ce9b1ae387f98007989
after,train,images,dataset_clean/train/images/377_png.rf.44ed87d56d63347b1a83a8e6507e4df3.jpg,278267,f9280a92dfc6302231eb2ba4f76de53e47007bc7811fa26b63d1799cd6885eb0
after,train,images,dataset_clean/train/images/378_png.rf.5dbfce9748ff5964de1d1f718fd65955.jpg,290279,e14948838325957cd2571f776766abe8a6fa988811a91dd564ac1474bbbcb3f3
after,train,images,dataset_clean/train/images/378_png.rf.7b7e6b3cb44e14325fb1f516b6257524.jpg,290143,6ed10886fb42f124d1daf34f3869c4d165d9cfe38027806022df4f4fa0e93f46
after,train,images,dataset_clean/train/images/378_png.rf.8dae02edceecfa8d1a486062548432db.jpg,290014,c037b1dd05b22a9feb81e5efb815a54b0c378fc3a3f18d9b4a2f0025b8f66da7
after,train,images,dataset_clean/train/images/380_png.rf.2176f18375d7cc29fe1aa40dc544453a.jpg,280649,2faa758c0284c2b077fecd86d93465950a1fdd9603c0865167a17516503aa79e
after,train,images,dataset_clean/train/images/380_png.rf.48a2a81a78f9171d75a11d216ab7a5dd.jpg,280458,a007020ea3731f8cd64de738006ad25ddf2fa5b6f007778c4f6872e990c30c2a
after,train,images,dataset_clean/train/images/380_png.rf.cd671a81e1caf3a32869a38d251934cf.jpg,281007,bcea84d8f8b3acd8bc3456e999d459a2dbfedc3cc696eaca69192fcb1ac02459
after,train,images,dataset_clean/train/images/382_png.rf.59f8ba998e572f04da8d5ba85176b277.jpg,298237,75ffcb6311ba4438f1c97504f69f48f1b972314cbea8b184fbf0172f581d163c
after,train,images,dataset_clean/train/images/382_png.rf.a405e48c2703298a9bfe319a5bb1e2ea.jpg,298337,605851a34f76ee73e9dfd1996348e360e632ff4128a3fb80785128b42ba7b5de
after,train,images,dataset_clean/train/images/382_png.rf.b82deef5663fc33e5565e3a69a1dd4e1.jpg,297769,103c526b299b785a402e734dbe64e794be31e2ec20279194375ba1d114dd86c8
after,train,images,dataset_clean/train/images/383_png.rf.1e8faf4e3c5ff013950017bc093822be.jpg,313858,b69bd50b9cf1e71a491ab28c0b2c72e22ba631ae17c588b0c0b45e68b8aa040b
after,train,images,dataset_clean/train/images/383_png.rf.5761423536b8c216701852d3e4915bc4.jpg,313715,aa1305c34dcbbcf97630bf58e5dc809f5f9847970ad5e8d5561f0bde0f37e065
after,train,images,dataset_clean/train/images/383_png.rf.df3e56069589999d205c534bbbcd388f.jpg,313693,0024ed378775ef161dc2dad7a3a5a9ab05341d99d1efc74558547cfdf6cfe28f
after,train,images,dataset_clean/train/images/385_png.rf.6c90333cef3a96b7edbf38105f2fa969.jpg,263383,8b8d4f448deec3a1e9e72f9f604e406613a4c2503e27e119277939b20fe043c1
after,train,images,dataset_clean/train/images/385_png.rf.caa7a21861e0478fe7f7bd8a2256e18b.jpg,263383,8b8d4f448deec3a1e9e72f9f604e406613a4c2503e27e119277939b20fe043c1
after,train,images,dataset_clean/train/images/385_png.rf.ccc6f8b5ddd18b34c4877949b98c9f43.jpg,263906,53db44a426088404e118c256a9a1a8f79d913cff732a8ed0341e5659733ba558
after,train,images,dataset_clean/train/images/386_png.rf.5c0a6bed9a724d8fe993722dec574152.jpg,265417,4ed12ae85d75934550132167bc402551f44d786b230d8e66af9dbfb492bc754a
after,train,images,dataset_clean/train/images/386_png.rf.8a75a08ecde316eddfbba0e2ae8b7d99.jpg,265051,67d82926d492e5bfe5b5b8d23f23a086eb05e9398f63db769e89f1016f65cf8a
after,train,images,dataset_clean/train/images/386_png.rf.ba1bf8d574372a0891f60f0e65903317.jpg,265101,ffff451aa5242ef38d5a6307dcade5d532c2d17e899412eba2f37a7d59906f1a
after,train,images,dataset_clean/train/images/387_png.rf.7254dfb31aad41d769f3d80468d04003.jpg,256517,38f4c74dfc65cdeaa25261beab4311685c20b124e8d3d72f285757228cff87f0
after,train,images,dataset_clean/train/images/387_png.rf.94cac10e954ffc322ceb03ee58f39a77.jpg,255972,db53316c1f674718cdf24b13a33eca49ddcd8fe73e6a28926106740b047f7f1f
after,train,images,dataset_clean/train/images/387_png.rf.b8017cc1f5adefd56142d85132d7e008.jpg,255972,db53316c1f674718cdf24b13a33eca49ddcd8fe73e6a28926106740b047f7f1f
after,train,images,dataset_clean/train/images/388_png.rf.0f6d58f65efe2fbd1da628d1e5813b8f.jpg,266705,25a735dfb766ed9ba56344de0e073e1b17606d8a1b35c2200199622ba66d33e7
after,train,images,dataset_clean/train/images/388_png.rf.46f3135aad6bca93bd778bb00cafcab4.jpg,266612,89082b6fda514ff1802e8cf60e7686566e7ed84f0f2301cf2df2ebf41ce468fe
after,train,images,dataset_clean/train/images/388_png.rf.81deccdac85436aacc86ead35c7c7a52.jpg,266126,8fe6e7a055e02ffc4ecfa707c7ab942f0511dd050be2fae7c73ac550bfab0940
after,train,images,dataset_clean/train/images/389_png.rf.12b5509fb6200560417efb34a6266618.jpg,270238,ad2399c0b5d0fd4e60f14807abbc6b0de531e30012be9b359aa3e98c729a9318
after,train,images,dataset_clean/train/images/389_png.rf.d371e393dc01217b7e66c0af413e9f18.jpg,270530,26476de5c6cc69f2339aff9907ae9bdb5ec922204cddbb93454e3a3677739ace
after,train,images,dataset_clean/train/images/389_png.rf.e658e51987ff3dd90448ce314d578288.jpg,270430,fa76719a0ded4f5fe9fb162b50da48a6e12e7720b05e31cf7fdeae32682429a2
after,train,images,dataset_clean/train/images/38_png.rf.0c3dc5f0e9adbc53998c98e6bea19ef3.jpg,294901,dd212f02d92f758c94ca38668131966187e9faec58f679a8e66dc2ea95a09bd8
after,train,images,dataset_clean/train/images/38_png.rf.770d8483997c0401b1bd4355cf20d532.jpg,294530,07cf43de7ceabc4acb882c85c289c63cf6fc54fd5759bb80ed84911cdbb0f7a9
after,train,images,dataset_clean/train/images/38_png.rf.c2b625e9d877b19e33909302e6810637.jpg,294516,cb25ca170a12b13cd735bb1a4171ab7086602992940dec4c6d256d5b8cf8fa41
after,train,images,dataset_clean/train/images/391_png.rf.8ef4927129dea80f0e0f16651d26e364.jpg,275847,dd17844bd2376fe78a946d373fd7c090a289730187096551d7a93671025ba0ea
after,train,images,dataset_clean/train/images/391_png.rf.9869e16591720322dc7b4d80b8b7a4f1.jpg,275732,2dae34df8f5eb3789e42a7733f11866eb115827864053d6470a2c0e34bd0e3e1
after,train,images,dataset_clean/train/images/391_png.rf.bae911cb1ff3afaac2fa0a2f337ba0d6.jpg,275302,40ede386fe7d328f7c066d8559a8d4885b3893af2625bea647fd0ad3c58b2a26
after,train,images,dataset_clean/train/images/393_png.rf.76ce98720ff9d2d4da0f610eefa63ad3.jpg,299746,fecfb066daa994b649fde93e1810696e51d70e2c9b2c6908a8b9c628768720ed
after,train,images,dataset_clean/train/images/393_png.rf.e296fbc972a551a997ace2e7d473ef3b.jpg,299589,45455f38c3d61de41ddbe2ff1bb714f977a40cb55ca7b41efb1242922b83ef17
after,train,images,dataset_clean/train/images/393_png.rf.faad46423dfe13ad201aa1ad9974a2cb.jpg,299533,5afba03bdb6c44b2561d395a05dbaa3270c689e870fd557df0c1d544300143e6
after,train,images,dataset_clean/train/images/394_png.rf.7735b7ca03c2806bcdbe9951b083616f.jpg,335372,dc74968e78e07218be09370d437c41e99838317a0024f7b8f93ec833e8d52442
after,train,images,dataset_clean/train/images/394_png.rf.f2c7125b2d8ceabb6f3e4f7db3d2814a.jpg,336253,6588ec0eef280ab354852d5602d87990136f1f135857ae04c317bd0205e69467
after,train,images,dataset_clean/train/images/394_png.rf.f9111b063c1750bc6f33b2e7603b8152.jpg,336233,339ed44b6484cfa2c93f585abe3bc2f20263770aa31d04f75683aaf3316cf2fb
after,train,images,dataset_clean/train/images/395_png.rf.1ecdcb49c3980dccf053673694914b0a.jpg,279495,d31d77688180b7383ad94be1a0040e08146851084bd432e5b0b0f263b664d16c
after,train,images,dataset_clean/train/images/395_png.rf.39571dcb8010824e5260638942db3639.jpg,279286,b6e84a95d14325103e12de140fbf129f4ea961e7a2658030e6c23f27388dcfe8
after,train,images,dataset_clean/train/images/395_png.rf.3acfcf7f8fd21cdd158e00f836d1eccf.jpg,279286,b6e84a95d14325103e12de140fbf129f4ea961e7a2658030e6c23f27388dcfe8
after,train,images,dataset_clean/train/images/396_png.rf.0c3059afe248b084bcef2b935e4544ea.jpg,304829,c468bb10bc9e4674062f9d3e221fd80bc287ad47852aba8c51a8a60e6954d89d
after,train,images,dataset_clean/train/images/396_png.rf.1d533464fd365b2296689a04f262ecb4.jpg,304809,069709e3bebd022980b4f2f84f7d4d5c88acd57bb541fb4f60d2ee527f01c8d6
after,train,images,dataset_clean/train/images/396_png.rf.560bc1ed61fd32c8b8bb538012b67900.jpg,305411,2a535e0a0001d1d8bb7da6dd15c894438bdcdb0421e8994a865de24675c462de
after,train,images,dataset_clean/train/images/397_png.rf.601c5b0e68ae457cd01aa7f9cf685495.jpg,306948,eb54d0e63b4529be0842610dabebb3a681f4af89c6b1b745fbe6e016564992fe
after,train,images,dataset_clean/train/images/397_png.rf.7ea9a8d10ad8540ce21939b9fd763176.jpg,306948,eb54d0e63b4529be0842610dabebb3a681f4af89c6b1b745fbe6e016564992fe
after,train,images,dataset_clean/train/images/397_png.rf.810166396700cf35c40387008347cc64.jpg,308299,f613e7dd1b75581832c9a944b03c35b441c4206d7857cb37c64c72719ad179a9
after,train,images,dataset_clean/train/images/399_png.rf.541222db12ccbc7b6c7e5339b72037be.jpg,291132,03e9a71a9b51876c6220f766fcef7a00d7efd3279093ea12b299ef7003fbb412
after,train,images,dataset_clean/train/images/399_png.rf.5d9603db6cdc750d2132caddd8473605.jpg,290636,b97eb7c3e798352617663da37ad4547b0e1dd434bd2ee9f8b90812af04c72013
after,train,images,dataset_clean/train/images/399_png.rf.d8693ea925fcdd3067cea3ef095ef69c.jpg,290677,5f2e95ec4c3473c3f47434bb7945677ba5fe076d7525e83a8ad6326ad3c09169
after,train,images,dataset_clean/train/images/39_png.rf.695a258566b3010f7e409576d158f065.jpg,328759,2e6880210c1ba8b706ea723272a5d65a8680c83f940329c8bdd3c0c1f900e4bf
after,train,images,dataset_clean/train/images/39_png.rf.854acdefd9cd45e974782168e4ddf7ba.jpg,328123,62a7731297c83830af1a4a9b92753d0c551ea2a4f20e8caa583996fa86c20059
after,train,images,dataset_clean/train/images/39_png.rf.f668c7dbad693855f9f2969fd9d0ec5d.jpg,328801,77539d6c95d03115663de6165917ce48a907976cc516e8393a9b6e4b503411c9
after,train,images,dataset_clean/train/images/3_png.rf.3b1ba9f0a428325e78923fe8197ca79b.jpg,479796,f2c3416f53c587618f7fb7701f1a28a8c3bd37a3d00a91391e8425af7973226d
after,train,images,dataset_clean/train/images/3_png.rf.707d599b1646eff8749c2cb1293e4c63.jpg,480851,1f7fd3c02a9ec07fa314f7e6fe36367a21ec1d483efd86e38c274db02d6b257b
after,train,images,dataset_clean/train/images/3_png.rf.8d8c09d0b2696c3508ba55f7c65f92b1.jpg,480777,1f36a49a466ebf677b85fc8b6adf1d14c131ea750a6abe8f9ba93ba01d98f766
after,train,images,dataset_clean/train/images/400_png.rf.43796a122347b25f09a8e30c190240a2.jpg,318497,1565a7c968f8171c17dd43f875085fbd8e56331d2ee57e2c7ee32e17c1120513
after,train,images,dataset_clean/train/images/400_png.rf.712cf4869c8ffa8861349cbb58a5f1d1.jpg,317433,242c5e98f15c54ecf42fd7a505d0bcd351f14b11e7f206ff1007314630eeff89
after,train,images,dataset_clean/train/images/400_png.rf.abe313a2a48da886073d3a8f8de5b0e9.jpg,315436,720156ecce19806d688cffa15dd58cef4d8ab288c9e2d3029a0824fe51aac704
after,train,images,dataset_clean/train/images/403_png.rf.0d200bba2c902db0d8d7a4714b5b1f91.jpg,385816,caf27b0a9d6800ec14fd5c70485cb695e9f227f37bfa4aee767067a0a19a30fe
after,train,images,dataset_clean/train/images/403_png.rf.380b2a465550ae83e51c04089babba3d.jpg,385384,b04f8e734f6e06fbe3da80d76f7edaf5cfdad2c560464c9febbc892cb1875751
after,train,images,dataset_clean/train/images/403_png.rf.d18c31f25b6aee0a8be9aaa0b2444433.jpg,385453,b1e67df890b8b9894bfb9d20346e2847d6677816c5aa8039da9f65076f934547
after,train,images,dataset_clean/train/images/404_png.rf.71f4afa28efc0512ba51bcf0bc567882.jpg,380124,70d6116eea30f590885f67a8b66c992c8124e392dd2847be28c87cdb647205b7
after,train,images,dataset_clean/train/images/404_png.rf.97eeb819fb83f87c746ca5a195024a84.jpg,380901,ee5d49df854b40aeff62b5743808d7da4edc12a61c4eca79bae56ab7545f652d
after,train,images,dataset_clean/train/images/404_png.rf.e41ea87561888b280555c01b1503d391.jpg,380822,c43bc7da09e12608494dface44ab908ef9c1562ff1b57078bff608b7a6e1acb8
after,train,images,dataset_clean/train/images/405_png.rf.1e3cd36400eaa920cf16a97a46bdc0f7.jpg,289533,103da3871c0897bb9082681811f6f77f8a79b32fbe86e02e98d34513ba4ecfc7
after,train,images,dataset_clean/train/images/405_png.rf.99915a12cc2a6c0209d0fc8754efe1aa.jpg,288783,8b4ee1784d68ce5b8a43e507d4248c2fd7c22d8f3720c64c4d86e0f092a9d4b5
after,train,images,dataset_clean/train/images/405_png.rf.e587253edcf3d7d6d12328c013edf750.jpg,289690,1107e2b17e1ecd4a1637f4aa13c2b590197e6f09de9a4b0ec142d32e2cfee68b
after,train,images,dataset_clean/train/images/406_png.rf.04b2578dad4121046ab1038ddd0e778b.jpg,382487,6538665611860fa0032a9d3401cbedabe680250896bee322f8bd9fbf9a6fcd22
after,train,images,dataset_clean/train/images/406_png.rf.44081e100d7fe8acc6f1b7bee9825565.jpg,380500,950ceda150658ed69fe7ca2e43d0bf038d59ad769c240077dfb1d5f2e1e6f6de
after,train,images,dataset_clean/train/images/406_png.rf.db1ed4c9b5a6be2eed79f0e07a1a080b.jpg,380885,c9fafa25c106a436b3a7b6860db6489d8b4c1e7652e59fef3590f7b257cc62ca
after,train,images,dataset_clean/train/images/408_png.rf.467f92f981c65d6b8f20e328f9e491c6.jpg,382119,77e38d841f1bd265af3beb95f630145991cc1ce19505d829a5533f89e10caaac
after,train,images,dataset_clean/train/images/408_png.rf.8641776d6c6c84a248b04b08ea410e00.jpg,381786,bf967b0c36c21ea3c10fba7d3749eea3c646ba2cc28025128b3276f7b4fc9a31
after,train,images,dataset_clean/train/images/408_png.rf.917bfa5883839054a3c17e88a566da67.jpg,381869,f48096c4e661052fd81be41e2d88e010a9d9b9f91bf608d293ebe81db0f5cda1
after,train,images,dataset_clean/train/images/409_png.rf.6ee5fb3065a1498f8c989e2d536c9d38.jpg,385031,47c0437fb37f1e043c05ed7efa07eb5a3399da3ed601c7f093c1cb5a91f538b8
after,train,images,dataset_clean/train/images/409_png.rf.d42ae2a0f1ab7243b410637b189269cf.jpg,384972,de71d7922cde79762c0c34dec71870528b4c6db6710d56d1c20a4d52b9745810
after,train,images,dataset_clean/train/images/409_png.rf.dc96dfd4016de2c6ff61cd9305e13a84.jpg,384624,ff8401f27d90a347901a3a14e38654627673e40663cfb4a49f56435a187253d9
after,train,images,dataset_clean/train/images/40_png.rf.10e7cd9468e7c585cc074d2a86e37946.jpg,267738,88f4a50b01514d9c0870bd559914d3d69d3aeab818b979e22c7884a60486077d
after,train,images,dataset_clean/train/images/40_png.rf.d153dd635b30d96c27b9874bfc8de5ed.jpg,268809,beb7dca4b032164eeea943591d185c923560a5fd47bf85356dc4339d02e9ad49
after,train,images,dataset_clean/train/images/40_png.rf.eb803b0f8f4470e489f0b62ee31e18a9.jpg,268548,f4b82af276d478dd1c116350d7683298fda9fcb0e33d1043a433880b915fcb3d
after,train,images,dataset_clean/train/images/410_png.rf.c44f7e521804a5f726762c76e6765bd4.jpg,404341,b955985ec11dd0904bca673c5df8d1e8e243396039796f678b42c04adf8dd9fc
after,train,images,dataset_clean/train/images/410_png.rf.e75c864413ed8f72732a4203560caeea.jpg,405439,038faef2d169d7c4580a08113734e34be8cd83c85b188453870d96773c8ce0d0
after,train,images,dataset_clean/train/images/410_png.rf.ff0c271d99fd20c11589c4e32b6ae699.jpg,404592,041a1b32fcf6a07e9b4fe9622c960ed3d957c2b5e5230af64d38f1aec0dc9e73
after,train,images,dataset_clean/train/images/411_png.rf.7aa4b2e49a6d2e11922a65314ab10ab8.jpg,373680,a079465cf57e4640c5d37562bcf216f1601e9cf1ab63c2f131785474559a286c
after,train,images,dataset_clean/train/images/411_png.rf.b3d64c8c9960c6e76b38da7ed053dbe1.jpg,373919,13c5747ed35af1c38a73fa1f7c010cbc61f9244a3e72c176dcd25ccd75fd1e21
after,train,images,dataset_clean/train/images/411_png.rf.c8c3342033e8344a2712e55e6fa029c6.jpg,373915,dba90189d335ad474801b3da7baa94b2c1519f7bcf5ee6cd2e2c30fdf3dcc323
after,train,images,dataset_clean/train/images/412_png.rf.15e77de29bfbb533d2601d9ec21f76d0.jpg,365745,d494b1e713c742c64704792b3fa5440b1ef4d63fe0697be4ec0ac83f6888f540
after,train,images,dataset_clean/train/images/412_png.rf.7938259b5eb1a459b28e3ebd8ada8ee8.jpg,365571,1f4267c18f1d003b6ebd54d370924d29337e4ae5062b6b107aff0178d1975686
after,train,images,dataset_clean/train/images/412_png.rf.8410e6db793d16803f07b38b29ffa538.jpg,366134,db2e6ed8c22b37d15d49b2aa5421e0b9e75211e03db481bcbd1925756b567c60
after,train,images,dataset_clean/train/images/413_png.rf.4e4ce09bc5472e71532cc640ca2c5502.jpg,435332,720f956dd2f86cd0686664c799ed332d93fab6b6152a4cade8211ff890355bca
after,train,images,dataset_clean/train/images/413_png.rf.b292dca4d6dc5d57ba0783f2a995827c.jpg,435210,176dd7695d2ddccaf64105c7e8469fa19b4d16f5b39583f5766cc1e3a5582755
after,train,images,dataset_clean/train/images/413_png.rf.ca9d7445677e8bff68b5e3d6324fb194.jpg,434752,38c263922b12a59dd3e08f0c92c737259a0c5f0646fcec7605eeb5b7522091da
after,train,images,dataset_clean/train/images/414_png.rf.69b05b4b27c43712ca7a5326a6dd489d.jpg,392403,31abfaedbdd15ea0003ccb562ad6bcc1e8cc96e7ef93a7d62a395074505116bc
after,train,images,dataset_clean/train/images/414_png.rf.844f879c84aacb186a702add66295da6.jpg,392350,c9ad5565a0a8e5de16842b3da68b47f21be3cbf6a5e008dd12a5d92268a29d84
after,train,images,dataset_clean/train/images/414_png.rf.fa9a369d624c387d82a37de8b4ff623c.jpg,392667,a5868d5256f0878c31d24353fc9286b82153247fe1deaac662e6b9465b905997
after,train,images,dataset_clean/train/images/415_png.rf.9072390c1d09db3c749286e909f73a04.jpg,371213,2acf008824dc6452b4f8ce45f0f756b5e3d98f0e9bdfe9a86ddc2177521ca358
after,train,images,dataset_clean/train/images/415_png.rf.cbd81290df36c024152febba3c42f118.jpg,371195,069e4090714e8c7af1f64c6c2cad7a2bd17b4c360f868e261dce09cf309d1928
after,train,images,dataset_clean/train/images/415_png.rf.db5dd0a868b5235f6d9feecf2d1719a0.jpg,370937,da4a9fec2a3405c70d938bc940c4ac0b3ad6055c2e954a1a6c0a754aab34a99a
after,train,images,dataset_clean/train/images/416_png.rf.172bb43a7056e0ab6cfa4404b5757704.jpg,375192,d439524c2f6e1737f9abdd9abec852fa35499bc36c19ba8d97645bb2c69a7af1
after,train,images,dataset_clean/train/images/416_png.rf.9dac635e79aa0c0b397fe939b79f3239.jpg,375260,b35c43bbcccaf89f5407621a9cb7a630bcab9ce11ca70ea4804f89164a279c6c
after,train,images,dataset_clean/train/images/416_png.rf.b413c689e7bb04bd70149addf2a76f2d.jpg,375529,dac058f77489880e8cfaa890e4774897d626916a353337f3e54637c4cc8e5e1f
after,train,images,dataset_clean/train/images/417_png.rf.18a3dbc0f77ac90590b8822bfdf0b9d2.jpg,358269,75d4dc5a8d81be254bc63c58894fafbf74eb3373680a4a57f3f9e5ae3a0d59fe
after,train,images,dataset_clean/train/images/417_png.rf.a17ed435b639790b950f3f702cea50f4.jpg,358168,182f6ae17dfd28a2e0491c70f8339b4c15f64b4d487fea94016abc66dbed768a
after,train,images,dataset_clean/train/images/417_png.rf.fd37fa5f6306e07eb84e966d50faec99.jpg,358167,7a3f48a1b70e618e577631263b35db2106ae4ba5c17e369e5bbb58c44984a995
after,train,images,dataset_clean/train/images/418_png.rf.1fb746c5fc2bee522fc1c399be6f0dd0.jpg,367229,da7338e4d8ebc16d3d2994fa70e807888d3ee2d269a59909fbf6a7e3b854dfe7
after,train,images,dataset_clean/train/images/418_png.rf.a0770a0b5f1147dcbf6053fbdca97a70.jpg,367069,6a2e05212f6fa35483cb92a78becd95b92c1864feb75eedbd683f0e7e60cc3dd
after,train,images,dataset_clean/train/images/418_png.rf.e09bfeaceafacff92f814c321dda9c77.jpg,367182,04ca0debf6928a19e613ce7979ae40544fc973ef6c3d5b79ee467f0de67cd834
after,train,images,dataset_clean/train/images/419_png.rf.1a732418ae59cd22068e502d74d301ef.jpg,395483,1d9596e987daac4149fbd81f9357f0214205a605d6aa56fddf3fa93576ea7cf6
after,train,images,dataset_clean/train/images/419_png.rf.4041331ea61ca1af9664b3588a2d1a18.jpg,395587,04df7d4d41be5c4e430aacb5f06d7c2835139030851c1e708bf03da084cd45bc
after,train,images,dataset_clean/train/images/419_png.rf.ea0dcb1cb68ce17e60217dee907b1852.jpg,395798,d66123f2f0b4c7679d065437fc5d55e078792c39be82a753f3fea3990c6ce752
after,train,images,dataset_clean/train/images/41_png.rf.3bc3f52bf13a56a30d88a68b117e98d4.jpg,311699,2870e0653f61204f8770d75829d79a2dac1d6843e03d9f7f4c1271bc9db4a292
after,train,images,dataset_clean/train/images/41_png.rf.98ce4672cfd8e808fcf7682b8f35d752.jpg,311559,753af238d0bf03c6c896ab88aedf57a7b72500dccc259e4fe0ee3a54788cb6e4
after,train,images,dataset_clean/train/images/41_png.rf.fe8be5838f3fb09fb8348b0b983538a6.jpg,311759,d193dab599e29cf2bc1f981d5d507f0825f44e36b73b7526403cf431fd3cb176
after,train,images,dataset_clean/train/images/420_png.rf.07581801b1e79ad895c76b4eb3884704.jpg,365202,0cbd8763bfe2f5f259dd99aad5139d288def776050a2d5e95bfc123888a4a9a8
after,train,images,dataset_clean/train/images/420_png.rf.2269eff71d175137f5b458cccdb9f0a4.jpg,364553,ec69797dcfb2f3e986580d0ba14c90904ae76267be15320eb9e6cbca1fcf1ef6
after,train,images,dataset_clean/train/images/420_png.rf.ecfd8de5a02c85f90693a136d80ceaf6.jpg,365115,7ff9def80b26e78a8e3d8c8677f392703a0f65dbf604fe8d4d283d7d773cd7ce
after,train,images,dataset_clean/train/images/421_png.rf.4495e5015b840212b4e76524ea1d5233.jpg,304291,ce9d34b722661eded4d233fa95432fa1d1b35eca8f79af43919488021c85998f
after,train,images,dataset_clean/train/images/421_png.rf.7a9eb1c9b9ee4c20ceae5e144b70580f.jpg,304815,597cd9a2212a770b47d1939489428ebaaae48d0f6101e6f3edb0e3e5ea1244f6
after,train,images,dataset_clean/train/images/421_png.rf.7f3d01644c846e4635ac0649e03f66f7.jpg,303879,17fc4cc9c58a0eadc970634cf5eb018913755387fc3058361c5518f967f7b7a9
after,train,images,dataset_clean/train/images/422_png.rf.35e8d0131e1ae05fb515687c52ef8c35.jpg,331912,ca0e983d984fd0585a79264b303c9866db09534374e3efe274b852ee55a9312d
after,train,images,dataset_clean/train/images/422_png.rf.8a6c18cc349bfbe82171bd5c771312fa.jpg,331918,6f295b9363ec73c6db8283ddf055381ffba165b28cda36280fbacf270ea045f8
after,train,images,dataset_clean/train/images/422_png.rf.bb4a56aad1a290d117634a8da39f9782.jpg,332167,27dade13f02e8331cdca1762a4f5350dd3d65b6ad7d5bd36943a83111ec968ca
after,train,images,dataset_clean/train/images/423_png.rf.1d6ff0cdbfb279a547b93525a9346ff8.jpg,347191,a9e11eb3c008eade156c15ca3e3f13fec5ba7582ce00076fd2e13589b9932b2e
after,train,images,dataset_clean/train/images/423_png.rf.5ceb57b4216200c89e5d7be8c1cc54a7.jpg,347718,432121abf8289f54582b1c71c7191e1221524a4f75dc0258af5814283e3c9e00
after,train,images,dataset_clean/train/images/423_png.rf.eb51c09eec7d89446b84e21ba4bc4b9e.jpg,347474,f8cac5d607146d2adee99fdf1e7602f68a43fba1dc10f09a8eee12e66150d50f
after,train,images,dataset_clean/train/images/425_png.rf.0e70621965b2ca9a1c0fa8e7f53e7646.jpg,213931,2e5fef25fc1c89e5a1d759675d5ad81d9278d68d3382ccf5d894abde02696a49
after,train,images,dataset_clean/train/images/425_png.rf.4152aa6277b6321e69182ad7d32e22f0.jpg,213888,97143c552b029b1584cbf2a564379b1a6492dfe99dec5c2851406ed74d998c07
after,train,images,dataset_clean/train/images/425_png.rf.a09c2d50735cf5f321cbccc9b0b7c2fc.jpg,214904,f0f091b2d11a332a010b67022fd50f4d495a58be2d04f5026ff07106f08c0d3b
after,train,images,dataset_clean/train/images/426_png.rf.10614146f9a184ffc46cce66314fb632.jpg,199500,adda042387bc71254bc7564b72076910ffc4ef5d09de56e79cf6ee1fc9cc69f1
after,train,images,dataset_clean/train/images/426_png.rf.94fbd656aad001e14f01d6e386ac3d9b.jpg,197988,4f57e8724cc0492b4f5e8cc6fd51b8dbb01778a25d30cb66d090f389928c6ac5
after,train,images,dataset_clean/train/images/426_png.rf.e986507f15bfa989b15364414d217d04.jpg,199806,4254d3b07ef1766564be7412cd23d43f76988281cc2c12e0f3d1230930c01e89
after,train,images,dataset_clean/train/images/427_png.rf.077762c722a9d934b1223f3690060d7d.jpg,237568,50ab01a46fca1f8dddaa7d4bd1649b2d3282ee885112c7b363cd037938ad61ac
after,train,images,dataset_clean/train/images/427_png.rf.59de7011dbcf60446dff6f268e89c8fe.jpg,237419,45e51a4d7443b7f63aa4e2261f87add87dbc6a0067918d50a3d457772cf1216e
after,train,images,dataset_clean/train/images/427_png.rf.fe04e4439c9dcd10cb8a1408a4b1059e.jpg,237410,f09275571f8bafb15591bafa4bcb63b1f8960bd6846c3b4af38ac963e35262cd
after,train,images,dataset_clean/train/images/428_png.rf.0188054618147e206e3535154ed92299.jpg,200505,38df8995c0f0c60b8c9e25c57133b182bc384b510d7cddd5be1077dd67cf4a7c
after,train,images,dataset_clean/train/images/428_png.rf.1b1d7a97b93bf3b8871521468c0f80fb.jpg,200714,0e1425081eed646aec6680903791834811d77b30d9350a9e75d12a6c6021b439
after,train,images,dataset_clean/train/images/428_png.rf.b1cfd79e6513fe7d3cc1a3d710d782e2.jpg,202112,577933a1c3ac58863849c75c5ea987207a1559ca13654d96f15649688a1fe057
after,train,images,dataset_clean/train/images/429_png.rf.739b057b62ce3cc48704c385a4c9c584.jpg,217610,c28d8727639fb9a3f600bda8c426719c48e389970a8dc8e564d4479bd5b997b6
after,train,images,dataset_clean/train/images/429_png.rf.88dce15ee3c58addb331a3d4dd5f6972.jpg,218289,fadbaa8d519c9e7dfa9f66bfb32082bc3948b09da82bce057a85fe588524f889
after,train,images,dataset_clean/train/images/429_png.rf.ed78140d46cc7643f7e6dc9be084a794.jpg,217701,92613c3c3b9f3572435c54c2074f0ce88993b08b48e179ecac1de2be46fff75b
after,train,images,dataset_clean/train/images/42_png.rf.225a59977bd26f06625de02b5042bf5b.jpg,226648,56d01088ba0498db0f575141a64c2e5a92322d4e4691db2c46fdbedabda0fd84
after,train,images,dataset_clean/train/images/42_png.rf.a1236e170d795cb8a6975f3a5f17783b.jpg,226068,37b17e8ce576a3b6a712fb68dea75d3abd8cdab54a1e4ef873e1a5a52ef556f0
after,train,images,dataset_clean/train/images/42_png.rf.ca0321b3c7b8e1e5929f3fcb20266630.jpg,225872,216a82d12153a5312bd52bbc2827417da1560489b872737f0f21f106c49a34bb
after,train,images,dataset_clean/train/images/430_png.rf.2d6100ec9339993ac2b2e79fe4ef9954.jpg,216995,e52d4d8e40b222ffd00c64aff431ed2e29c0833cec62d94cb87801000e6f95f9
after,train,images,dataset_clean/train/images/430_png.rf.4ea36124af466ef4dedd06437508d81b.jpg,217761,a30eb391258e28a74f86668f79cd8c6077bd95e523cd381774dabb3258dbcd76
after,train,images,dataset_clean/train/images/430_png.rf.8a8d8e7812925bc1bdfdda789831245f.jpg,217672,40b8d665e59c531ea002b7a8c365b9e652b248bcf7702bb32ddbd6fc555a752b
after,train,images,dataset_clean/train/images/433_png.rf.57635031291ee93f018451a5beb2b959.jpg,202366,a90ef8ac1cc545180e15d0603f93a035433dc6ae10069db77b8fcecaa9176507
after,train,images,dataset_clean/train/images/433_png.rf.77f28742e3175c2b145f2ae2ec7c47d5.jpg,202566,1689a3ebaaa88b812de053bb6ff15145495088e9aeafedbaa157c14385647d2f
after,train,images,dataset_clean/train/images/433_png.rf.a374895a6396385c49e3ca334c6275d4.jpg,202377,82f0e624bd6f3561a06621bd28ae7ae791af919fb863c7658ae69abbbe230e61
after,train,images,dataset_clean/train/images/434_png.rf.1ef3b4571d36e9c035b355c48479da0e.jpg,237881,39994714a8b00d9c1e9d85c3a12051a21ecc9e59ce759010f5c0c8f2da01be07
after,train,images,dataset_clean/train/images/434_png.rf.2b18c728ac6e96f5ba9536ee25eefe55.jpg,237392,a1d883b5207eb11929d8c33f198eb176e6912fc5092064801ef9f49e27d3bc01
after,train,images,dataset_clean/train/images/434_png.rf.73ec4d805ea86d560e67c38dc5aff697.jpg,237678,832f8097606f68dfe85a04717ab1b71db937cc0d92c80cdd3f092326dc2c41dd
after,train,images,dataset_clean/train/images/435_png.rf.233c5ce40894abb1100181d368df8af1.jpg,203775,d4416619b2e85a17f0571d33f91567024ab6533a5c2d77d54a2c8e00899c3321
after,train,images,dataset_clean/train/images/435_png.rf.ae5f1f0a2bba81c4dabfd76b40d45ce4.jpg,203623,2ad983f14988caf8b561fcfc61122d5d0f1e4817b8d09faba0c4bf123db57b3c
after,train,images,dataset_clean/train/images/435_png.rf.c82cb15f7bcf92d122286dfc605107e5.jpg,203885,5969b6aa86341673ca2aef71521e6fc41c7785800a3ed407f96bb3191632c385
after,train,images,dataset_clean/train/images/436_png.rf.444a6a927b14d2d411ed8771ed051e12.jpg,295359,f30ac00e2eba46ca4c71ea8360f9126d799c9a50c4bd46baf60be91ca4c59870
after,train,images,dataset_clean/train/images/436_png.rf.992c59a3015fc13fad09ec836357fcfb.jpg,295458,f9cfa0301ef8370c35a22c2d3e3746f0360aa7c36f5b2054515c3ddd06c280d3
after,train,images,dataset_clean/train/images/436_png.rf.f9cada13f1479ea246505eadd32c89aa.jpg,295209,90a17a1b298f7dc6a3bf7680454d7eb4b2d30e9f8536d50266496a5e4b91d492
after,train,images,dataset_clean/train/images/437_png.rf.616fa4659d798055b95719de7d73ff3a.jpg,196680,3bc0fa5b7cdbf69eef5ff8d8f4dcff587ff40fb12d1d7a12b07ca1599afdb9be
after,train,images,dataset_clean/train/images/437_png.rf.6d1c4a3289abd8dc251596b4c00679a3.jpg,196588,c2720aa7e782decfba4e7f2eb9d4c3ca33630746e259c50d8eaf50b57cf42843
after,train,images,dataset_clean/train/images/437_png.rf.d0c7700156491f6e9290099409382f35.jpg,195754,2267486f31d1f178946960e44689d71baf61f638879e8d5cb289a77338841f6d
after,train,images,dataset_clean/train/images/438_png.rf.0b1707ca7f7cca297abc1bb883493ee4.jpg,342355,5427197963ad31d945aae679bd8697bfde8191da757d987e4638f9f60fa32fe1
after,train,images,dataset_clean/train/images/438_png.rf.0d16ff6d0eef4aa2edeb7480df97bb16.jpg,341862,ea485ee7e91e1b179df1ca92e369337509e87bab768743f597708a65a04066d4
after,train,images,dataset_clean/train/images/438_png.rf.e4d81fa48eb9d97e2913a1d69de3cef4.jpg,341616,769ec387fa06c79f688a0b9db8f1a655f84b86c45b37e0ea218d7085792505d1
after,train,images,dataset_clean/train/images/439_png.rf.3a54d885c5bd78aef2342383e4482942.jpg,313357,d52d29c8afcc01cea93d65a2b9c58f00970307333e655ccb7f9ee1a50fee1a25
after,train,images,dataset_clean/train/images/439_png.rf.4e8553ff9e9dfd91936ee4b5deed61b3.jpg,313386,aeaed845f8b5ba6d60117e7af9b88d8cba41c1a69f4134e2b9cbbb0aeb4aa0fd
after,train,images,dataset_clean/train/images/439_png.rf.f874f5074e0f0cb3faf969995978f2db.jpg,313429,2bb62369cab7068d3d1c739bb66f8b2c67d9dbc0c7430c11443c27aa00b27080
after,train,images,dataset_clean/train/images/43_png.rf.4c6ff50bceb75a24a541f6710441b6c3.jpg,266653,7e933784b347c596cadaaac7cdf5819cca1b4b69e115688af0055c96acdfd3f3
after,train,images,dataset_clean/train/images/43_png.rf.b1741beb3664918181f69ad69e45790e.jpg,266296,2494cc721abb4d35b942a33fe708456b7cd7d0820340106e3b07aff303c9d6a1
after,train,images,dataset_clean/train/images/43_png.rf.f5c530351982516c57bdc52057bfb8de.jpg,266548,3f4d1d1c40919054190a47adc4199e5817d8e0ea306c1c3830c4ca1f2976abfa
after,train,images,dataset_clean/train/images/440_png.rf.2afdf90a8d7e6a61b413b36bc4faeaf7.jpg,390045,8d29c97e8ab02272423de72976cd1632f3241e380ca31068e3354a0f4ed75110
after,train,images,dataset_clean/train/images/440_png.rf.4f0c2cd49df14dba16e9fb2896f0e285.jpg,390096,dff6385c9aaf029a69ccd952378d383d47aaed61054ec098e3b321f0e8a43348
after,train,images,dataset_clean/train/images/440_png.rf.dfffc1b511ee9ee76f6d60e0901b885d.jpg,390609,e7b84c49d003fff4b4adb6e50ec6125635db6592e43a45677bed298bf84b0c75
after,train,images,dataset_clean/train/images/441_png.rf.380e08857822c3385f2ac1804cc4fe24.jpg,292659,09249fbfed4747a9d37f745dc9bd72cd989cb40128a4fbce4775af3d5fc8fe1e
after,train,images,dataset_clean/train/images/441_png.rf.4d4279e6645978f71457c1706001df01.jpg,288913,8a683e515e4b6124514d188dc35a3bdbf24616446bbeb6157f2a575576b56389
after,train,images,dataset_clean/train/images/441_png.rf.966973143877a96517cfb2566c32fbbe.jpg,287134,df349853ff595930285a7bf43604d4982590bd346b542c56adc34510b21d92f0
after,train,images,dataset_clean/train/images/443_png.rf.7506d8664f15e9f2de812914754d5c96.jpg,259744,1a797b6edbea22bf23256a8472e17a1cfd596ace01407ba230833411783a07fd
after,train,images,dataset_clean/train/images/443_png.rf.7b60a5489f9b9878478a48d8ef27ac06.jpg,259233,5e41d66d2bf0815d1c9f2715a7dabc483c8969de9ae4e469704bf44191b10704
after,train,images,dataset_clean/train/images/443_png.rf.b6ee202981c849ca7245494a63280ce6.jpg,259085,4e955ada07382ead68de4a893a45f249acfe1f13abc68653b0a85634d603b18d
after,train,images,dataset_clean/train/images/444_png.rf.67d41d5e08de5a568df628f12b0e6245.jpg,292763,5337e96451e257828173912ae735a987b52ed164aa4d5348bc32ae985a3fe2ca
after,train,images,dataset_clean/train/images/444_png.rf.6ad03a312a7077cc184962af7fc08a65.jpg,290463,b5b979345fcd8fc736d5e372687cf84a2767883af56032fa8a61306ea348927d
after,train,images,dataset_clean/train/images/444_png.rf.aebf3a344503d1bf3edde6a87e7775ae.jpg,290890,dd608974835f27b2bf170d800202ed261a5ac771c2c5491f4d1298affda98e50
after,train,images,dataset_clean/train/images/445_png.rf.093e4fa33aa9188be71c3ac501beff8f.jpg,298341,83b5a984f8619a7b1b4bd0789b9c198ab57f029d515fdb31c1228f01253891ec
after,train,images,dataset_clean/train/images/445_png.rf.8e2957c49196f9277e7fd35e240c8a10.jpg,298341,83b5a984f8619a7b1b4bd0789b9c198ab57f029d515fdb31c1228f01253891ec
after,train,images,dataset_clean/train/images/445_png.rf.9a315a4a3812f7f9a0d67ed97df2675a.jpg,300530,bcf3bbf1be20cb7bff4e432de517f891694ee3bff2aba7bde98d3352e5d98644
after,train,images,dataset_clean/train/images/446_png.rf.1551c353a945b202443650097bf1f2e6.jpg,290769,5ac537df530c5169c1d723aec312438cb53d22e70a83bf356522753d4559df02
after,train,images,dataset_clean/train/images/446_png.rf.ad947f194affeac2b27dbe1e92cb9786.jpg,290463,0f87fec208f215c19fcbffd46eda8e2a1a59111b189f8c76a0412d728bef9f86
after,train,images,dataset_clean/train/images/446_png.rf.e9b3ea7568f5a08f11f1ce9034b7291b.jpg,290804,6eef4bf825658ae2e7e357f04d623d70293f526c4df307597668f8d18ad02ef6
after,train,images,dataset_clean/train/images/448_png.rf.4946835891829132052b50a65da2b130.jpg,411246,82ba188d6ce19e60100126038d53f8ea8febbed2d44d90488939256b30b03e9e
after,train,images,dataset_clean/train/images/448_png.rf.7d266bac3c4763ca7b8bf7d94456ceb4.jpg,412063,d681dfae7d0c84386dc65d65522776139de8bd14ab960cf0e9b23af5fd7bb232
after,train,images,dataset_clean/train/images/448_png.rf.cc3153fff1e4db900106038dd4620325.jpg,409322,468fb052b0f4504532f50a4dad3b542c9c009e0b75fd6022aac8799e1ead44ba
after,train,images,dataset_clean/train/images/449_png.rf.58037776f67a7ab188e6f73b344b0b3b.jpg,298837,e56a8261cc15a99f5e8d46947e20d4e509ea31922b23755d383e4448465737c5
after,train,images,dataset_clean/train/images/449_png.rf.ce930a17d393ee643746beacbc51422c.jpg,298837,e56a8261cc15a99f5e8d46947e20d4e509ea31922b23755d383e4448465737c5
after,train,images,dataset_clean/train/images/449_png.rf.fb2802edfd5163c004d2c5c3f9c25d19.jpg,298750,2a641c15515a9a75eb5aeaee9173eb9f72a9cb455adc6c4cd4cae88f666b0ccf
after,train,images,dataset_clean/train/images/44_png.rf.21450e83a744f101956939a6123ca7fd.jpg,212787,bf9db2bd74e066a8593c70c35c0402827b5ee031fa8369aa39c599d7942e451f
after,train,images,dataset_clean/train/images/44_png.rf.d66c69c570cbbad8db8e9d972faabd69.jpg,212735,25ed5ee82d648f252dc1292cbe7a4183078153f78c559e08e8c74ceac8c2f7d3
after,train,images,dataset_clean/train/images/44_png.rf.dd9455ab7c5827b18676c96fa3d81dc3.jpg,211975,d3fc9a318d8b76480423105f2c96d3d7f08b1056765091927899c2e40a82d3e5
after,train,images,dataset_clean/train/images/450_png.rf.2c79f5fa057d160e6131aea5dd470275.jpg,469934,9c7264247b9c4013394cc338f262fee4d895176526a83f54b769bb717e972d49
after,train,images,dataset_clean/train/images/450_png.rf.980e2bf2692ba0509a577ed4965652b5.jpg,469863,95a0d8c1795dfdf2fd30aca218e2dd136b9ccf7d2a0f7b2b3fe6c82cb83ffa75
after,train,images,dataset_clean/train/images/451_png.rf.88ed5b17fd013cb0d9258e0f5cb4834a.jpg,423226,1c299cb70a45a58ed6cf45d0e68cecb21c08f4a9b7fd4b3ce3e4ed33d5b71c13
after,train,images,dataset_clean/train/images/451_png.rf.cfab4110e24c28505cdae56473563b75.jpg,422536,199f6e167d66a01e7bd872e08eceaed1c38c73f6dcf79a0e44ecf6dc129537c3
after,train,images,dataset_clean/train/images/451_png.rf.d732c326d67e0c65171c6ed4ddbb025b.jpg,422425,2a00779cc0c7164bbccb97a4f217abc768169ec31a7bc6d12e2a27f78ca11e51
after,train,images,dataset_clean/train/images/453_png.rf.1a9d20ed4ed6341636733f1ce06a9761.jpg,468791,cd961d55a857284b4d8697867f720c13a2674fdcb489599f3c01666baaab22ed
after,train,images,dataset_clean/train/images/453_png.rf.278f44f58fc79802314d1bc1f47c81a9.jpg,468524,7480255155eb19c869293f8cc2b361fc5b51dae9fa092eb6711fade63f46a5a5
after,train,images,dataset_clean/train/images/453_png.rf.2a7afbacc218f82a6704d648a7900bfd.jpg,467807,85ef4ae053a4b07c19756a5d532bc776879350394667818fc37f107897672e04
after,train,images,dataset_clean/train/images/454_png.rf.868946198a85d538d8981cfbbd980f12.jpg,431244,bc61d4b7cd952478b2f92105fa18b449807cb52dfa9f1ea884284be37fc17842
after,train,images,dataset_clean/train/images/454_png.rf.c146a96b57597174119d891a8881e468.jpg,430925,018dc709eca1a78cb6709be346badd6f5845cb1fe3229c204178d2e98610b311
after,train,images,dataset_clean/train/images/454_png.rf.f683c511dde6f631e968c3169c79eb9c.jpg,430949,c7a32affe149d9303a0c8131c23188713a3a27db3300dc144bdc12555f679bb5
after,train,images,dataset_clean/train/images/456_png.rf.4ae5cb505301ba9323caaf3bd399f9e2.jpg,390280,bee105f02b6745a1310c9c1307eb4af4b7f7fc3de93f010155dc722b0bd8dd4d
after,train,images,dataset_clean/train/images/456_png.rf.e7dee959b2bbbfb19837eb514189171f.jpg,389279,3c0c508aa84b1ee64d7399f406c2bd68cbf6ae73cb9419a78de7e640d6d807a9
after,train,images,dataset_clean/train/images/456_png.rf.f1872a9cef85f3efc916b156d604d254.jpg,390353,4998604a5b85dd67e4c0fc3fc73a7eebba9c08e742bd8bebfa34cc791da7bc8d
after,train,images,dataset_clean/train/images/457_png.rf.41ee2e885abbf73ea570a83b78a161d7.jpg,346471,60f7d231dbc0779fbd0cb680a38c0adc99391e01652e15968563080db9999b2b
after,train,images,dataset_clean/train/images/457_png.rf.67b3534c30edac536bf3a0fa2504d9bd.jpg,347691,35d7826cb2c612286be3216c3af7843a4556445625bf04bf2efb1eb79766ecdc
after,train,images,dataset_clean/train/images/457_png.rf.eef7322e97caddafd42d7bb1b2cc5d3b.jpg,347097,ec7fafd8d4557dcde8c2bd202afd80a227d5300004ea6941475f8ad19b634d90
after,train,images,dataset_clean/train/images/458_png.rf.3004fb3707a98c3ee93b9da63e27de62.jpg,383292,77eedebdecab6026b8ede410a4da21141b97511fe838ca13e3eadf5031c37259
after,train,images,dataset_clean/train/images/458_png.rf.b5b0e66986583f805b2d44f09b5bb5b3.jpg,382603,f2edbf7500ab9a367d990e2b308f6d4ae39cfa11e734ae4b4e124fb7c5a57979
after,train,images,dataset_clean/train/images/458_png.rf.c6d106485a412df54c79c6b32be75c03.jpg,383531,e3e6ccca12d70eff2e4e602ed6f75e93b58929cdde846dccef4f9e506599bcce
after,train,images,dataset_clean/train/images/459_png.rf.a5f2fcf9fb09b1c16744bea6f9fe3280.jpg,376302,ccbb0acca81a1c0ddc66f7a295eb2610871b465753155df37ad7fc42b3a2c39d
after,train,images,dataset_clean/train/images/459_png.rf.fae33e855239e323d32a0fff3f9d37e2.jpg,375647,69c752ec5f1d36aa67e79a0d2a957f9e723843d350f3e2e50a9a182e9e0bee9a
after,train,images,dataset_clean/train/images/459_png.rf.fd6cf43e7464b7314c9bbecbaaec8e97.jpg,376401,b015df0d8ff6db6bd72aa701c1c670aeb9ee0bba352f061d453976f316938b45
after,train,images,dataset_clean/train/images/460_png.rf.63dd8e6a1172e9346aef9571ff406b2d.jpg,287451,c280b415a8aba42a73b620bf0b65686aabdba50f10adfae46e1d742063cea752
after,train,images,dataset_clean/train/images/460_png.rf.9210f7f91ee911dded5bec467ddbf9bb.jpg,287205,831ff62c64274a2256537b317c99406a659b33b9af49b1791aea0d47ab93ba61
after,train,images,dataset_clean/train/images/460_png.rf.f5da62bd7bfd0e0f9499ea611520ce31.jpg,287232,54488a36d7d871c905822886cf0f878acfdb8352e7812804d295d4f6281b9130
after,train,images,dataset_clean/train/images/461_png.rf.0c77a6a6c7c2b5a11390b13a6ff8e60b.jpg,345046,15586847a44ff3cf6406dfd3307f965678945ab5b9e4ca5230847956b9b0c7e8
after,train,images,dataset_clean/train/images/461_png.rf.292f1ee8ae988c1ba100c136cab23223.jpg,344650,6b02245e0dfc1db66b580bb767679892e3831819036713824027ec6d397444a9
after,train,images,dataset_clean/train/images/461_png.rf.87f1d46ac4658d4e2d746032675911c5.jpg,344650,6b02245e0dfc1db66b580bb767679892e3831819036713824027ec6d397444a9
after,train,images,dataset_clean/train/images/462_png.rf.0bea49ede4299b8206d9d5cb08473356.jpg,421654,5621faa40136e7795d372c5b4a5b05c681e6f7046e2534546cd9e6454afbad36
after,train,images,dataset_clean/train/images/462_png.rf.19847b93d73103c2a982c56ab7f0efac.jpg,421704,4282b619d0cf66c1466a74c57d52229aa769fcc590fe517a155f52c619501aeb
after,train,images,dataset_clean/train/images/462_png.rf.8b88513a8df0c896cda7e335fdb39688.jpg,421872,95611b3659ed3b8b51a0b12e2ee40425ce41989d045fd4c9a88bdd8237c314d3
after,train,images,dataset_clean/train/images/463_png.rf.57ba651505449aa1bd791c6f79f3f9a6.jpg,463949,7610987306ce2ae4987913cf0c609f82667f802039c4abd2fd5883fe948d7873
after,train,images,dataset_clean/train/images/463_png.rf.aeaf1766473310b4d223679998fddc02.jpg,463508,f5fa928c2e58b2682dbfceffa201485cb2da482d1b9a12aef447fba3889b703a
after,train,images,dataset_clean/train/images/463_png.rf.b902fb107b8d587d30ad6ea02ba76418.jpg,463853,7f37624133d51101a7d6fb47d3c5256407aebc70547853821b1e3247b2308f47
after,train,images,dataset_clean/train/images/466_png.rf.7022f2bb5d01d362091ecd5d39eacd80.jpg,455577,f884dd2995971c8aa391aab5833ae922fb44b9a3e095a5529e6f86b7f84a5117
after,train,images,dataset_clean/train/images/466_png.rf.7560967913c440b1d18ac3300c970ed0.jpg,456135,aaf2062995f5e07624c6287f00b26f559bfda5d9f4b60c035421505806e112b3
after,train,images,dataset_clean/train/images/466_png.rf.d3c490ffc097cb567cf583f554c18c1d.jpg,455888,1b1f88bae2c228fcbacb6fe2faf08c2d7e8bda16e6de68e0969cc02cbc79837c
after,train,images,dataset_clean/train/images/467_png.rf.500d77c470cc2878d753a5f1044732d0.jpg,492908,9adeec89eb8dc1b78bb357eedcbd234894ef79f26d3190318b84146d9863f894
after,train,images,dataset_clean/train/images/467_png.rf.a2e4f66b8204114ac7ba2ae1e435b371.jpg,493096,008f4422f6f0e62ebbced6492e10d5548507b09b19e6364ddd17c4db7da60986
after,train,images,dataset_clean/train/images/467_png.rf.f83bce5b50d721300d4c13370717860b.jpg,493441,f1a3bf1bdb3ecb0d6a973847773021e0c1db73e2bece12e9d58e1d982a94dfa2
after,train,images,dataset_clean/train/images/468_png.rf.4f486c428d68700f04d6cf2226f70cdb.jpg,407045,78f1c6d8258be5d165425e9de5e646525dd3af90c121e60aab5bf4154b640e84
after,train,images,dataset_clean/train/images/468_png.rf.58e31937f730bc0dce6e203bb1881d5e.jpg,406222,808999d27dd70e44a12c78a3a84e2ffa6886f6d5d6d233e0bfd3105a35c3be89
after,train,images,dataset_clean/train/images/468_png.rf.d676067d9eaf8aecb3b22c7bc7315d6a.jpg,407030,b5875745bc0214bb1d5fff32c1138e4a00d77243039857e52163e2354c5f6ced
after,train,images,dataset_clean/train/images/469_png.rf.9a6340be3e040b61bff347c382fdb675.jpg,294621,abb87d7c227638f009b65e791b23ce65fc7bd72d5ada136cef9786a85a08dfc6
after,train,images,dataset_clean/train/images/469_png.rf.aabb3219f65d52b37b51cbb63e5ebc10.jpg,294579,0c8767dd3edcd045301fa917c78a203beb9568b11c8b0ca5c7722b37f4d654ad
after,train,images,dataset_clean/train/images/469_png.rf.efdf71299ac86931d5450a3a69663a65.jpg,294302,a020621def63617b755c58de477385fdedeb884d169a1eb80b6c84e4c6d19b4f
after,train,images,dataset_clean/train/images/46_png.rf.0702324fd5b9fbf494f9ec81ff247b7f.jpg,309190,7d3cecf1e2dddcf51d560076aa03938bfd19d860e694473e014d8e1d3baca795
after,train,images,dataset_clean/train/images/46_png.rf.4ea1b8f2f4f2e6dc9e8551a5429fda72.jpg,309034,c70bb86045ce22af80fe9335c322158369e7c38ec3e9085447f3a729d03c83f8
after,train,images,dataset_clean/train/images/46_png.rf.f1a0550d73857a349002a07f7e4a1f82.jpg,309686,fac89690750c95dba0fa675ea32b90b79cd85ed29da94e44b5bac11231667d4f
after,train,images,dataset_clean/train/images/470_png.rf.ae6a2558eeb713b46828151df9671afa.jpg,312914,7181fbfb6e74b88aeee1eb12a7ede5b729ccb1bea1cc42ccc6f5c3e3cb717284
after,train,images,dataset_clean/train/images/470_png.rf.b04a80c2a0e15e68eb6ff3b272aee545.jpg,312866,63985c8648446431cfad6a3a4662dc223842455b75bf54e44fdf25970615d977
after,train,images,dataset_clean/train/images/470_png.rf.b82f123e12578e614367da968ef4803a.jpg,312871,5bb72bf5a41768f2edbb961c2d3c81d7030b668fbb0e51efb3e2d3a5d2d48e5f
after,train,images,dataset_clean/train/images/471_png.rf.07f43f4b35f17febb85796b313391018.jpg,341307,a67577ec3e11da92ef40febebed30707e238203a48e296e72388185e6f232e51
after,train,images,dataset_clean/train/images/471_png.rf.7e4931cfb7daa37db122318447fde0f1.jpg,340794,f3f886f151e6bf08a2ea7dc48a474845cb156516418015886a153ae50c751e9b
after,train,images,dataset_clean/train/images/471_png.rf.c1365924fb5262d46e67985b90b145af.jpg,341056,e58763f8d70c719fb903eaa013b4de5e55f898e436eec4c41dde4deb1a0700b9
after,train,images,dataset_clean/train/images/472_png.rf.2669446589e8b0238b00c99a0c5b1c5e.jpg,311641,912bd882f520f8a616d9121137e150f1b60bcbf3b432ca9dbf85d7888aee236b
after,train,images,dataset_clean/train/images/472_png.rf.92890be197708d05f81edc5b9a0d7c0f.jpg,310739,cd3cc4684f7fbd6aca82c2e43528c2ef35be24e02a760432ff73f4addf0e6b18
after,train,images,dataset_clean/train/images/472_png.rf.db5da3cff8a828e031752456c4dd6eaa.jpg,311642,8091c958bf389d96683440a89b42b83a0c7593b78024c5d508ca6554c2f4e9f5
after,train,images,dataset_clean/train/images/473_png.rf.57a068690eba0345088430b76b2e80a9.jpg,455167,f2dd6898dd12a0b24d038133ed040ee3772dd4af36c246e61a70cb549c3179fd
after,train,images,dataset_clean/train/images/473_png.rf.b8ff7e04051231660471c7d943118c5f.jpg,454981,056c08b652f179276db7a0f18a260f162ea4dc48e6d39accb6357f8c34a0eff2
after,train,images,dataset_clean/train/images/473_png.rf.dd77e07c4bdfea7d09b6b8f0a5cac7ae.jpg,455101,21ecf40936ed981428ac8f17eadeba2005896a67d52d42b340e04c57a26c7fe3
after,train,images,dataset_clean/train/images/474_png.rf.2784ce880f8881e9ea93eda1c5fdfb79.jpg,474940,941e3625c939b352579dff0fe474f9fb97b74d953af1ba1440051e5968b75eb9
after,train,images,dataset_clean/train/images/474_png.rf.b1b35baee1db03c83298cf55295bb4ff.jpg,476910,42600bf04fb71358ed3cce8c963afacf7f1cbaa8ea2b7e5b11d75d5bc2faf5f2
after,train,images,dataset_clean/train/images/474_png.rf.f66f7dadc70dc3ecad0e419ce5aee613.jpg,477677,eeb36e100e4d8fdbd411026cbc4460bd9086f6df42073aaa79843a9f68864892
after,train,images,dataset_clean/train/images/475_png.rf.0d7c77c9fc5371aba86dfe20444ab038.jpg,400554,c08d380edd4330581e11b43fefe2773e11ec01d926549b25c7e6728bdd1b0ab5
after,train,images,dataset_clean/train/images/475_png.rf.7ff9c9155c15161bb80e3c7177d9d339.jpg,401159,e037eb4299196a01342b8549dac297ad53f6043df299434212437f1419e8e731
after,train,images,dataset_clean/train/images/475_png.rf.f202d1131c08edbef8eea32f481f979a.jpg,400710,e0aabfa35aeebe35a234a37915911c983b6fb33f26456245a47b45a0bf9780e9
after,train,images,dataset_clean/train/images/477_png.rf.6e9517d42a2a32a1a25d8e3671dbfe27.jpg,450747,4236b23a4feba6a090e60d9516e13b90844ffb1917f666d1db3e04465c2f99e9
after,train,images,dataset_clean/train/images/477_png.rf.a8a3bac5a91aad4042b82e0b3a6f3442.jpg,450886,1e5cf92d98facc9263667dc74d0535498e3402400a1d838a6d336267eca340f8
after,train,images,dataset_clean/train/images/477_png.rf.de36b04398aaf93c46d4cd8538217377.jpg,450936,b38cf8cea3588db7b4a5e1361ffb7dbd04be6b33789e10a3562416225df2867a
after,train,images,dataset_clean/train/images/478_png.rf.34965e4c9837aa56a8c2419ff1fa7afb.jpg,542858,da0a6afb5d9a528bf2d5af030242e6e0c5a14acc9252340cc1e4702e005744b6
after,train,images,dataset_clean/train/images/478_png.rf.a2132a0b1a31ac8443713af9c3f08f6c.jpg,542115,d9ae7c4252199e9028c20dcd744df27e6a0aaeb3990feb44679f230134aabc7c
after,train,images,dataset_clean/train/images/479_png.rf.0eababd2219dc9db922e073d246bad3e.jpg,469880,eba5dfc4048216182772849e297a150472ded572ee2e9d0c324eba6e854addb3
after,train,images,dataset_clean/train/images/479_png.rf.2c7687f43f2dc1ddf90ee724bc42a8c1.jpg,469923,ff52b116a641a7948d16714969347dcfde7b3d92e57fd25c4e5ebe4791d3df32
after,train,images,dataset_clean/train/images/479_png.rf.b495288f83e74340c47808fd7821483f.jpg,469872,93d4efd613236ac982fdec487ce0d2ad841e417cc740cdef5acb0c09b9f347c6
after,train,images,dataset_clean/train/images/47_png.rf.138d0a9d8ee0fa45b9bb51ccebe15a51.jpg,317979,b6abc2a0818aa7d421567d686ccb67d5075d496ff200a266b1c910f3c603ea96
after,train,images,dataset_clean/train/images/47_png.rf.8f1a396ab0edcaf48e43c5ff9055648f.jpg,318082,9c658ef0f70877accc6ba956428fa6bf377c9a5419505f2547847e5bfbc81134
after,train,images,dataset_clean/train/images/47_png.rf.942e1bec6d5354b776a348b3213bc319.jpg,318002,4a9d805d3cfc4da786d4888dc21e884df559719f86ed58ce0e464fd93036e157
after,train,images,dataset_clean/train/images/480_png.rf.1d180d830d79032eea4abc2f74b11f0d.jpg,457121,af5ec9725ca972c1b166f0e046584f74ff35ad51745275dc58087b77a59a7c28
after,train,images,dataset_clean/train/images/480_png.rf.9d7974d3ccea51b64ddac5b61cab085e.jpg,458271,da144e973c1ba59ef9c42fe34c078f739fce3661fbd9be5984eb2067ab7c5dc3
after,train,images,dataset_clean/train/images/480_png.rf.ceb7f1533055a916907840f317431394.jpg,457244,08762c9ac8431e20b9949e166ac41d0261b29987041834ad37fef80cf0f6a56a
after,train,images,dataset_clean/train/images/481_png.rf.0707f0d27d7d869e96c9df9d810824f8.jpg,375459,3f1b8bdeea2a74f661ac309b060e20131cd5e14c6083f27263976c1c9fdb2440
after,train,images,dataset_clean/train/images/481_png.rf.0c28bdd45d7f7ab248ad455b19a4845e.jpg,375102,f6d9e63ae0facdf110327c2c5e6eceb28903645410cd4dbb2a48d27d29a6411d
after,train,images,dataset_clean/train/images/481_png.rf.4c2eb59c7d5b1bc664cbe6c56100a60e.jpg,375102,c8c18f6ebe9638afa7d56400aa6b7c9e586c8e346539e4e92a717342b4eaf51d
after,train,images,dataset_clean/train/images/482_png.rf.127524ff075abb98da5db5155a0175ed.jpg,375178,4157883a357de8ff128d3cf4780c9b49b6d28af587e6fc099da0a9729fe9966c
after,train,images,dataset_clean/train/images/482_png.rf.1a247d2b087d7dd4a44300457d275e6c.jpg,375428,eba8d6e05f4589ca9ecf08191ff91ec105cf246b168c6fa5e7d86e765c8d64b7
after,train,images,dataset_clean/train/images/482_png.rf.1d04329b035c0bd3d13227864648eb92.jpg,375407,eec68e174305d309889a457d1eb03588399c62e8fd38c97786ddae1f3821647b
after,train,images,dataset_clean/train/images/483_png.rf.14f41ae21009a3d1185d666bf9548063.jpg,353721,2c03254eb9325ef6eca705de7dfc3af894ef91c04b292e745229beb60e9b395d
after,train,images,dataset_clean/train/images/483_png.rf.35d5cd835897b69d42d03deec2951071.jpg,353616,beb5de084ad647c04ce5d5579eee08d5ad822b3a5a7e644850b646efcee0a8e1
after,train,images,dataset_clean/train/images/483_png.rf.41d8c068886a34717b72a58f6b31ebfe.jpg,353954,511406e1701e82d4c45970dd06bbbaa269dcb6de70adf5f32701524aff57430d
after,train,images,dataset_clean/train/images/484_png.rf.7033f816644651f608bedad3f4bee590.jpg,328487,232b263860f9f567597c75640b32773684af197d6998b6e6f45ae5334ea52c0d
after,train,images,dataset_clean/train/images/484_png.rf.9ac8fae31440aa6d325bdfad27526452.jpg,329330,e688dec6a0b7e0d38fab9d6f47518dba396b5403b80514b32e0fcfcd8fcebda3
after,train,images,dataset_clean/train/images/484_png.rf.e937b36899bd69a3d9333e6632ccf104.jpg,329007,279f0fb9c5d8de2d5c9025ea9b0f781bc78780fdae0af71b8439ab3551ef37fe
after,train,images,dataset_clean/train/images/485_png.rf.2d60343f8fdb96c9b72af7ecc549b5f4.jpg,411828,cb40466ad260a60ecac92da7f5fb52623210c0b6bd280fcd2ec965696a07f4b6
after,train,images,dataset_clean/train/images/485_png.rf.68e91a69f40aa9ad7bf62b2ba4f438be.jpg,411990,80d4a567ef379d3179a56054abaca2a29883662705853621fefdf92f944268fd
after,train,images,dataset_clean/train/images/485_png.rf.84fa11e21d21a4bd39101b192893feb0.jpg,412025,8f18717e327482d70e5247f6a1182f24c155e0eddef6d07334d1eb83a2177f3e
after,train,images,dataset_clean/train/images/486_png.rf.15c887a6cefe32ab6e8850fbe454e76d.jpg,405006,abd7a835774a614ccba229062a3df9aadedda8f54deadf22b04a6fe711c06e28
after,train,images,dataset_clean/train/images/486_png.rf.63ba40fcae4804416e1772e2510163d1.jpg,405138,3b6fe7b66236fad8874ef3dd2e7de3f6de5caac1da908b3c92002b3d23306186
after,train,images,dataset_clean/train/images/486_png.rf.96f571aeda4f43e6499dec293c07560c.jpg,405184,b33cc4cd3293ca67a74c9345dec43a2d5ef35fb2462d57b80a61ed5d3f5a2aa8
after,train,images,dataset_clean/train/images/487_png.rf.2b82fcd0d5cbed3fb5a2c5b055766cbb.jpg,395062,f5f9de2592a285cf62c9da515857a41c1415fcc4f7027342227263b03d3aede8
after,train,images,dataset_clean/train/images/487_png.rf.4e628e4526e41d0e710bb71031087602.jpg,394206,6bc336d9c477ce18caa485d738b94c81e18c9127d572c532ea482401dcb04413
after,train,images,dataset_clean/train/images/487_png.rf.f6a6dea0249b0b549b8b53d34f134301.jpg,395084,035fb0186d269fbc7be96a0d09d86ece0f99c69717a6b3b7777c3da56a695869
after,train,images,dataset_clean/train/images/489_png.rf.2d8d8c59b13e496c6b870783edffd16e.jpg,420942,c7f3053a820406090b002c21687ac8c36e48ef30e1b8bc58dc42666da04b191a
after,train,images,dataset_clean/train/images/489_png.rf.7e6b460e96daab9876f748eb381d267f.jpg,420133,b5f9e2553905d17d3c0b6939472d0983102f2f66c739ee45f47ec07b585f8a59
after,train,images,dataset_clean/train/images/489_png.rf.adeaad7566771827b6e7b134172babbb.jpg,420319,af39e2bdfa9d21f1e59661de13c610e5d8ec66b227d76b36959b0a808a936494
after,train,images,dataset_clean/train/images/48_png.rf.7cf4319430854e82a1721c8cafa5b606.jpg,309983,92fb807c15b85fba04321b00d94bf6bb8833ebeda8a278e52f16f1368b81e1fc
after,train,images,dataset_clean/train/images/48_png.rf.b5b28bf31eeb82815d0860d57a05085f.jpg,309867,6ea8c7a621b2745a42a576018b31e9c05f7d8db355ed6eb5397613e495f389a1
after,train,images,dataset_clean/train/images/48_png.rf.c4d2a7b30603ca761828c4cec4c0ad31.jpg,310156,282f6b09b0c2822ac2aa126a2637b8c3aef5e3d3e02981b679c292d1bfa4a52c
after,train,images,dataset_clean/train/images/490_png.rf.81a53f6c2752b0b8dc3c9ec7bdedd017.jpg,417412,36df2772c30e0f90ca706edf6312e81ce80e8f519b62ecfc58c5a7e63e6ba81d
after,train,images,dataset_clean/train/images/490_png.rf.c2bbb2b0537835c1e0a9077cfcb53c3c.jpg,418529,73769842649bfbb7d5dc956491aa33c9eac1e0ac627c78a1b2da535e7cf914eb
after,train,images,dataset_clean/train/images/490_png.rf.ffe94a33f6a7c51f0642a9a9d7d61f74.jpg,416681,470d4a656903b4f59fa2ecb93b0129bf14428e265365cb58acddecdf58927a73
after,train,images,dataset_clean/train/images/491_png.rf.3eef949a558a6165f0b35d9f30c08214.jpg,353411,8e921142425c48868225f04fa3ee131bdd81e8f70ad92ad0ba585c89553855ec
after,train,images,dataset_clean/train/images/491_png.rf.88d2ecfc221a552bce81ec835a5cd5ea.jpg,353002,37ee39146458f92ac997e31cccdecb56ae7dd94492c9962585e677dd0554c126
after,train,images,dataset_clean/train/images/491_png.rf.94e34749a653ab2541f9d78b9bbc8db2.jpg,353125,9ba2020167738b94c60857d6f57f594a138fb6019cc10a8a116e44b10b2a1f87
after,train,images,dataset_clean/train/images/492_png.rf.2da17d0d86bdc78b8e8675362f91931d.jpg,423330,9d93f9e52e01ab5e562848bf980641cca6f878f074799486068b12317ca82a81
after,train,images,dataset_clean/train/images/492_png.rf.d5f5578a8644fba0134741c76b313c9f.jpg,423841,0905ab5527f059f7b7f98de80818e0bbcba3c7c06e846d90bf3acd1dbeea91db
after,train,images,dataset_clean/train/images/492_png.rf.f0257f9dd110335a5d220792f1405e63.jpg,424132,fb5f5767af91c29d4be8f1f7a800c7301d39f02d59e9693a9f537cdf1df5c9cd
after,train,images,dataset_clean/train/images/494_png.rf.0a3ad53051195fa4ea63cb809d89b719.jpg,439735,ce8e870e96d702df8f6c1c29c99b21e7e8e27e6902499d18caaadd07c68bf61c
after,train,images,dataset_clean/train/images/494_png.rf.707c5517527b01f88bf2bed90663e05b.jpg,439704,990b82d8fe29eb74c7f0cb18b0ed9e91e55477dc0374f2e92a8fa32b5e3b289f
after,train,images,dataset_clean/train/images/494_png.rf.b033086877813d5a95fb203519d8d5c8.jpg,440186,3ef8c045613eb6f5f59a926f295c5b9d7374f3436bad3c93e663d9ec798d4265
after,train,images,dataset_clean/train/images/495_png.rf.0a1aeddd980ba2c68774c2eb33acc363.jpg,395203,a3772ada89dda8eb83e13f87577a3fedbb06248316d50d81274a19dabb9673bb
after,train,images,dataset_clean/train/images/495_png.rf.2ec3a7ab5fec5a00da6dac6b6b3fcbe7.jpg,394931,e39e534dfa8c7a94f496b287eb2c4b35fd925c0fb2b388f0c893c44d8cbe2d42
after,train,images,dataset_clean/train/images/495_png.rf.97c14346beb74e1a4b0b038a2359f38e.jpg,395754,952a2745e8b5d11aa0b29c08158a52f08e426bc3c8e23ebf353867d94c530d59
after,train,images,dataset_clean/train/images/498_png.rf.1d7be60ac3dbb4fccf1b596fff5b0575.jpg,578363,09703628bf4303f48c38dc5bd681a0b3a9cf74e54935564fd4c94b60a6191830
after,train,images,dataset_clean/train/images/498_png.rf.3fc99b87cb099e93c8dd0e9c05a0b8d5.jpg,578345,9f06f482451985eafcee1e2c93103a22c1427f2629d02c3a9e0ce346f453037a
after,train,images,dataset_clean/train/images/498_png.rf.f35e1d699066d0e5453ad06d7d14b4f4.jpg,578890,7a155ee581e4f3178b8d78997b590fa871ee26f01e610efc6e074fccd97cefb4
after,train,images,dataset_clean/train/images/499_png.rf.143b336a5b87ca392f33937c0bc9e7d1.jpg,539165,7920615d0360e2efc20bec8ab3b81791cd1a2c35d292bf13da594fef4872df89
after,train,images,dataset_clean/train/images/499_png.rf.5b73ba644bcd0320c74ba335c9df079b.jpg,539234,52c16496bcd2c7cab279eb8eb3ad7fbd7804e748a4e3815c058b70e476ad3766
after,train,images,dataset_clean/train/images/499_png.rf.c1bc5a248a10caa7e947c21f6c5394ad.jpg,539218,4f53590e5ba677dfa9dcfb88b0a048089dfd4058e4a752ff32500c5a31b394a0
after,train,images,dataset_clean/train/images/49_png.rf.757296aa5aba254ddb876081a8611c2f.jpg,233139,06acd236a8e3d9a23576a914db8ade5367b2434cd3e0eebfb95846d84189cd88
after,train,images,dataset_clean/train/images/49_png.rf.81f007453c358488b22a658607cc0ff9.jpg,233034,c416310b36e53dc25ebdc63ef218f0788e5314c9f1b0713a64b090b9f98e37ef
after,train,images,dataset_clean/train/images/49_png.rf.ef078ce0457978e33c893bf61299fff0.jpg,233473,8d5e163e9254ccc02b587b9be53365cb24e6cbf2b80ee4fb049d50f3e0ac6633
after,train,images,dataset_clean/train/images/4_jpg.rf.02d02b3dd3f7b96a314db0a9bc18e9ff.jpg,18558,7a76c8b1dd4ed4e91e48152322e6f9a0acd4698952a7e19348f8abbec448e5f2
after,train,images,dataset_clean/train/images/4_jpg.rf.3d5f6b07716a5ca9749c3b2a103f963f.jpg,17282,60df1ca0f960e5d9f99148e2f07eef3410f664225b2c75f477a331f257005e84
after,train,images,dataset_clean/train/images/4_jpg.rf.d0a5a1ed852caff75ce99ef41595d0d3.jpg,17827,62b44f9fa7306aa7acacaad8a76e10f4e01dc2e1f3891bc6ab06f34f39e8acd6
after,train,images,dataset_clean/train/images/4_png.rf.2c9551df361e5fd8896a1dc47fc96917.jpg,443696,a7fd1b8978bc6c513824d572695c93d5c0b1e0d8df0a2be3fef5868b9585c24e
after,train,images,dataset_clean/train/images/4_png.rf.61ff037e0acd9b42b67b6b23df56863a.jpg,443176,7640cf7e87fb751573ba1ee3e49448c99d7ef026d14817607fe8f35c5d414d76
after,train,images,dataset_clean/train/images/4_png.rf.8ba7c98d51cb44c4380ebe9f7f6b8f07.jpg,443728,9b36f394325c582188c847ded99a611a5c6deb0c4501ad04e827ef5de377bf70
after,train,images,dataset_clean/train/images/500_png.rf.16b25b9d4254ea707ccbb5c59224b841.jpg,463373,551a78ac0883ad2d6184e25e8989c961c78552e91ff410bb6c51ed2b9312f1a1
after,train,images,dataset_clean/train/images/500_png.rf.2ffed0d0d9c247103e8a97d4a222c3d7.jpg,463873,d256e075c366146954bbb5d7f814aca072c540d08ed4b7b7fceac9be6809c47f
after,train,images,dataset_clean/train/images/500_png.rf.330b5dd3fc817c37929c4375cba21b40.jpg,462861,5582c48f19975f8573ecf12effe10257f445fca5955f705afc0334e798ded704
after,train,images,dataset_clean/train/images/501_png.rf.01b45894d2e4a0ce237b3e29a779c477.jpg,418044,af7b5193c0a4012d15d00eb3f774ff8034fd8369e6ab3c17ce12b106f93e9a4a
after,train,images,dataset_clean/train/images/501_png.rf.b1ba3ad3bbc49a84beefe2fa61508764.jpg,417968,15d91782eb39539f9d5b8fcc779a951d2037135ef6d8180f1b40a048291d79bd
after,train,images,dataset_clean/train/images/501_png.rf.f91b879ebcb39b563f521f2174986e62.jpg,418075,748634f5f7eb7c6e7cd217499db15355f97ebb1e2c7c18eb13a71f1a04bdf0a4
after,train,images,dataset_clean/train/images/503_png.rf.56116b5dad2d8eed53e4b1f7ec2c0fe4.jpg,470792,1ead4549c0ec9686ff68e29fd274cd5755b3cba935e2a0ad4b7e9b84c1f9dfa7
after,train,images,dataset_clean/train/images/503_png.rf.5bc6d8849b704760a2a3efc10f152f1c.jpg,470417,b58c234779366dcbb20c241c14bafd017882a6584d9a372de045ddfadb87f7e6
after,train,images,dataset_clean/train/images/503_png.rf.794db57c0cd8d8cba30dba0d8de042b3.jpg,470783,255dc4198cf747e77f5408a0e0a9a1c8af6dc00c9260e4ea120f94851f7ba799
after,train,images,dataset_clean/train/images/504_png.rf.2b0629876e6d0c8cacf7c3ca2b356862.jpg,406343,de689712ee466d84eaab65545b9c4d36da2e7c0877b409ce85902e0531ca9ff8
after,train,images,dataset_clean/train/images/504_png.rf.ae651942cefe41ced97561bff4fe74b9.jpg,406702,9d9512e60412787a77d823b1a03d8c46d801c6e6817cf4f6cc7405e177beb581
after,train,images,dataset_clean/train/images/504_png.rf.f11acfd2a1c1ef9d38ab247c7c1fa138.jpg,406307,9871cdcb961e3cbe8dfa2be7be738d158da7f96c1ef8ea031f21984be13a8440
after,train,images,dataset_clean/train/images/505_png.rf.4f3f166f7a3bf3c0007f20bed3fcec0e.jpg,225798,f3824ee23d33c1a0189d73adf42bcef2085c27bbfa29e02457505be2ba1d8941
after,train,images,dataset_clean/train/images/505_png.rf.b4169abb4f86cd8bc095c521dd0948b6.jpg,225917,1b37cf1082f994c37b2b5d3a93915214b2a88cc8ff42e3a7310b2039072afeaf
after,train,images,dataset_clean/train/images/505_png.rf.d6d239e0b638dd4f847f1d445e601175.jpg,225915,6440257b25912ff3b3facccec28d789a9cda5e712281719a03624d01f53cf161
after,train,images,dataset_clean/train/images/506_png.rf.49d80c6edcddae77f4b233626e4d1f4e.jpg,225840,cd66a1cf584852971e004eb5d23c4d630cf6de9c1a28e7947b8f750fd265bc9d
after,train,images,dataset_clean/train/images/506_png.rf.6b3db04f2ee699c5613a8fd16188d0e6.jpg,225783,1cc64cb4e6e30e27ea56bd995761de1034a1051ff017d8a03ccd96ae04829789
after,train,images,dataset_clean/train/images/506_png.rf.b75101d65ef838ae5aefea3e555a620d.jpg,226034,ffb84f93a49823d40b4416c873223b5c1ad109978b092d137e7f898b1f0a92f7
after,train,images,dataset_clean/train/images/507_png.rf.44ab61601a464cd9280ee880c123ae07.jpg,237898,2131ba1dee4867a40599e694037d70743d343990cf1608f0ff2c5e9a634fdfcd
after,train,images,dataset_clean/train/images/507_png.rf.e8804317ff733a66531862968933a2c1.jpg,237464,86f8141afc71c1b3f42bcbefbba11a16bdb73d05e1d1ecebaebcfe0ff99ea370
after,train,images,dataset_clean/train/images/507_png.rf.efe9a22b561890328a5a1475917e4ff3.jpg,238106,3a464112ad59c2b17d3074302f935d0885170acccbc15d443d334c1a277f116b
after,train,images,dataset_clean/train/images/509_png.rf.2f9d8684d646821e4ea1cfc2a805888c.jpg,409438,0621a885eb307bbe1ac31a6b360422f86b1f0ef6fcfdc515c25401858db58fdc
after,train,images,dataset_clean/train/images/509_png.rf.6a7e4fb91966409dd98842c324888be0.jpg,409384,439ab1c35ba401e7fca7856803c778f26f7bc3412191c1fe76934436ed8604ab
after,train,images,dataset_clean/train/images/509_png.rf.85a5d88c803361385103d08b80861c97.jpg,409344,3a19524c276304837f29f8dbe4b767d4680852dd36b45b6aa29bda5e126e2ff9
after,train,images,dataset_clean/train/images/50_png.rf.a14d54cb3e597057c421fffd672020dd.jpg,399506,9429cf11c7cd272ec507dcb726246cbe9fe302014647c1368ba11f16bcacf04e
after,train,images,dataset_clean/train/images/50_png.rf.c8b532153382e0ba77b2de19fdcd0100.jpg,400486,533c9ff5f494e37e7aae535e525f9f653fdbe4f35772eb2c091d93e3ba187244
after,train,images,dataset_clean/train/images/50_png.rf.f89e1acd8bd789a60e21e313a4367508.jpg,400655,1b1584f22ba697d60d50bf5924a46909e36ec17a74d5347b75ab7f5ed51fe692
after,train,images,dataset_clean/train/images/510_png.rf.1cd51f3d5f3a2f9ea5fc939ba01a2e30.jpg,444525,50219a5591e435fa17e0c448eb769d78eb8ab272008fcd2ed00e0facd85b93af
after,train,images,dataset_clean/train/images/510_png.rf.c29f3cafa9eeb8d618b1eed34460629a.jpg,444999,e9633138a043d1ba94403581a72823c268408e478503cd045a5cf8e7053935b4
after,train,images,dataset_clean/train/images/510_png.rf.fd278e29cff441348f64396d122610fc.jpg,444938,82c41a69b571c5401b8c0a5157bd03132f18c96903e344dff1ca1beab144fb55
after,train,images,dataset_clean/train/images/512_png.rf.4678ae26ed82a290b233a09f4f56a527.jpg,398525,103a5691f84580e0eba1e2a01a23d72a17369bb6c97a520e31bdf9d628a798eb
after,train,images,dataset_clean/train/images/512_png.rf.a0d0afbf4907c453bee95b4301d6e864.jpg,398538,895450a86f412e0042efb05dcab2d7e132f280dae3af1ba510a1347cd37263cd
after,train,images,dataset_clean/train/images/512_png.rf.e9e41911d8b73dfe96a1fd2939e9c37d.jpg,398461,e5d03bea98c524aa0cbd4bc31772f09ecfdcd92c3e1ec7d55d057b0aeeef9715
after,train,images,dataset_clean/train/images/513_png.rf.02e4e65ebd7d4b73dbb174d0dfa02fcd.jpg,448885,13126498394d7ff4f07198531e58f73a4d86d2d739a36e41de804bef39d92742
after,train,images,dataset_clean/train/images/513_png.rf.05cf151b5c59d0c6fb9cebd2634054e4.jpg,448800,63fd136cf89c822b918989a912a359aeccda6bd550657030c8d73dd1dd7a3422
after,train,images,dataset_clean/train/images/513_png.rf.541f75f3dac704b9ad8edf7141dd52e6.jpg,449110,32523e7f9f99b392f9c11ec5664eeafb252a7ead5e320a68eed7656cf9f3adb7
after,train,images,dataset_clean/train/images/514_png.rf.1fc9e01b50b9bff8194fe104f10cfd7b.jpg,327015,4c043ccbf1314bcfd7269fbfef2e3542b8c8b7cd9368a0b3f1a93db4b366cbe4
after,train,images,dataset_clean/train/images/514_png.rf.c5d9ac0252a0cf2633a2c761b9a80fcb.jpg,327355,56fb368fc5c4146cfc3f876be5bbe3cc99df7a4c9516d139710399fcbd9d78b8
after,train,images,dataset_clean/train/images/514_png.rf.ef6480a50722aaf5200aaae3ce91d960.jpg,327205,9900009eb82698d57894fc58ee3e7df10f2968c680f101f4b28c3f39fccddfc1
after,train,images,dataset_clean/train/images/515_png.rf.921e357a3433702901494ca728ce3fcf.jpg,352201,4ae6459e77080ef638a8564a7e854a4827d4ee5ac425f258ca3ffa2938fc5168
after,train,images,dataset_clean/train/images/515_png.rf.cea2a3962413dd7e4a626479c52191dc.jpg,352201,4ae6459e77080ef638a8564a7e854a4827d4ee5ac425f258ca3ffa2938fc5168
after,train,images,dataset_clean/train/images/515_png.rf.e8848c2f3805da4d3e676157c37e14fd.jpg,352182,cd7693f1c5979f3faa4a41707c34be27a0f6deedb0c0c222b59e3a78303dfee4
after,train,images,dataset_clean/train/images/516_png.rf.0577f274348f9d42838b6dcf87da6f92.jpg,449343,191d79ae11bd690bdf2209bc81aa69d3b7eb4a734b6d4fe6f2ec63a3a976e0fa
after,train,images,dataset_clean/train/images/516_png.rf.7a58d64d3e588a4d9f206a0253a5e535.jpg,449263,0b32369d31becfde8d8a1e209d503fde42d97905b60e97b3a57721c3d00aff63
after,train,images,dataset_clean/train/images/516_png.rf.aabae77217acc82d68261bb78d2f8f1c.jpg,449546,66a0ca1f6168bf53ad22d0806cc041f0a54f3228d36839c72ea95d9c99285d90
after,train,images,dataset_clean/train/images/518_png.rf.275504ed1113ee7e7d087524f458aa34.jpg,481076,0b85a4794cd1dfa0c18545536f4ab2d58b923329e2e758f03222dd909e3a0635
after,train,images,dataset_clean/train/images/518_png.rf.bad5aa61a27ea9b0b23722f302d17c85.jpg,481055,e6f499b91ee81828842a2a153dacd3f33424ec59f183c3c3cefff0cdc62ccb4f
after,train,images,dataset_clean/train/images/518_png.rf.e54d570cb27de672db040f005f92457b.jpg,481672,f114f3452590cecd9b24b59b2afb4f1067c73d13d62cf41d9479c59879a6e6b0
after,train,images,dataset_clean/train/images/519_png.rf.22c3273fb4a170924c0f3011ded6cbfd.jpg,430187,0faabb5fca1c2eaf9d7702f5f65a91794a6f706ea1cbeb132115e771c688a452
after,train,images,dataset_clean/train/images/519_png.rf.63598501018615505e7e8fd660b2e46c.jpg,429862,f12ece5f021e912cf9fcd0d296f93889f1e5d06e78801048f12aa713eb337661
after,train,images,dataset_clean/train/images/519_png.rf.7a763156eda2cb5845abe4f5c0758e5d.jpg,430323,5fd4d9179437a927232b5aad40ddedc8b1798b551f5c32279b5ce361dc835444
after,train,images,dataset_clean/train/images/51_png.rf.186b2e5173841720b888af848dd8e418.jpg,259018,7f0df43bb5e33c220ae24599cd362f4dfd145ce493dbbf01d104242382cab78e
after,train,images,dataset_clean/train/images/51_png.rf.26ad49a2deeac4bb4df10c3289d23c36.jpg,259027,bcb38a4447bb8f154a111de9159c28c0a3dfa69103e6e26b4c14565f39eb302b
after,train,images,dataset_clean/train/images/51_png.rf.d23fd68f5654ca9739fc19d4c31f73b8.jpg,260542,2b9f54ae46d454d526435a10a5175edf9060f4189a7d02913159cbcf59345f1e
after,train,images,dataset_clean/train/images/521_png.rf.0ded4f84c9c4f084b034ac30e585b255.jpg,279606,1dfb120522f0bcbdf9a6c75ee38d8f9b9ec29f805031f702624b762e3c7c4994
after,train,images,dataset_clean/train/images/521_png.rf.579f5dcb0b05300702b92fde375854be.jpg,280619,55ec6e329308637557641200723017d75253b1d446efcbc3cb69af2b5b296ef8
after,train,images,dataset_clean/train/images/521_png.rf.5857b1a499204763d3d90b355058ef37.jpg,279670,4b39bc844d99fa86682e325ac5f5fc2850ff534b2802daa69b88f1003f26c64e
after,train,images,dataset_clean/train/images/523_png.rf.4912987eb8aff3c1292035602e439e46.jpg,209198,f52813f3135aad7689df1dfda5c726b254971de947bf804424a8e0ae1dfd7db3
after,train,images,dataset_clean/train/images/523_png.rf.590fd9f3928ddfb5c8c55ae0a4fba74c.jpg,210022,21bba88888de498d36e1c2dbef5b9440c9ac406affb4cf3a31789c1d9b4bd8d6
after,train,images,dataset_clean/train/images/523_png.rf.73e312833368400f128905ce6e3a8e17.jpg,210616,b317c6a862fc0c402b2a43492f7e84c7c7e2ad58cf152dc871fe9af2a9f4dfd3
after,train,images,dataset_clean/train/images/524_png.rf.3b4d766317bbae397a09c0a2c4a7f262.jpg,325610,ec3be2ca4c3cc2087ffdc291c7a1e0e1a92f173702eb7410e3958abf2cd73903
after,train,images,dataset_clean/train/images/524_png.rf.9695652ec35e3abd86b74f00c4b53f3e.jpg,327701,3a491b1a2663cddf373121abe3f290d8a5b48e599d5ceb09361f5468fda4ade7
after,train,images,dataset_clean/train/images/524_png.rf.cf33d8d04410c449b21e04fd269debcf.jpg,325415,c569e6a6cd93e5e55020f04e6e0b561f1a07f6190a1e4433c18b7d321bb93923
after,train,images,dataset_clean/train/images/525_png.rf.51b12be154ff42887e4e99a4f3ed8986.jpg,360123,411e255bfb08fea694c7b3f087a58daf10ca5ecfb3a6a681a59c8d85051281a4
after,train,images,dataset_clean/train/images/525_png.rf.526d1e136ac1b673c6b03c0f142be840.jpg,360580,5f8a28f8e075e477ac4b02d1989c9627f06e414cb1346cd9fc55891c0671e9c7
after,train,images,dataset_clean/train/images/525_png.rf.e187f593a2239e35f95b16a7cc5404e1.jpg,363104,4ccf08294070d123d1a160b3b44e5bed2e81cec6908f8b327f148e32ff93e97b
after,train,images,dataset_clean/train/images/526_png.rf.6252d904355a00fef32f3a6ff02bfa35.jpg,320927,a9d6e97b5b29e2a560e70da6732bc0fcba6d26f0b74fb3d01d2046a54b41020b
after,train,images,dataset_clean/train/images/526_png.rf.6e0ab34246d8bf5e5619c69c34290ac8.jpg,321231,2edcfa0b2ea1951769220b4c1879cb73914490f0ed74f4509b2958803bfabc0d
after,train,images,dataset_clean/train/images/526_png.rf.7f5df25c15e84a0144398fa1ab713d99.jpg,321144,a28bae73bb9fe40142230a9c1fe1a0e22e27fee99108507d8ec4ac6e43005413
after,train,images,dataset_clean/train/images/528_png.rf.032e174c8ee3c893da6ee60102a2823b.jpg,305911,d3703f5fd797a647894436ce1045b5d244333608f49f9afd742948e283df5d64
after,train,images,dataset_clean/train/images/528_png.rf.6437d4a1289068c0abe19208791aa8de.jpg,306107,2e110972a5072a34661e9424cc1f3514048b1285119709f703fa808f7997b5b8
after,train,images,dataset_clean/train/images/528_png.rf.98eca6a87c0dcfabcac8c859824674fc.jpg,308275,9a45d7dec9660f6d5a7815e715952580b121320a06ed13462a8d98852e988d79
after,train,images,dataset_clean/train/images/52_png.rf.4ec57cf0fab57c555db897192d0f6398.jpg,423441,3829a344fca4abacda20823d55e14805786af94c467e6595d94380b27e862025
after,train,images,dataset_clean/train/images/52_png.rf.517c29415ca5794c62a09fdc1f7ef6ff.jpg,423244,72a0cb8b4ea6d3c0952440645e408a8b17ae6493a65f6d558acf7e208f889a46
after,train,images,dataset_clean/train/images/52_png.rf.e7cef53e4f241f9b925610900907eaf1.jpg,424019,35bfd3ad1dbfa189b2fe645b9d061449e064a97ceaf81744d8514137ecd6184b
after,train,images,dataset_clean/train/images/532_png.rf.0eecfc828c89832f962b4ca36d212af5.jpg,405590,999de400bea3e820682e40fa25eb78d986cdfc31b14d9d635a25b5b291d92e20
after,train,images,dataset_clean/train/images/532_png.rf.9837ac4c79a82e062585a08849935314.jpg,405045,3073281593dce7a80bbb02f95f6ca3c8bd60ca29586fa5c3dbf0a62cf34c6b6a
after,train,images,dataset_clean/train/images/532_png.rf.e5abaab1027a093230a49bd3c5f07ed3.jpg,405451,230c87d71db8d2319c974235a20e951cf5ed65b6215ae29ec7e95a5bda40a045
after,train,images,dataset_clean/train/images/533_png.rf.2c05a69b81db22ef2f15205b2720d4e1.jpg,299173,d3d970e348300ecc741bd2acccd5a6f298b9258ed195e40cdf910656b43c383e
after,train,images,dataset_clean/train/images/533_png.rf.717e7dc098d187027409f9c63baab7fd.jpg,299152,8a127306578533568a1e08c7429f5a0e0f747a7d7adea7d66eb6f9e1f4eab15c
after,train,images,dataset_clean/train/images/533_png.rf.7a745070e79a84af04acc51455d989c9.jpg,299294,8a0a3e0a54d18fac3769e53c07f364b15b33b79e00d05a1ddad3a9f2d48b3561
after,train,images,dataset_clean/train/images/534_png.rf.055847270185dfc6afc8ca91a2bf8dd7.jpg,348534,6fb9864a2ff47de6cff74e1f73129cbb72d2f046877df35fe2b61924ff465bd5
after,train,images,dataset_clean/train/images/534_png.rf.46c6fe9ae2d36c67037054d0316d3cea.jpg,349179,4d2475ccfbfa53190000d72fc3825b1e0838d432c21424ddeffea9b7df4af021
after,train,images,dataset_clean/train/images/535_png.rf.59b14300a8a84424b937c90701afaaa9.jpg,314569,02e1be2fa13b68d3a9050d386ba122c414dc755ddeebadc945aec8db7a9aa009
after,train,images,dataset_clean/train/images/535_png.rf.f6d938474f735e0cfb4acaf09bed29c0.jpg,314701,663883c1c4cc3f59fca8abb4d5bde873430d231a9487aa1c233f7d5e7876e38b
after,train,images,dataset_clean/train/images/535_png.rf.f9c99314e0fc3eabbfe2e870c62880bc.jpg,314384,1c7a3655ab0d36f8e0f7d81ba774adb2f3ee771151bbc855599698356712c5f3
after,train,images,dataset_clean/train/images/536_png.rf.46323f634e1accddd74aeeeec6073f42.jpg,354312,a51c7c0d990473ea1253f2be0911d801111b7721541a686ae86809b885da7e33
after,train,images,dataset_clean/train/images/536_png.rf.686f8f11ae8258f19481529351859d6c.jpg,353727,de5cb5602f49a5e875b794fe1d0b152e95b6aa9e8c70544f17e07938c6ba60e5
after,train,images,dataset_clean/train/images/536_png.rf.f5c923ab86d9fc60b457c66ba1f4f646.jpg,353274,a70be47005341f05ba53bb7feb452c915dc5e238c66867e0fb6c9b830457b44a
after,train,images,dataset_clean/train/images/537_png.rf.18d4cddfc376c97088b034419d49f3e3.jpg,270992,52e6ab7ae28bc4f4f865f4971c70b6c6d6af7f9d9f6a6e667e8a86b4dfdf297b
after,train,images,dataset_clean/train/images/537_png.rf.242f3084604f9b9b506a362397b743aa.jpg,271179,372cebd39aa80a194bfb6b2b238ff15a56f4f6240373bb77c1847509822b0685
after,train,images,dataset_clean/train/images/537_png.rf.b1431105711fdeace0f79a4a1aaf57fe.jpg,270097,87f8c6ae24672394ad9d9053ce4aa8259ce4ba23b4530650b167ba7ad3d5c7f8
after,train,images,dataset_clean/train/images/538_png.rf.61b696bff510a79c26196ef176374874.jpg,364272,724a0a6c943717bf902d041ddec83dcad217b7491818a71c8ef97ab0288277f1
after,train,images,dataset_clean/train/images/538_png.rf.c0e0f94efc37c87c3e22dbe6d653ea3d.jpg,364272,724a0a6c943717bf902d041ddec83dcad217b7491818a71c8ef97ab0288277f1
after,train,images,dataset_clean/train/images/538_png.rf.fecd446dfd50880297627701fcd5bdb4.jpg,364659,0f6234f9bd3790a7c4d35d528181f95816db3624cc15ced2a06c973f46c88f5a
after,train,images,dataset_clean/train/images/539_png.rf.76310d46bd1d1a5abc103e5dce2935d3.jpg,325548,0e7d33b741f7ff5db7df87ec61ac17947ced35327341338a816ddb245379cf0f
after,train,images,dataset_clean/train/images/539_png.rf.cdbd1b7a4c3dfe2c9b7aa1f7f456d43b.jpg,325444,5871faf1ecff2b148d08909f01c7b332e46d5e372edd5482b8f5518c1d1de2c5
after,train,images,dataset_clean/train/images/539_png.rf.fe95a9c66082bbea9255c21e8d78bc64.jpg,324610,6317197e116f0f2adb04d5df9129d659c3e0b93b79a9a616a08fe8ab236df0b7
after,train,images,dataset_clean/train/images/53_png.rf.01c12a86ee47b52fc07da94b00c99383.jpg,272489,de6d10c520108b6373325cdfbaee7f92ac37c22c874bb5844f510c16e1dba414
after,train,images,dataset_clean/train/images/53_png.rf.431385b90b2a11aac74d093908d0f8b4.jpg,273482,d77bf785da4985a7542899fd5b8b858455c4c08338715a113f3ed134ea5e253c
after,train,images,dataset_clean/train/images/53_png.rf.7265283009d97a24570ad309f9d3a864.jpg,272304,c334b86328d979039e4afbc74cc1888f53aa707f231251107a2527bfa9b68b3f
after,train,images,dataset_clean/train/images/540_png.rf.31406281131d5b9a39e01171d00fbafe.jpg,303254,c976380eac20e6ee4871dba424c1a841a276e2a91b21cfb724718880a7ebe032
after,train,images,dataset_clean/train/images/540_png.rf.6729a49700b87752f66f2c0ba6b48bc8.jpg,302825,42c52660d97fbc9b6d112be26d9f02ef9bbe7acd22737112e96040777a53e838
after,train,images,dataset_clean/train/images/540_png.rf.ca7855f8f8e12829b26daca77f1f37ce.jpg,302940,c3dc30451dd4096484af645f851611ff29b53d370dfb5193813a401c2eb5ebab
after,train,images,dataset_clean/train/images/542_png.rf.1e307663d98a27cc4ab2f8d011355b0e.jpg,339826,73542c91fd32f02eb4f65401e509053bfe78b9e1bd92fe37f080f58543e9ab1f
after,train,images,dataset_clean/train/images/542_png.rf.48736f4dcf6f7916b7308d8388e37492.jpg,340959,6f2a1c8c28635cd41095fb7fb2ce3cc1bd62803bab33861a095371d28592c106
after,train,images,dataset_clean/train/images/542_png.rf.f930b5996eb9c3f5c2b65f711835ef89.jpg,341388,c9b93d3e2e9d2e94a7175e278a55f705554af188d549088ecf72c4a7df50c96a
after,train,images,dataset_clean/train/images/543_png.rf.5b36a417f1e20c9c334693df6fa943ce.jpg,311222,6db1fd9dfb83b43a1d5a7ef425c3cea2840873b168ded99e6cf1f93b9ba5cda5
after,train,images,dataset_clean/train/images/543_png.rf.68dd74b68b03db3ca0dd0d52da5344a4.jpg,310695,b40c9f5bfaec3feecc144705a6b06aa0a572c02412e0745c64e9eb0db7fe4d6e
after,train,images,dataset_clean/train/images/543_png.rf.d380691d2c857d0b347dd7ac2813c840.jpg,310373,83b18e8c02871c47a23b6be9995ef9bceb2c0b37171a03b2350f2e32c13d5e9e
after,train,images,dataset_clean/train/images/544_png.rf.64d076c1a6eaba641a58ef46c4aec3a4.jpg,385418,b3f89547e80d23e62b516aec2a9f0fbcccc9e23534c25534b0478440353a83b5
after,train,images,dataset_clean/train/images/544_png.rf.c605d5d1c4d86424660c92215dc98348.jpg,386431,4321b7415d7eac514865b0c0bb589c264bbf8901405fdbb5954d5ee4b58ddb05
after,train,images,dataset_clean/train/images/544_png.rf.d65d4768a71ffc76395abfa2c3f867f6.jpg,386441,1fc9a91e087d487c80669049816a13807af88b8ab622f74720850a1198532c03
after,train,images,dataset_clean/train/images/545_png.rf.0e5f9625cdd44e236be60ff76b6dadf7.jpg,260011,bcb17a82cab96c11f01803c2fc6bba2f20f84612140e65d20f299f3d1e7664f7
after,train,images,dataset_clean/train/images/545_png.rf.7541384fa1b79fc5ae26452a5584cf63.jpg,259883,bb3ab5882ec3430b40dcd17ad0f72dc9a14d3c3a6a8af21969d4484aabe0efcb
after,train,images,dataset_clean/train/images/545_png.rf.a6417c56a08adc0b37ead9181be22cad.jpg,259643,ae87f400bcd2b1171c2162dcdbbe653f31f577c1758262d6c4910f8059b61ecc
after,train,images,dataset_clean/train/images/546_png.rf.10f3bb0bad2d8aa70ae0c8841985fa20.jpg,210550,2b2cd93993b22eebd8a31f24be215d5586236ad0cf2db83bc10647c4fdd97e4d
after,train,images,dataset_clean/train/images/546_png.rf.117bb1fa9a569ea07e3b391224a4e584.jpg,210562,a4b8c99913edea34f4fc8dd4a4aaaa27bbfb1ecbe5395a8997848cc2f77f1b1c
after,train,images,dataset_clean/train/images/546_png.rf.f8a837cf2ab5ff70436e0f475edae52e.jpg,209788,49448eecc7f6dc05cf67cef77c03076c3425684137878d1dde7214c0a92f1979
after,train,images,dataset_clean/train/images/547_png.rf.25b075826aedbaeca34b112035f2d9ed.jpg,273635,38028ea3b53e624a87df87b1f379dd44338d1f4c610b2bcb4fc5adad47666d91
after,train,images,dataset_clean/train/images/547_png.rf.8a4c0655d489678878e1d33e57a30760.jpg,273794,c643749dc4d88148e1a8c5a2cd2691720191a0370e948448f4c935f963bb54f7
after,train,images,dataset_clean/train/images/547_png.rf.e3e79b7510f63fea1b6447cc91480e6d.jpg,273952,78a4e7bc8bf3e0df3a254f9440c3bbeb85ff457f88842a8c6ad1f57a1e6df8ff
after,train,images,dataset_clean/train/images/56_png.rf.8d0aae7a07d213e6a6d7e6346304a2ee.jpg,357954,3203e6da44a64ba4333174a3d1848d2a2bcbc7c14f8d0d8dcee9a5b911054c42
after,train,images,dataset_clean/train/images/56_png.rf.d8cc94cb48e75b948e9641f3822f674f.jpg,358040,52a7a06ba6e262552f590fd6a4fc45f3fff80365b6dc4a77f956f0c992e056ab
after,train,images,dataset_clean/train/images/56_png.rf.db6d07cab75b3a4fa11f3ccae889a281.jpg,358375,eeab227accc089139a733b9bb8a2a1e82ff661db9efc21a8a21b3d17b1c231c2
after,train,images,dataset_clean/train/images/57_png.rf.842bd07b6542a7d526a730f7e42f9c70.jpg,385422,1ae87ec221dbd976e44877e82b969d94ad55d16fc8906c7f6d0a07a4ac2cbd8b
after,train,images,dataset_clean/train/images/57_png.rf.d3ec307c6e0b52b5b147c6cc23720a83.jpg,385232,b76f61df78765239ffaf75e0c9aadde93846dc8c1070b12884e41ebf81d011c2
after,train,images,dataset_clean/train/images/57_png.rf.d83897c09e692cfca2b79f2aaf413556.jpg,385296,bd467e3dd203d60e0fde01860de29f4d466f473c38d60daf32c2a6819f33d729
after,train,images,dataset_clean/train/images/58_png.rf.125059d8fe0b62efbccea9039ca2abe3.jpg,488345,3ec299b446d8a4c83269b8b2a09b62532bc8d44503d780b5eda502f6037090ee
after,train,images,dataset_clean/train/images/58_png.rf.3d7783605a503ff176ac0d2d97415010.jpg,488290,2ac837977f9a95bf42b30eadb29e54028edcefe393dc9a6ce3949418b92673ac
after,train,images,dataset_clean/train/images/58_png.rf.462178e1fbc9b9f6ac41789ebe85cdc4.jpg,488325,e75a632e19cd9fe14ffc538f68b8d6a530e91af20ee74293254cffc39e23309e
after,train,images,dataset_clean/train/images/59_png.rf.20af35424765a671c5d787c2bf7149dc.jpg,435453,dfe32bc7144864411eefb9c77b7317baa90f6c74f5b3dd892a088b3f28982f7f
after,train,images,dataset_clean/train/images/59_png.rf.4f65d18f1a47c8af48136c2bc022921b.jpg,435709,39764abf53218ace5a9fa9dbde51856f78413e0c7360209e01164e2e1c7e8f39
after,train,images,dataset_clean/train/images/59_png.rf.99d7d9f54b96de31841ff0f7060994bf.jpg,435748,3197610d95946c676d54a54ab81c1a41fbfc8e33dae3e8e0d55efcc10620eb4d
after,train,images,dataset_clean/train/images/5_png.rf.3fe56bcbedf89d2c22ac502aa0ba1aa8.jpg,242682,a7439dc6c705e0bac6778c1e6d823d6ea5abefc43564afb7218f527765f0c9f7
after,train,images,dataset_clean/train/images/5_png.rf.69ae0ba516f995549871d71a43283ea9.jpg,242653,c7c1c9db498c0149e15be60560a65b37fc2a8bd6140107e49982e18fc512de11
after,train,images,dataset_clean/train/images/5_png.rf.70e2211ff9b551e27fb3ed696b2acbdf.jpg,242775,15fb223d4b50c6473ad265abb21936d8b0dc5b71d7c02eebd11649539e95b28a
after,train,images,dataset_clean/train/images/62_png.rf.570bb5c3ef33f7c914df3b0a3ef035ce.jpg,423800,a6687f9da6db7177e4c4ab3151293e5e83443dc2b6a8e456cf16004bc9e241d3
after,train,images,dataset_clean/train/images/62_png.rf.68c60c7d30ced974ff86c63be0cb8c8a.jpg,421735,dcb3ecd564a4f8c71a57a3cb2528c04a84f5fa4c75603444ec4d30908f3733d1
after,train,images,dataset_clean/train/images/62_png.rf.8171f4e142eb3a4df12cadd16d85a458.jpg,421642,75f0442fb07ecce82026c1b042b1035713f1dbf7765ea21703fbccfdc91ebba0
after,train,images,dataset_clean/train/images/63_png.rf.6771b5da2659205e8ae50150735fa8c1.jpg,343709,6e5b8d8abf42fc867434d7cda896e10ff6021c6c89d75564ad246c2bfb986459
after,train,images,dataset_clean/train/images/63_png.rf.bba90cd3156cdb33f2fcb0473b052f4b.jpg,345954,8993b5ac8143448feda6627f49f7aabe5d1a9d3aa33fa8638a5527af544c29ad
after,train,images,dataset_clean/train/images/63_png.rf.f2aac371f741eaf894f0e11833c00de3.jpg,345061,2ef091a23cc32e0b65c4c3274d14b1852b51cced654113364b2a17f1cc55f5a8
after,train,images,dataset_clean/train/images/64_png.rf.065af1e47eb91c157d0adecf4aaecd83.jpg,279825,83d7eba8381ceebb447034a98adc9190079c074e293d7cf0c10e4aa9a834ca8e
after,train,images,dataset_clean/train/images/64_png.rf.ab8b3b8c2f650b0e545e9ed8cb95298b.jpg,278197,9865cf04c32ac1114a843b9830b2917864a49d04d0cc9557d117d6913c871ff2
after,train,images,dataset_clean/train/images/64_png.rf.cb637429ed95489d5455ed5cfab47362.jpg,277799,78681ff97a8fb89765181d1a930db18cdbea1c2f96cc2fc7bb29c1e70fd78c48
after,train,images,dataset_clean/train/images/65_png.rf.44fc1b7c18d1836d97ce62e2878954f9.jpg,484201,1946b1e6a490ea6a3cabdea79e4d5ac1e6114b630fe6c5edb016acf112e987aa
after,train,images,dataset_clean/train/images/65_png.rf.d508182636dadeea6f2df88fbf0ce048.jpg,484790,5ad617dab6fa2e825ee1fb560febfe741cc8548152d6ca14fa66559cea6b00ca
after,train,images,dataset_clean/train/images/65_png.rf.e3a97870ce3528fb2044278bec004ef2.jpg,484125,6b001ea62810843a6af77dc79605072153af2a34e4c2a7e73c36fd7d413a9eb5
after,train,images,dataset_clean/train/images/66_png.rf.61d716fa83676f0a673741fa3e8da315.jpg,525736,ec64241901974851faa072b5a2aae225742e93a1eee7ce5fc2112a748faa2b05
after,train,images,dataset_clean/train/images/66_png.rf.887071ac288974d452a76d32a46e8c5a.jpg,526442,d82e23ce0a1446e8e18532c9afe5b09bbb35e2f493db37d006eebf24e1498605
after,train,images,dataset_clean/train/images/66_png.rf.e0baaafd1de1cf45427246d7db5c519e.jpg,526409,351103f3733358469a41a77af54471f143ac1996671912b75505f5f1632b6fa9
after,train,images,dataset_clean/train/images/67_png.rf.2bb1a0e4badd25562e9054c9de058726.jpg,471800,de67deed53540303a4a541d5b737bb31af0a6b7b26b8c88e9f160bbce7f355a1
after,train,images,dataset_clean/train/images/67_png.rf.58a338760d81489f7ec010b72793f7b8.jpg,472820,d9f3ee8c9022d4f690b400862e3baada7c4f7a61aaa0f031ae343a535bb04a64
after,train,images,dataset_clean/train/images/67_png.rf.82c01f29ac6d0bd235f110e5d1f057f6.jpg,472204,e6065554b142961fefd7efe1d66f9af52a4525d260b18cb6e19d65ce887656e3
after,train,images,dataset_clean/train/images/69_png.rf.51d85a5332c08be96b1092853c81f685.jpg,341657,21cc2a8859a0273e94a85392b6f6e0dd43bedd1b0657f54493fadb6e19e6334e
after,train,images,dataset_clean/train/images/69_png.rf.8923dd04a72c8b16da15d64c87489655.jpg,341342,4fa4445a5a7e6b0c53a4e055f550f707883c5d674695480dd796865ca0c300b3
after,train,images,dataset_clean/train/images/69_png.rf.c6fe34cef62c84405e7993c551789009.jpg,342238,17b869f61e6aea00e137304400deaf804dabc55fe6e5066e73deea0ba681eeb6
after,train,images,dataset_clean/train/images/6_jpg.rf.2f70e77fbd0017e486fae73f938739c4.jpg,17719,c162e73bb15e60900de1ee64db845bb36aee8073f30814cf8dd6f2dd2d1dde01
after,train,images,dataset_clean/train/images/6_jpg.rf.5a9b17ab460f498d92dd78a7456b3de8.jpg,15822,79127842e7f7fac5c93fe258c95477e39ed38015ab031caf6a9bf61761535111
after,train,images,dataset_clean/train/images/6_jpg.rf.a3f78e54795d68cf45c987a6768b21e0.jpg,15618,3805a0ab0e43c77c94b979f8c601fdea8e2cb4d7645cfea7973500a28eb774a6
after,train,images,dataset_clean/train/images/6_png.rf.8099492210bf895f0a32aec5053c9d05.jpg,232490,cb5f50a7f85f290f017f80d7227346a829755087033c826c0c97a5d23a261a3e
after,train,images,dataset_clean/train/images/6_png.rf.93b01c80b2c081ed39cf7b254132a218.jpg,232584,ac003f919c65b43d3717aac4864ec3bd31e3db0f09de9a40bb977212c79cfd76
after,train,images,dataset_clean/train/images/6_png.rf.e526cca23fb4e5fb7f8cc53de5024c3b.jpg,232497,04e3606cff8085c20c526d40320a3e6ba8301f6f8e829b6296d01a56d188e6d1
after,train,images,dataset_clean/train/images/70_png.rf.1a776372a5bac55e793719a22fed5ccd.jpg,329227,a17055af333d66e40fcaf45fbd04d50055c1c13cf227df6f962c34e3da96c90a
after,train,images,dataset_clean/train/images/70_png.rf.3a1010ea284f6ee4f744581111c353c6.jpg,329291,e9895d89b3977cf314bfd4818f7ce3690d277960471efe651132273ed9ec0a7e
after,train,images,dataset_clean/train/images/70_png.rf.872f6bb56566272ff0579ab122d7114f.jpg,329740,82bfe754fabbc3dcf233272fbf293077a62b24b67f5c895193705863eeb2250d
after,train,images,dataset_clean/train/images/71_png.rf.7c69f1885d908c00b699c17acc6e3dbf.jpg,481779,46b97d43df81e47f3ae55af7e658529c44352479635b87a4649f6545bac5e869
after,train,images,dataset_clean/train/images/71_png.rf.9e831468cb229faa2b82cd943b7d0768.jpg,481649,954b77d1bb50e163398693bfba334668bb0f80a27023ecacdd38c9725268e396
after,train,images,dataset_clean/train/images/71_png.rf.d8a6eb37c1d0e2f102c93ce1c344b430.jpg,481627,00d2c61881b70c4a009b5302713a1662501a33274e6c99a164c6ed1e6f1a4a86
after,train,images,dataset_clean/train/images/72_png.rf.567babb17cf7dd9429397e2cd9b19356.jpg,491107,0e4ad29cca8be6efc326e759cb5ace2ff567f08578c64845fecd3ca5f557f994
after,train,images,dataset_clean/train/images/72_png.rf.9a71da2311bbd9049fa1ee3bcde9b5d7.jpg,489744,b388b9d5db9aaa44ae4ed744ebac8c5267b3e362a828846a2db0ef78d3a130fe
after,train,images,dataset_clean/train/images/72_png.rf.d4e234f2d016234c86a99ba669fee7c5.jpg,490154,3e3b5e6bf03dc61ae755dcdfd691f3b1d34421050a9ba49ed608d136405b8e4a
after,train,images,dataset_clean/train/images/73_png.rf.0ab6042915922656c204d9f8366b7337.jpg,368688,6c72eae8123a93e585382b9186e19fd2c9d1a4f9bede6e2113b57b30ac1984ab
after,train,images,dataset_clean/train/images/73_png.rf.8fbb37851c7c35f48223c71ec9c0e56b.jpg,366348,c292ce220348644fa802b6cfcd774e95a570b3605739d351bc386a8b268f433a
after,train,images,dataset_clean/train/images/73_png.rf.ca276eab08c64d328cf0846581bdc279.jpg,366578,278854f2736c74063817bd481e24e2e539b1f33016a3246f24db415de7f0b2bc
after,train,images,dataset_clean/train/images/76_png.rf.6fa1bb88ff3e8ebaa2f6829bc4a42c43.jpg,359301,5098ada2623d0eb9a667c8c9ef2c244bbeb4c6f2549b35a0446db94b3b7bd3c1
after,train,images,dataset_clean/train/images/76_png.rf.78d97cafbf41a4e40e8b92009d9cec9c.jpg,361505,ac1acfed5247530e25841008cf7b5dfe2f8b3a9e3406b8bda5f75cb63ab90c26
after,train,images,dataset_clean/train/images/76_png.rf.976073e98f7c495cc29abed415184c4f.jpg,359828,68d12b72d58444c1a753cae3191cc6d9a2aa04536e9a1dc95f20d3a0132805b0
after,train,images,dataset_clean/train/images/77_png.rf.4fa27fac08cdc88e6adae672873d7d74.jpg,194440,bf718698be2059df1816f763a17b14e3151f5cf53f7fc7e2dff858de1ff66641
after,train,images,dataset_clean/train/images/77_png.rf.57695959daa338ae74d6501b6e94b58b.jpg,195470,87eb9114ec5483e99e002242dd4afe21bd0a32b2d94214c2d9c1e71dcb7dfb93
after,train,images,dataset_clean/train/images/77_png.rf.6a39ad8bd94a18239fe597c4692dd821.jpg,195954,56f4409c6c739b15781f206a3e9964e1962d151aac21c3d50f675f79725102f8
after,train,images,dataset_clean/train/images/78_png.rf.4b88dbf0a7bab8474865115709062686.jpg,411046,67bed44e8d7a225229e927f357877009a78ca22bb57e1c8f1126635cd5ca3956
after,train,images,dataset_clean/train/images/78_png.rf.8230efc373c3b526fc27788a8e03c1cd.jpg,410659,e721be471f01a5c4aa5c2af715636fc54816230c062432af48ff2c6d36f55162
after,train,images,dataset_clean/train/images/78_png.rf.d97b63c59f2c1b0943e5d2b887b2ce37.jpg,410789,dd5b26095281802c5a5adb0a69b67428be3359ac44dfc073c8b385beac568664
after,train,images,dataset_clean/train/images/79_png.rf.493a54f4b6e11f27802e223071e984ee.jpg,340048,6c435b4431e3991cb0f285081306a6f5a91682c445b351f3c202e4e6471859c6
after,train,images,dataset_clean/train/images/79_png.rf.80d99fd1b3cd6490022250ce3aa77bce.jpg,339172,194d67e202edbeb4c2dc413892bbfa260c14b4e2149984367654593613e4a207
after,train,images,dataset_clean/train/images/79_png.rf.e43cdafc236509f5853807701418776c.jpg,339086,92f883e78497ad6e760c9b6257d9784b9a059ff4c6d4482794acd3c0feac78f1
after,train,images,dataset_clean/train/images/7_jpg.rf.4e4bb7ca031c3cc13ec1406765f585f0.jpg,17725,b3698bf48cf5d540eb27dbd27c98838dff76c2a78acc04273397728a155ece6b
after,train,images,dataset_clean/train/images/7_jpg.rf.72932d5b66f4acfd67b4be974fa2adbf.jpg,16814,1e310fe67fae147ba3da1bb322e432ef96b1bcae646d0aeab194d1569c8d9e28
after,train,images,dataset_clean/train/images/7_jpg.rf.7c79318b19a52297a541cbbc2ec25e0d.jpg,17691,eb203a115ba006cdb579ecbec3e0c5aef0471cc5d28d8a65447c52ffd53f6be6
after,train,images,dataset_clean/train/images/7_jpg.rf.a68e22df18eecda1cf1b0288e1045aed.jpg,17682,a3f47c1f7fc425c96b9b38eb4e5b78eb3ae5d8a2f2175c42d1bc77dc7535cda6
after,train,images,dataset_clean/train/images/7_png.rf.6bd4209b4fb0bae46f8bb5e6dc29818a.jpg,243681,13f1388c28554068e50cc99d9de11f715585a897c30d485413dffafa75df7cd9
after,train,images,dataset_clean/train/images/7_png.rf.95827d1360de1021a2c61e5cec3857e6.jpg,243682,de3e90ca80f291df873311bc15591ae26befb34d36ad55c9f06810a26e4e6ad9
after,train,images,dataset_clean/train/images/7_png.rf.ef3efb2b7afa70f7a30b5f7b4cf9669b.jpg,243549,75a3a8bbbc8d05b38e5c0a369552362d3735f2a0a8f3139dd254cbf76f5131be
after,train,images,dataset_clean/train/images/80_png.rf.33eb36c621f3f672931290ea9c5f994a.jpg,382221,c5a26cc55bee7d18337b8b9c3c9229118faf46a579f8ab40331ac9dd4bb66d72
after,train,images,dataset_clean/train/images/80_png.rf.59cc207b7e14babb05d2275011306806.jpg,382347,667f5f6a7d18a6ea57d4c9b135ece89d904ec5492e0117cced3b1c5acc83320b
after,train,images,dataset_clean/train/images/80_png.rf.8c2f70e586118eee127085e09adc0654.jpg,381885,be2a5cd5c85510caa6f1059b11a15ca5bf547e4268a1735c52010d4f7bfa8e98
after,train,images,dataset_clean/train/images/81_png.rf.6142ad6f926dc13a20c8499d6a053bbe.jpg,336644,bcf9f1d53a7d6a90bc612d41d4239a80a89228e1922521a9bd45c03eaad1a8cf
after,train,images,dataset_clean/train/images/81_png.rf.810599577df4ca434855d71c47a84bbf.jpg,337853,761903f4041e6f313b5c5882195ccd484f0ad56ff88d898081f368a1b3261e20
after,train,images,dataset_clean/train/images/81_png.rf.b17df7850a4fc3ac8d54503c5e73ab86.jpg,336386,c9d1d29acd8b77569f498467ccdbce1a91b2e04e20a729c2bc28964cc284e9ce
after,train,images,dataset_clean/train/images/82_png.rf.c3963d1c1911baaa158f23c64b54ce58.jpg,401284,d51fb2d91d09e5655ce30c49ba4b66ce04aae6af047cdbbafb60c9287c2cef57
after,train,images,dataset_clean/train/images/82_png.rf.eab485c0bc55529468518b36c3ab9824.jpg,401575,eaf6c428cfd07a8c931993cba8938c8b5839d76f3a92a423eb0e7fbca3929963
after,train,images,dataset_clean/train/images/82_png.rf.eacbdba29cc9435bf8b424d9322aa53e.jpg,401925,ca83734df81436f84061079639b0133c3d3a2d454df6fde6ac9f4d7b740939d7
after,train,images,dataset_clean/train/images/83_png.rf.9eeb7087dc369463c7133ae02ee4a550.jpg,410362,442878c34fcc15e6cd1f3eafff6d780eeadc0f58bb322ca3b34ccff028427158
after,train,images,dataset_clean/train/images/83_png.rf.a14357343d6f338422de89e7f6f5c9c1.jpg,409628,7f084a7d3b82b98a5d81b26f96a18984ebf5d5f4077bcb7d6cb9c22ee229926a
after,train,images,dataset_clean/train/images/83_png.rf.a280fcf0c677bf4ebe20ce639c7bfca4.jpg,409582,1276807c8f0648ecceaa40a1d95e9d2992150d18c6a31a4978a922425eff43f2
after,train,images,dataset_clean/train/images/84_png.rf.3b0ef1fd7c2d0e767e95c9bed80d51c6.jpg,298271,2ee57e34ceaa7f1c600f793e1f4570762fd6b5fb387c1ba715f65d5e679a4492
after,train,images,dataset_clean/train/images/84_png.rf.4b53f3e793f39e812a6aea555a8e5fd1.jpg,297132,2248d7f131e81543f9a01cb66d1fa6a6893aa6984782e755218cbd2ac9ee47ca
after,train,images,dataset_clean/train/images/84_png.rf.525874404be65eedc3250740c0c78f10.jpg,296611,54f5cf36bebf7b5c49f3e02bc6ce1c0409a4e2004590d3db95cce3384344e37e
after,train,images,dataset_clean/train/images/85_png.rf.1e91302a9ab128510797ecd558026879.jpg,320233,ed4e58db6d91f4c9e179b65c87f3736a82d842e8217352a091369c76cd9fd88e
after,train,images,dataset_clean/train/images/85_png.rf.68817535f884070e31c6bec399249d30.jpg,320233,ed4e58db6d91f4c9e179b65c87f3736a82d842e8217352a091369c76cd9fd88e
after,train,images,dataset_clean/train/images/85_png.rf.8479c7a5bb02ba17e7c377f3aa407da4.jpg,320706,94b1356d86fce695b2bdc0ce6d1b2ae28c0c513abf7888021f9b5ec2621f1c40
after,train,images,dataset_clean/train/images/86_png.rf.148f5a3231345d7189b7690276aebd5c.jpg,318734,61df65143b5b852312279ef33bfefb6664b0b6834cbcfe057c1c8b50c8947ed8
after,train,images,dataset_clean/train/images/86_png.rf.38d57ca1de279a337c9a04454a45f7d5.jpg,318850,166a60b0e97e8fbe463995224e626d29a41fa10fdd5d554645f84c73a558ffc6
after,train,images,dataset_clean/train/images/86_png.rf.7790fa56ded66bbb893f2e3581eea45b.jpg,318816,8f85e94cc5013d4e2640f3ee7e253636f35d4773a46f68abf12fc079c0c72ff6
after,train,images,dataset_clean/train/images/87_png.rf.bd01bd0e73990b7e5a1c79823eb87765.jpg,315660,62c1cb836cee497332931b969c53e5ca3ee873c40ce7c5508833667420705255
after,train,images,dataset_clean/train/images/87_png.rf.cc4e6ced8dd80d4c9b2bdb7bfa73f940.jpg,315474,c8606417335da5295f8d3e57a256bef8b6dc6904af97b450440baaac986c8969
after,train,images,dataset_clean/train/images/87_png.rf.d71101943dc71b5113df4a5aebbcb240.jpg,315615,b5145e129a1e70218dba0093c3edbfbd87398f5e1f96c41e567b9839f2031d8d
after,train,images,dataset_clean/train/images/88_png.rf.7c8a24d27a05224f4e354ae9c2c4059f.jpg,315077,5245aeae3a94887faca25105eab0bc57623f7f29aea1e2ad992b277cfff868a3
after,train,images,dataset_clean/train/images/88_png.rf.98b04ea82bf79a042338f46c7c6ad915.jpg,315069,b00f7dd397b4ab2a2830305c48ea4bc02f4b04d86ee8b591f40f7a19fa0072ed
after,train,images,dataset_clean/train/images/88_png.rf.9ed6903489d4272c8a076856db10733d.jpg,315173,04f49efd85f65540b259d13d51d5f6f46e3291d11b8e44c58e0079efc5916c76
after,train,images,dataset_clean/train/images/89_png.rf.4b546a7dee979ec0fde4e926a99aa054.jpg,345236,b0d1ce1e778fcd3b3604160ef3e193dca5f5af80fe8e6108b296decf87151c9d
after,train,images,dataset_clean/train/images/89_png.rf.9d6243a0cb0d0a2a0974e0c5e07ab52b.jpg,345520,7d19de3a78ec09fe007dbe65df1956428b6530d92375a7e26933c36a54701589
after,train,images,dataset_clean/train/images/89_png.rf.d594c6cf3caf3dfadbed55237ba72977.jpg,345581,b5c391cacce389923e02b75df31344f9ef096068b5de22cafad6762e239cf763
after,train,images,dataset_clean/train/images/8_jpg.rf.07941892e64f83cb8242a27bf7fe16f0.jpg,18169,3413ad1692b9aae6ba42ecb704387540ed88a23127412943d7cb64db7c9a8b74
after,train,images,dataset_clean/train/images/8_jpg.rf.103262c71bec804fe162150c80dabfac.jpg,18299,b2b28fb2afa869043ef2458f0e5c39edef1aa4907c09e935e6e45f9589cd59fc
after,train,images,dataset_clean/train/images/8_jpg.rf.44fb45ca2c49b635d8d01a19d253284f.jpg,17795,1adfa9f7b5c7f6050475a2dbdac1dba339c2a2d233725eb2d830802cf963d9c7
after,train,images,dataset_clean/train/images/8_jpg.rf.8bb8337004b12894d0e392e4060c20ad.jpg,18318,34ceaef89918299b3fa7a3dbb5080720b63a43888ff13ec0382110a6d1daf252
after,train,images,dataset_clean/train/images/8_png.rf.0d55bb927b936a3a582f7a3303b882ca.jpg,191815,2f61a9d4c24336ea567085a8ed987a5e1915bb606db4d4765e1433714c772813
after,train,images,dataset_clean/train/images/8_png.rf.31c378ccbab556c62e65f9e4b9cdccf0.jpg,190461,7ce1ea204fdf9f7947146a01efa6d8a96d3a7cb537e1fa131dd95b35232df1db
after,train,images,dataset_clean/train/images/8_png.rf.6d596c1ce122a55a56c90a7475f38f65.jpg,190668,9d5019713bd789adc1486f402d9a159afa64a342dd6dea6ce38e5089f61f40c4
after,train,images,dataset_clean/train/images/90_png.rf.405d0e613c5194e7555e5daee6774019.jpg,292541,c5e27ef4cc9408f415dfa52f7417d90f2fed2f281bda27e5173ab9c98f522485
after,train,images,dataset_clean/train/images/90_png.rf.a841ccaec0a388d059a3c6aa80654200.jpg,293165,4a30a451b88a391c51dfebda304b9a9e8747c48fba877a318f4535abced49d1c
after,train,images,dataset_clean/train/images/90_png.rf.c98f8254c7360b69ea96e65f0a3a3ab1.jpg,294961,526d7dabfae78fc532b00a2464cb76d9b901eef42d7a2999990e5daacd86f53e
after,train,images,dataset_clean/train/images/91_png.rf.0b4526b265e2213a0dae10883ac16a9f.jpg,296606,8b1da4d015468accdc7961400da76bf9da673f400bf81e0a6f54d5d2b8ed11af
after,train,images,dataset_clean/train/images/91_png.rf.e73ec180869f63b580b220273cf22955.jpg,296359,e7459011903e6ada237d80b884e982e605b11027ee2b2f861f6249c64b11cb5f
after,train,images,dataset_clean/train/images/91_png.rf.fe28299d384fa6761289b9eed2804ee4.jpg,296249,b8238e4cc31508fc78303020789f65aca301b31ccb0637d3c447c4c0aba2bca9
after,train,images,dataset_clean/train/images/92_png.rf.121f7283e32b518caef13e171fc80f1c.jpg,296155,23c615b35c4f8ec21f2d6f01647b339bdec45098a18463a636b0c3a6c58048d4
after,train,images,dataset_clean/train/images/92_png.rf.7eea2afdc7a2c7fabe2f58872c0889dd.jpg,296652,f6ae6101e8b6a87948e91d72c18ccc343d0b7081f9074e54b4fa36fdc9775d97
after,train,images,dataset_clean/train/images/92_png.rf.ef1175bcc174c31a163d2d68402f304e.jpg,295910,a729f842af2ae8568a5cc86185f1e6de58e18b3b93ea33536e1db6035a0ab3e5
after,train,images,dataset_clean/train/images/96_png.rf.dce8ec0188cf3882be26e3ac1ca781b4.jpg,253865,145a2f6575bd018a717f77b9f1cf795b2afa8f5cf5932424a323a358b9e257af
after,train,images,dataset_clean/train/images/96_png.rf.e32d2a39365cc364ddbec832509e678a.jpg,253948,456def6db6ec32bdedbd2c1509271fe1d7f7953580319f4675ad39a2c89aacd0
after,train,images,dataset_clean/train/images/96_png.rf.fde9ebaec670722bf861b6d05826d08a.jpg,253774,ff109f7063a30fcb0bf5c90e4a800aa9e69e5b582891d0d77e3b184798d629fe
after,train,images,dataset_clean/train/images/97_png.rf.0212ce74557899ba77ef1d7ad8ec9eb4.jpg,288755,cf2a0dadb386ce64de3cf858275bb3bf48896e94e4c6225e6d3cdf80b78ff696
after,train,images,dataset_clean/train/images/97_png.rf.96a96582846d2b8357e7141b5d0af953.jpg,289336,40b2d996d5db45e4ee423495a013c2a01149c6b0d0b13a2834ec0e4369617684
after,train,images,dataset_clean/train/images/97_png.rf.e12c4ba7bd4840d2b8af30f97c4f5b90.jpg,289353,8bad6cbb73ef4c2b6557e0fc22a171b32c8529131f3ef61af7e2689359e4e7a4
after,train,images,dataset_clean/train/images/98_png.rf.1857c57f9b93a52734d44b8b90b8f139.jpg,365041,671011a32c2b128adf31fddaa3cf071d6b8da36c9df2b5b3b8fb198d7f820ecb
after,train,images,dataset_clean/train/images/98_png.rf.c59c589b432a3a7225893cc2e47ab7ae.jpg,364820,d36e3865cf55fd68e88670ebc0e523fff6946369cab9d44c4b95b56abfcc3051
after,train,images,dataset_clean/train/images/98_png.rf.e98e2f614d864e8527db3a92d9dd695e.jpg,364814,16c868375131f0cd982e1f048671561f9bf4da2d713442e4cb46f309c6901b02
after,train,images,dataset_clean/train/images/99_png.rf.34137a65d41c31450d8d59d0dc6d491e.jpg,350954,ddd32e4ae147b53bfeec7ae7a5c35dbe1b0588c6369a39a1618e47711f1e142b
after,train,images,dataset_clean/train/images/99_png.rf.406e54a9c2e2a8cf5189c2d0aaf43db7.jpg,350554,349301dc8fa7581bef49aca36532a0505f6937c0c700185cb18c9abbf772d0df
after,train,images,dataset_clean/train/images/99_png.rf.dab43dd31123a4eefc29c218b30ec3ac.jpg,350796,6fb456de0280eb0b96198613255afa7e0a36fc547b775a34acf6845d7a51c426
after,train,images,dataset_clean/train/images/9_jpg.rf.0424c76a10bd2e3854d0ad8ecd2beb87.jpg,16297,16a99bf4cfec78d2eba63c0857c5022cbafc91f90b701d03578ede48ba474c16
after,train,images,dataset_clean/train/images/9_jpg.rf.2a5c98ab58b54e3d2de41b37304a7119.jpg,16163,d8bd2d1d0e8d50d23013ce5f57e6afcc9e2510f2d8e9fcfe87bb3f8d1d4f54e9
after,train,images,dataset_clean/train/images/9_jpg.rf.4487dbee932b158694cd583a2fed2953.jpg,16045,30af99e3133579b2642b814c43e7d86f9af1ded0d9b090f35163977db523ac68
after,train,images,dataset_clean/train/images/9_jpg.rf.692aa1cbef8b6ada95ce9f0628b73383.jpg,15228,671fcdc3c58c433202a4bb582b9d7f99adc4af498ac45972f171476ffcce5ef0
after,train,images,dataset_clean/train/images/9_jpg.rf.d6e0082936af5e619ab3fc2fa92dbfe8.jpg,15211,f8bffb17dee0c4a3d7ca98d78a6eb938178809ee0f58facc63130fc1c65e89cf
after,train,images,dataset_clean/train/images/9_jpg.rf.e14d437982a13b4d2486decfef16dc60.jpg,16031,84cbd3d9a4441c5106eddf93ad48f72501bfd69ba4c1c2af8a91e39a17155832
after,train,images,dataset_clean/train/images/9_png.rf.382da8cd1156c56c6dbabdd01c6e627e.jpg,196184,212d5697cd13983e1c33123c82e60388c81870e92651834f4fbb6078c828e147
after,train,images,dataset_clean/train/images/9_png.rf.4c379d30aabd6d01079b86f94062dfb4.jpg,196343,9fe5b1b43b9fd9cbe77da24019df6a65e2c62c707c2d1edcc36f4faefe25733c
after,train,images,dataset_clean/train/images/9_png.rf.7f65239523c8405d875ae8a631bf5058.jpg,196543,3fc43bd08b696374621086773d4f646af018150d056a24998398fd79d5d96dd4
after,train,images,dataset_clean/train/images/T_10_20190607_075451_jpg.rf.2e7970c339cf3f3483c5685a9a1da6a9.jpg,19509,7572248386d74dc95f2157679be01dfbd7bf34ab9f264aeb7b7668f077f17f18
after,train,images,dataset_clean/train/images/T_10_20190607_075451_jpg.rf.5af3314d9a59cfc46de03fd6716b1140.jpg,18775,fe022d0a10c57e567243727b33b40f7fefe5cff47c7224c9d2c07ea0a0bb4153
after,train,images,dataset_clean/train/images/T_10_20190607_075451_jpg.rf.62319846b0e61c7ca8e2697d1c81c193.jpg,19041,685c4bde9ed8bdf229545822ea2c1f962a459257cf8836a67aab20fd91af2cdf
after,train,images,dataset_clean/train/images/T_10_20190607_075451_jpg.rf.79e945013c2206ba77170d1821a42bb5.jpg,18686,41ba37cde056ead5a6eaf8a4792afbcdb6f9fbf51db07eedaaa226b2c67ec3fd
after,train,images,dataset_clean/train/images/T_10_20190607_075451_jpg.rf.dc2214fe0fb4f708e8c3d7f6c7cd1b30.jpg,18845,3f75220500078e0746815d5f0d2bffab407477595d4f678aca5b380099f47abb
after,train,images,dataset_clean/train/images/T_10_20190607_075451_jpg.rf.f4c23ef5080090347ca9537fe5982196.jpg,18683,212648ef324c71bd4edf2cf34e8430679f20ade851915ab7ec3b32a6dec48648
after,train,images,dataset_clean/train/images/T_12_20190607_080302_jpg.rf.57bc394a422d54454cec44f347192eed.jpg,16187,8309a7f592291981b6b1b09973d038a1d817108390725d454042285c9f05bf56
after,train,images,dataset_clean/train/images/T_12_20190607_080302_jpg.rf.7d86e3e10672ac12f49b75696cf9d019.jpg,15313,3a52a86d9130b1368e3f9a1624d2d548366b9b493a9244a2cb8862922b7dceca
after,train,images,dataset_clean/train/images/T_12_20190607_080302_jpg.rf.82bd62b841247f85b2130a88f8e7f1e6.jpg,15801,6e2b845b867b2c13bf0513fb642277c7bd2d3a3c10023a85fec5f7159ce4744a
after,train,images,dataset_clean/train/images/T_12_20190607_080302_jpg.rf.a5a360794707ff6b94fd65775ac4c1a7.jpg,16242,8a0dd0104170f23c128a277245ed9915990c6fdc9ebac2797bf676c0ceffc4f6
after,train,images,dataset_clean/train/images/T_13_20190607_081201_jpg.rf.170260fe5075d3d807f4e81134aceb34.jpg,20098,6faaaf99eb5b28b3e987ae5056048a40c978d8baf491fc796c07df8a61288792
after,train,images,dataset_clean/train/images/T_13_20190607_081201_jpg.rf.590625bfe4bec369aac5bf20d15cd74a.jpg,19233,39100dcdbb1bf2e994ed8d9997663656a66c1d738b95090738d4693b46f73a45
after,train,images,dataset_clean/train/images/T_13_20190607_081201_jpg.rf.f1792093d0346d515fba63d1da0e28e5.jpg,19435,f28a65fb3279d0a5a5799c5ded68da14ee686548ddbbfedb48476324572a3d32
after,train,images,dataset_clean/train/images/T_14_20190607_083121_jpg.rf.153937f46fe199c7b05fd792fd201325.jpg,18954,0c5b46a416b9cd37c6c86bebeaa9c9963a9e4150e0de222c8c960fc30180379e
after,train,images,dataset_clean/train/images/T_14_20190607_083121_jpg.rf.5d35ae4cfedc5231ad1ed0dc99c2bb4a.jpg,18102,3dd03e9ec02ae27abdee1b18a667be1e5bc54415968c72e83c6a14c4850b0556
after,train,images,dataset_clean/train/images/T_14_20190607_083121_jpg.rf.69c8195a6c99c684fb8a2f593fbff3d3.jpg,19095,e44f1f0fa3199cdd8deed85f3bb1f437685f4cd78247ca69b37025522e8ed7df
after,train,images,dataset_clean/train/images/T_14_20190607_083121_jpg.rf.6c6f4db074a24ca46a41c0c15e920824.jpg,18782,3145cb79d494e3173342418f9bf4b56a9d58dee405315b88dfbefcaec09a0213
after,train,images,dataset_clean/train/images/T_14_20190607_083121_jpg.rf.8064e28a513e5229ca6bfd129e9c3e3b.jpg,18967,c7a06aeec4807127bb19af11c39f5c3d87d72e337d321d6450d35652e390d4c5
after,train,images,dataset_clean/train/images/T_14_20190607_083121_jpg.rf.82d2f31b8bd3c8550f0af1d4b60118c8.jpg,19724,2427136bcbe87de7bc1ccf16d8716889b3a88097e66d737ca7f0f98151e01af2
after,train,images,dataset_clean/train/images/T_14_20190607_083121_jpg.rf.8da6af5708bde23629b50567ec301a90.jpg,19064,c57b907865e545716837f922b0819aafe0b0f09512d1250663b5bf90fd4c66a7
after,train,images,dataset_clean/train/images/T_17_20190608_080434_jpg.rf.737772fe36d9c15cf9c4707e99a0c086.jpg,19450,04c1c6ef00ea7e0f649979e4aafca02a8b5255f4e2179e1a6e146b46ee8e2525
after,train,images,dataset_clean/train/images/T_17_20190608_080434_jpg.rf.75d490d3477937b62b5ad5de5e9dc1eb.jpg,19176,274526a9c89a55db3e8026287a89607545154e659b05991fd7ec834458817a04
after,train,images,dataset_clean/train/images/T_17_20190608_080434_jpg.rf.be0535738f2cb09d74c07311252069d4.jpg,20238,84ed1870e172bbb21ff77d25a9d79cb525d9d941f40bb23d538b82dcad51e0d8
after,train,images,dataset_clean/train/images/T_17_20190608_080434_jpg.rf.cf14119f00cbe4ea48c39269a93df382.jpg,18353,d90067e00187b38319663e2d1a936922d0974dcd5b7ded8710d7d1e752f3f08e
after,train,images,dataset_clean/train/images/T_17_20190608_080434_jpg.rf.e184995e1b92b0abd504b34fb289e23c.jpg,19163,17b3bdb2dcc5ce2199acb7f1a21d7fe09fd59466bbce78e6dd1abeb4b93312ac
after,train,images,dataset_clean/train/images/T_17_20190608_080434_jpg.rf.eee8ea7dc893e6ca9bf4348d81b7bcc5.jpg,18485,9f6b254aa00f833829506bc90ded69d92d5d7af6b7465d6c71af5759a26cfbfb
after,train,images,dataset_clean/train/images/T_17_20190608_080434_jpg.rf.ef14946b690b8e4bfb84256737d1335e.jpg,19576,59b522bbc3434823f64768591a5335622507a450861bb2d4fef52dd0a347e11c
after,train,images,dataset_clean/train/images/T_17_20190608_080434_jpg.rf.f4a5f6c7c7788a1aed5ba6bc5b92f379.jpg,19139,3e55c023f3c39dba690cea6c9d878c5a7c0f937417b7fb8ca9d8013a4a693dd7
after,train,images,dataset_clean/train/images/T_17_20190608_080434_jpg.rf.ff5061ce52e47cbe8db0de7173286af6.jpg,18692,0f3dad22a823ededca38f496585ea9a68ebbe3b7ca3f55777d46246038be7871
after,train,images,dataset_clean/train/images/T_18_20190608_081326_jpg.rf.0350ce01248f3147562f68f94a36913b.jpg,17663,59e911e6bd4a15a6a822923dd9e33ae924bfd4e0833dc488d9d65f05cdf0055f
after,train,images,dataset_clean/train/images/T_18_20190608_081326_jpg.rf.200b369a05f243a0b21d90edeed9aa03.jpg,18088,a81f8fdabaccbbecb38474012bdd69f782dc4457e8575864719a7669c38d9e04
after,train,images,dataset_clean/train/images/T_18_20190608_081326_jpg.rf.731e5c5ffb96913f787c695470c27274.jpg,18223,70c47076871c6b21f9d68597d4d44ad92c2270d8f92c24e3a563848aaa64119e
after,train,images,dataset_clean/train/images/T_18_20190608_081326_jpg.rf.b6e35752085a0c1999abf64eee395ac0.jpg,18230,e2b53a62546c458e0eda0c02d2963ec6be9c62a6c207fe543af4db70ba06b69f
after,train,images,dataset_clean/train/images/T_18_20190608_081326_jpg.rf.e8ea3c04acca1e7e65512587d8f25c92.jpg,18495,134cd2fbc94fa51a626e76c35df8c399aaedd992887778ae4bc1dce833901505
after,train,images,dataset_clean/train/images/T_20_20190608_082624_jpg.rf.1a67c86b6a5b67dba9703dc15cba9694.jpg,16441,69af079e9571b2451f7aed48d0845e87abb3a6b37e43c6cd5f0b411d78241233
after,train,images,dataset_clean/train/images/T_20_20190608_082624_jpg.rf.2b18177f45428a837c3349af903ec558.jpg,16475,891ef436d259aeb6c04df90cbaed6bd3b6d9e149dbdf5d0df845601960dd23da
after,train,images,dataset_clean/train/images/T_20_20190608_082624_jpg.rf.eaf3776cf29c6e9e90f36a9e7a9acd1c.jpg,16037,d7be43b074699aa3dc7ab82f4016a45b28a2a2ac8ae4d356c85f130736f25fb3
after,train,images,dataset_clean/train/images/T_20_20190608_082624_jpg.rf.f54ed38be5bfb34d2683bc105f5b976b.jpg,17266,be7015b5610f73507e0147d58d85fecf7e126ad68b19ccf2781acf09aeef8193
after,train,images,dataset_clean/train/images/T_22_20190608_084856_jpg.rf.303726b7729895cb1f7c2c61e5b03fc4.jpg,17220,c8501ad2449198cfc952271d6fe40fd54490af9936fe5c8de6b71f68a5c7d0ae
after,train,images,dataset_clean/train/images/T_22_20190608_084856_jpg.rf.a5b01c09047d92362665d15747ec3ff6.jpg,17963,2b45c1ff3cdda85f0f511c2bd2d151cd51e212949f315711c9afde062b6f0ab2
after,train,images,dataset_clean/train/images/T_22_20190608_084856_jpg.rf.cf0f5374ee8633b8caa5e162a68d0bcb.jpg,16857,91a77433a01ded1d50f6f5a51325bfe6464f16aa2f7da742795455a91d44cc69
after,train,images,dataset_clean/train/images/T_22_20190608_084856_jpg.rf.d8b6334d124bf0a0a1fabe3146fbf0df.jpg,18263,65a5ca2a47d3a82ce3c50c2458ed8e3ad251f4e693f1caa4e83d94236096b165
after,train,images,dataset_clean/train/images/T_22_20190608_084856_jpg.rf.dad3b454cf441d13a1f9d181a3d1b3ec.jpg,17588,74ea4b297d7ab3d3b72bc66e354e4d03fe1cf2a72a6085624086a7d7d44db60d
after,train,images,dataset_clean/train/images/T_22_20190608_084856_jpg.rf.e8e873e60e057da94fc2de54e747ef8c.jpg,17827,9ae95ef74126b2eca100c4a63dc192881070762b41a256c4d1f7b0bcd9db80a5
after,train,images,dataset_clean/train/images/T_23_20190608_090427_jpg.rf.10c81d88433efd4cbd40854d4b904b34.jpg,17774,fc903df1a42485ff45398725993b87775cbe824c27e492d3d1eae58a80992ba0
after,train,images,dataset_clean/train/images/T_23_20190608_090427_jpg.rf.12c904625881147a10385d6dba7d3fc6.jpg,18124,3fa401d8be2a5bba2e6315d217a521515e0f15f88266eb01f311ae01c109b4db
after,train,images,dataset_clean/train/images/T_23_20190608_090427_jpg.rf.2d8ea519d861266414a41316160d66f1.jpg,18465,1de69feba7bbac860bae7aace40b7f7e43a5fd2f26724a03ee1cea8976a57ee0
after,train,images,dataset_clean/train/images/T_23_20190608_090427_jpg.rf.452ebbbae8b1b30883da132329fb9fcb.jpg,17698,d1790589bec50c50064a248ea66087eab5c3f54235c213d848cf6cb76285a9bd
after,train,images,dataset_clean/train/images/T_23_20190608_090427_jpg.rf.7e9729cefb9438b26d4e0af8154c1cac.jpg,17776,9d2281d800b631dac11ef0740bd6c724a3e8d4bfee6de437520081d993dbeec9
after,train,images,dataset_clean/train/images/T_23_20190608_090427_jpg.rf.cbfedd93028c21f87488a31033a53edd.jpg,18187,677fe880c08209abebd4b3dffe61be96e1a17fae7af9196ea4f5de56b3b47f12
after,train,images,dataset_clean/train/images/T_24_20190608_091157_jpg.rf.34781eb1d5b37457f71370860a1e8ab5.jpg,20442,ee11116df17e9b520b71b4d942f652df0ca306afa3c7a45d747ff8300475254b
after,train,images,dataset_clean/train/images/T_24_20190608_091157_jpg.rf.3848a659c7abb9dbb1f28a6c35f72ba7.jpg,21432,448379591cdd058f0e54ec775c5feb1a0b6d334f035b45281b098b2a71f3af82
after,train,images,dataset_clean/train/images/T_24_20190608_091157_jpg.rf.3994ea0b16a96391b8db966d853b8121.jpg,19726,ae397b4028146829e1dc8b72a57ce6795c8314757430877636704e14b7f7af31
after,train,images,dataset_clean/train/images/T_24_20190608_091157_jpg.rf.7d3d05ccfbcd75bc5f07b5cb7fa7163a.jpg,21215,9e888665023b2a00af61be2fb622854bcc8edd7adc8dbf6cca48061510a24f1a
after,train,images,dataset_clean/train/images/T_24_20190608_091157_jpg.rf.8fe1ccad6224d03270a780707c5d671c.jpg,20811,95fad79fe258339e00ccdc5ca676f0193d559721fdedba403b61324d9fa6bbee
after,train,images,dataset_clean/train/images/T_24_20190608_091157_jpg.rf.a1ed5d0d57736136eab19cf1a5efad41.jpg,19607,5314c89f200f463e014828791d0ab293ec872621605deb540c5d76dc65c6ef20
after,train,images,dataset_clean/train/images/T_24_20190608_091157_jpg.rf.a963912717b372ff61434f7025159d0f.jpg,20032,c89c197b9a29a7443c1c6caa388fa097a5572955120f8477145617de60338995
after,train,images,dataset_clean/train/images/T_24_20190608_091157_jpg.rf.bfa94e0b5d75210c2b73c3e89b9b7db1.jpg,20545,997b759fda7fcc60da9fea7c50b8055a4ba4b68aa1a263518cc50ad2b5bf36a9
after,train,images,dataset_clean/train/images/T_24_20190608_091157_jpg.rf.c050d32b964e59d6232e54bd5df46249.jpg,19637,a183c95b6ea1d7f8bddc676c6a0be1721c669a1a72b6fe24515649cbcefcd2f9
after,train,images,dataset_clean/train/images/T_25_20190608_092503_jpg.rf.23115f92d780a94a3116bd9d30c56e5d.jpg,16092,bde2b5a53b161e939e7f8f70d7d82482335baa16a87499cf12c4664ea2ea1a20
after,train,images,dataset_clean/train/images/T_25_20190608_092503_jpg.rf.28dad3429218da6d8237da0ea9669d0d.jpg,16820,a775f299e7ee1f11af9d7ab6b9e50756e767185edeb9f0391764521965a878c1
after,train,images,dataset_clean/train/images/T_25_20190608_092503_jpg.rf.7dbbf3e2425e8ba2d72db7b3728d41aa.jpg,16518,fba6697817f9c2b55b4102b6c4473c53fbb1d2cbe828473ab52494fa4644afc6
after,train,images,dataset_clean/train/images/T_25_20190608_092503_jpg.rf.cf7ba67a7293d37ec22fdecfd6807ff1.jpg,16918,f4e2d9290dfccd86ddf3ab6c98de46623a6986dd33c79263175e2944dba3a620
after,train,images,dataset_clean/train/images/T_25_20190608_092503_jpg.rf.e64289ef2c96ddb00a3e7e5bbbd0ddd7.jpg,16683,ceb96670afa71be066ad640ed9bdd72ff5fe61bd097e00f1aa7e562ccd4d2cf3
after,train,images,dataset_clean/train/images/T_27_20190608_100451_jpg.rf.5db8b7e7c909e51706d542adc4353de3.jpg,16264,ac73060b30fe102396503302044f8a847c0dc9ab29dbce1984f66b02286fd4e6
after,train,images,dataset_clean/train/images/T_27_20190608_100451_jpg.rf.872af632ba51d62a3ac459a7e2dabbbb.jpg,17026,9603059753066b4375481a1ee0cea49ec64e8e2bee6a714c14381df3252d7667
after,train,images,dataset_clean/train/images/T_27_20190608_100451_jpg.rf.8f88624df99a5367067270bbc824048c.jpg,16569,eb8e1b0738673a10e02c206fbac2e12d6f7b35791c87027b9976c4ae09c31e46
after,train,images,dataset_clean/train/images/T_27_20190608_100451_jpg.rf.d7ec0094376e245135284de2bff0aa7c.jpg,17125,12481f51859631e91b7dc7ad169121632e924b967ae1329d5d2c25cb98932a72
after,train,images,dataset_clean/train/images/T_27_20190608_100451_jpg.rf.ff0bc9492ee4f335a9da64ccd718da1b.jpg,16247,369986069b9b82a56ab095b48f2a3732b38b13522aab20602245d1581c5bd159
after,train,images,dataset_clean/train/images/T_29_20190608_110432_jpg.rf.1cc4c46f90e105315c48edf44cd03be7.jpg,19072,e1a692dabd55f8e81687f57d499254c0f8082a305844c406836f0a6b233e7adc
after,train,images,dataset_clean/train/images/T_29_20190608_110432_jpg.rf.1f1eeb64925113dd509f6d345fdffca4.jpg,19325,6d64507aff91b6b36ae47add59fc5640c6edc2e58fa03269498ab13c7ec4f474
after,train,images,dataset_clean/train/images/T_29_20190608_110432_jpg.rf.6340ca8e19020187bd0ad9337330f8b2.jpg,19907,7422086f9a8f845ed5de27377d01f880b5bbaccaf5ffd0c958a11024747fb895
after,train,images,dataset_clean/train/images/T_29_20190608_110432_jpg.rf.ad0a45d95ddcd51877a4022990346abe.jpg,19292,8823cad58ec493e6a9247160c4ed223fc6cbf2b6461923458166c1264a4ce477
after,train,images,dataset_clean/train/images/T_2_20190606_093707_jpg.rf.335060cc24f79e931979482005f541a0.jpg,17563,29eaf00b49f71fc776296c611534e8406739667b02fd4b046a1c6ad7c9ce4546
after,train,images,dataset_clean/train/images/T_2_20190606_093707_jpg.rf.501c39d63a0847088d1b7e935fdea6df.jpg,18338,9b7c0d8ddfb292fc72d3dc346920142d3cd645d951ae44dbe6e55267faae3c6f
after,train,images,dataset_clean/train/images/T_2_20190606_093707_jpg.rf.93abcef1c99acffc90b383bcf800738d.jpg,17685,cff11ab4aa74fb9b1c1062b9d78699b889a1a2805bebd0d5d117baa36ef4a351
after,train,images,dataset_clean/train/images/T_30_20190608_113211_jpg.rf.1ffc3a42a626805e7f47f0737da2d777.jpg,19926,a693449680fae6346b2554ad61f03fdb9f2d2df15fbb1d8730d84d8063c9f976
after,train,images,dataset_clean/train/images/T_30_20190608_113211_jpg.rf.79b476364a4cab7c833afbed6cffe921.jpg,18644,50826b2bbe127fa72df8161ed12b1ec05e3d58e4c00d0a9dd6b1c79d20b09a28
after,train,images,dataset_clean/train/images/T_30_20190608_113211_jpg.rf.9c81e298b67ce83d0d65bfe82e0f2e53.jpg,18634,23046b12b715b20547581a8807827faffc048e86388e414079f5bdd93a3bc858
after,train,images,dataset_clean/train/images/T_30_20190608_113211_jpg.rf.a24c4273712a291c6d71eab534c68907.jpg,18587,70d2f47f69563afa653b09c1397e9a4fc9a24f5bf18c8a6eb21a1794f1c6b5c2
after,train,images,dataset_clean/train/images/T_30_20190608_113211_jpg.rf.a33cc6bdd64a8748da3e7aca7066929d.jpg,19461,7ae9c929ad017da46bfa91795c3673532d58a536c01a642e444fd2246906cd21
after,train,images,dataset_clean/train/images/T_30_20190608_113211_jpg.rf.c24df1b0cc8b80c529240cd0e819d83e.jpg,19498,b8db27dd4b5cd87f207e02909f59ee9a32be02bcda24facbc0a5cf8ac014c5f6
after,train,images,dataset_clean/train/images/T_30_20190608_113211_jpg.rf.e89b577fc2fa5ffc3039dd23046ce443.jpg,18781,116e79b1a2b2abe52f935b94ae427ad6e47e352c5dd0ab735b424833c99c44da
after,train,images,dataset_clean/train/images/T_31_20190608_113406_jpg.rf.13d36e88e5e5de31a86eef880cc1f681.jpg,14449,496b275533a8a9b2f5eec387bfac9af77ca1b9af16243d0f4986f8f6ec5a0638
after,train,images,dataset_clean/train/images/T_31_20190608_113406_jpg.rf.91344cc38b20004eb2e8cbb874175aea.jpg,16186,a58038ae292a7ce63ad5c67a8846582fae975e1daf5b1d94a89c36c3eed0131a
after,train,images,dataset_clean/train/images/T_31_20190608_113406_jpg.rf.a89cda70425785c87673361cfad20285.jpg,15807,f145dbd579a2cc0598c476970d38ef122373f16e0df25b9ed0249e7822099b84
after,train,images,dataset_clean/train/images/T_31_20190608_113406_jpg.rf.e0378f660a06cc348a255fa43892e514.jpg,15391,e60dc1fb6ceeecf4d46566c1b1739997e473d13a98fd6ed15957a61d445d67f5
after,train,images,dataset_clean/train/images/T_32_20190610_075738_jpg.rf.19174e33a438a7f7e89635c4cfca1465.jpg,18911,d725a8e6de7b947e56e04ecbc57c505cf4794ce7f483f58643cbd5471b8941d6
after,train,images,dataset_clean/train/images/T_32_20190610_075738_jpg.rf.1ecd934cdca00b7bd69e8f9f0e008098.jpg,18641,8aa8b7a6014675471b516e41f9826626728513ce31eef9684b38332cb3390d79
after,train,images,dataset_clean/train/images/T_32_20190610_075738_jpg.rf.4cfcc23c8bda9644aad4fd049e4a0713.jpg,18689,a1ab3710a7c3c49e0298b561ab2cd9300f3098af810aed345561340bc4095d02
after,train,images,dataset_clean/train/images/T_32_20190610_075738_jpg.rf.50a34a5d8074dbd02fee8e88b4053c83.jpg,19356,ee4b15a5de61d7431f857e234d3f86ee1b74554413645b6bcd98e231ede07e3f
after,train,images,dataset_clean/train/images/T_32_20190610_075738_jpg.rf.8d0d89371690e3fa1ed644777f5887df.jpg,18247,8512d824a02135515bcac92ae188a365ab590eba52966b3f0596ffcf9a1a1728
after,train,images,dataset_clean/train/images/T_32_20190610_075738_jpg.rf.b90728121d2bf40cbe564a3a92aceffe.jpg,17810,ae5b0fedcf7661e9a1684fdb61740dc5220cba4bbb2dfb51791d4fd7ddddf9de
after,train,images,dataset_clean/train/images/T_32_20190610_075738_jpg.rf.d55b3d9e5987b4337f6aaff1a1302137.jpg,18307,d7e37ee8654e6256c2f4c004e1b20f4ec7cffa872301ff42abdbbb36e9780e4b
after,train,images,dataset_clean/train/images/T_32_20190610_075738_jpg.rf.e5cc6f4aeb4c05eadce623478440f893.jpg,18770,18467566eacfb40583e7f3b8770f3f99aa9ec80b1c7469bffc5ba4fc18695ec4
after,train,images,dataset_clean/train/images/T_32_20190610_075738_jpg.rf.eb9acb5e11eba38bab551921835ba5df.jpg,18550,5f47077868c9d880b905b19acb9edf49e58255b84c9436fc7cd340622874e1f0
after,train,images,dataset_clean/train/images/T_33_20190610_075938_jpg.rf.24693511386c1a71d872ab4e953a4dbb.jpg,17572,5048964bc5eaf83d21cca6039b252108a7e20177ea0956b0af14a78962a7320e
after,train,images,dataset_clean/train/images/T_34_20190610_083355_jpg.rf.9561f9a1fd3b17783d972f139a141328.jpg,15438,589276cd6e868c0df3f601102aa5b190e785202c27a4f3e0bb3b50d0eec4ea8d
after,train,images,dataset_clean/train/images/T_35_20190610_084118_jpg.rf.1c2da0dda4ad5db3d4b6863e4f86dcc6.jpg,17307,6909296cc91b8d1a043371b2b927596b918bf10fdb5a0bc168d6d0784805abe6
after,train,images,dataset_clean/train/images/T_35_20190610_084118_jpg.rf.d044135de35932ec42d595acc96d2a37.jpg,17304,926760aa5d3578336b15d33207dc814d02b695307665605cd307897238dc3c33
after,train,images,dataset_clean/train/images/T_35_20190610_084118_jpg.rf.f2315d20d1346656277593bec9f3b389.jpg,17609,3405aa8d05313e4d090319c2feeecc697bbdad7afc0774dfbcb1d5becb56e24d
after,train,images,dataset_clean/train/images/T_37_20190610_085835_jpg.rf.0687264c9cc0afdabe0f3d76a784d43a.jpg,16553,f3eb4ba6a3e6c1227f7d67fda469cfc6b8f8fa32d961c243cc7ad7a795f6cc60
after,train,images,dataset_clean/train/images/T_37_20190610_085835_jpg.rf.5eed56bbf65468261df6cd7be9b79a61.jpg,16911,51a7d978ca095e86583dee2bb9352c371b70757e0d88e15f0fbccac535208378
after,train,images,dataset_clean/train/images/T_37_20190610_085835_jpg.rf.8a855d06dc425fa17ea22b3b1f12fa7d.jpg,16119,a98e4d6d9ff40fb04d3ffe334ebdff55a69d125ccd00ab3d4775c02e5754188f
after,train,images,dataset_clean/train/images/T_37_20190610_085835_jpg.rf.959d92b54f4544e81f2ce6a2868e6527.jpg,17058,af5f15dd1099f124741269bf3e643adfd916cea321e25a6ca06ab07e48a2fbf0
after,train,images,dataset_clean/train/images/T_37_20190610_085835_jpg.rf.bcea3edb0327722668c2a8e76a7a7a00.jpg,17011,242c902c49561ecbd0781da337e6b5d50e8bc1ce1ebbc3ab23f84423601838bf
after,train,images,dataset_clean/train/images/T_37_20190610_085835_jpg.rf.e888441f90562b6ce1860c5da2490458.jpg,17705,c27e2280d3c3cd348c09897fc4a0408fa831ad3b89fddd579a297409ea58c103
after,train,images,dataset_clean/train/images/T_37_20190610_085835_jpg.rf.f1ae5102af87ca5da4611b52a89d1353.jpg,17050,2d540362f20f29285e40966ea2c1470e89dfc3b9dc63673efc9c2703079ce20c
after,train,images,dataset_clean/train/images/T_37_20190610_085835_jpg.rf.f26c2f3bd03082fe52e59b2c3795d7c6.jpg,16987,2be47479e739bafd0e0050d66aa26388d9133fb8f341beed0a00c28447fea177
after,train,images,dataset_clean/train/images/T_37_20190610_085835_jpg.rf.f56ec4a1d70c8ec2ba9d6fcb2485a514.jpg,16989,cb117c31c7da6494ee1957cedcc5eea01d12c1aed08873d400a43772ff539749
after,train,images,dataset_clean/train/images/T_40_20190611_080529_jpg.rf.741642c4518febe92a1dfe6c47211eaf.jpg,19310,98f17913796fc8a55d45d0ab6210406ee49a827d5b05a2ad141078993987b750
after,train,images,dataset_clean/train/images/T_40_20190611_080529_jpg.rf.962d49159b05a4b0c59b127a6aa7052c.jpg,19865,43c8e7afa1697ab484657a6479f578bc08878fa815c0bc645698aa257164b20e
after,train,images,dataset_clean/train/images/T_40_20190611_080529_jpg.rf.ab3b68d6ee8fbed94051e2e906cfc78a.jpg,19337,e3dc67836a50d0055433036cacea97f091270071659b9f2feff4c489ce4d75be
after,train,images,dataset_clean/train/images/T_42_20190611_082701_jpg.rf.35c7aaa9265e3ab0c7da450adcc6425b.jpg,18257,fff09ea94ddd4e5d127f09f8361f816f438951888306480af1b1ea042ba5e2aa
after,train,images,dataset_clean/train/images/T_42_20190611_082701_jpg.rf.705da5023dcd7879600266f0e246bb89.jpg,18318,3a87ec8ffed2b526af6b6c240fd4256e2c8aaa28e72bd209ef2ea2c8dfee5ef8
after,train,images,dataset_clean/train/images/T_42_20190611_082701_jpg.rf.710ecf92791018caf1b767c29ce38ed6.jpg,17938,fcea5929f28e30c8961ede596658e64d3e03d8ab0c9d4868a8aa25b6ba708692
after,train,images,dataset_clean/train/images/T_42_20190611_082701_jpg.rf.760bf10367e9bf9f3d18100763d4471e.jpg,19111,f3aca8d7422d4e45c0a13271536f4935efc9e03c3f770bc5a8fdf4aa91be797a
after,train,images,dataset_clean/train/images/T_42_20190611_082701_jpg.rf.93815f19828c126da48c25e853da3c25.jpg,19169,93b8cacc6678d5913f2ae360b94b293b982ee6ba18573d5b192491abf063956f
after,train,images,dataset_clean/train/images/T_42_20190611_082701_jpg.rf.b65fb4e0f0176aab722c28b6ad794042.jpg,18273,1139f965cefa95e49bae1eda8b71db3222d5eaf39edf13d44be2d1b080aa2612
after,train,images,dataset_clean/train/images/T_42_20190611_082701_jpg.rf.b6a41fde7fe604c71fd8fb63b2a8e5a3.jpg,19311,718e60ede302e667b92c7b9321af4e935201cdc2f4b7468b264a6abf6c47039c
after,train,images,dataset_clean/train/images/T_43_20190611_083341_jpg.rf.2a1a8ab303dc307d06c21c97120c2290.jpg,16102,0d0d18aee38e85920c251b3ef27c24e29268c21ea4db99e98d47abe9126bd1b5
after,train,images,dataset_clean/train/images/T_43_20190611_083341_jpg.rf.2ffe914f0a462fbf9b8ccb2382a9b094.jpg,16195,38c2917915396826bd18b661c09cbdd99e13ec7f558c5fb06be61555e40f4fa0
after,train,images,dataset_clean/train/images/T_43_20190611_083341_jpg.rf.5a55f14a25f766131a45aa4f9f580a49.jpg,16884,4ef739965915d6373343c51e06ba668604ce236caf38985cd07d2505daa0969d
after,train,images,dataset_clean/train/images/T_44_20190611_083543_jpg.rf.5dcdfae2103b198108548930b8097a77.jpg,18762,e150276f6526a30c9ca9ebbcb43426b54e11313b3bb54b5f3bdb7cd64b882411
after,train,images,dataset_clean/train/images/T_44_20190611_083543_jpg.rf.73ad1c601a2255a2a9cba5e8637246da.jpg,18754,b826cc2cb2217404405429f67272bb7639d6ef12f25667ae22666a28f54762dc
after,train,images,dataset_clean/train/images/T_44_20190611_083543_jpg.rf.7cc6c74b920bffb1e7292416d7359eb1.jpg,18723,58722eccc34e570a5a8bf57a6eff61e8cf6d4feb90967885479e5403b44c69dc
after,train,images,dataset_clean/train/images/T_44_20190611_083543_jpg.rf.81757441061e8c73c5d868b3e820fe97.jpg,18519,ac5af8709551d7e2e45640ff62d774c75d6b424b7b181d5df590e768244992b8
after,train,images,dataset_clean/train/images/T_46_20190611_091248_jpg.rf.045f3ebd55c4ec8cd0ddb7972b0c18a9.jpg,14767,037c52380ea5265cae814792f02a1d8de309caf8e8b19f15af61eff67e40add4
after,train,images,dataset_clean/train/images/T_46_20190611_091248_jpg.rf.34e0af45c2856f439cdcfed0132c17df.jpg,14945,d413d5bc7143d7c9a94447736a1221a4726d98a60b1f5f58b509cc4698e603d7
after,train,images,dataset_clean/train/images/T_46_20190611_091248_jpg.rf.4342a2d6cc6e9af851a28165d3418c7e.jpg,14396,866c09e25fadbd606c9cfec57760fa4b7db14dcbc6e1f4adfbac3a8d211aefed
after,train,images,dataset_clean/train/images/T_46_20190611_091248_jpg.rf.52e4f1781f08c3c5543c1979e866eb53.jpg,14323,6c57b5eaebbcf4118ebb59a4073d9599fb58ab251473a676b3952548d4c4fc0c
after,train,images,dataset_clean/train/images/T_46_20190611_091248_jpg.rf.aa788192d68aefc788b4dcb267339054.jpg,15488,adb4b0ccc1a06e3ee234de96a592f30a6412ca76183a4125023a97d71db367d5
after,train,images,dataset_clean/train/images/T_46_20190611_091248_jpg.rf.ddcf510f66084174e41f3c233802dc5e.jpg,15208,82a11874365d148e3d48961d8befee6175781aee7e9038c19866f25fdaaee34b
after,train,images,dataset_clean/train/images/T_46_20190611_091248_jpg.rf.ebc90b414b7924369e700266c70fc225.jpg,15191,d5e40bc5daa2f17d960aaafbd6e6b1d6e425597a7af25493b7a8b912e6234b20
after,train,images,dataset_clean/train/images/T_48_20190611_095442_jpg.rf.63c8542e98695791b7c6cc047ae506b6.jpg,20110,60a29afa89dc5da6fd19241ca1ec9b7ca5d998b1dc12bcd3fdb1ac3c2edff3be
after,train,images,dataset_clean/train/images/T_48_20190611_095442_jpg.rf.b51fb5beaa6e147bb0cb63261d56dd95.jpg,19697,1e5ac642d593d056f5e171584b6cb7dbde8e79b0ae865717f44ac230cee0746f
after,train,images,dataset_clean/train/images/T_48_20190611_095442_jpg.rf.e1d93533761cfd9b1c599d1ed5fad2b6.jpg,19786,48ba76079f010b01f438486405285eb0f1c213e7720c29ab5531c3e850a041c2
after,train,images,dataset_clean/train/images/T_50_20190612_080012_jpg.rf.63c1d69fa4301eef61f73164ec46f014.jpg,18823,3523748dd9f1cb779a7679ef52547357d59da54c94484d54657e9994118587e5
after,train,images,dataset_clean/train/images/T_50_20190612_080012_jpg.rf.8dbab25b2fd95953d7f2bb318ac8edc4.jpg,18670,3ddd5eba83b36ff11a444cc33afcf1a05c40347e448e05ed3b3203284018e211
after,train,images,dataset_clean/train/images/T_50_20190612_080012_jpg.rf.a2796dbfb9a154d52f74bd23386cadfb.jpg,18764,02b8db4434a335625e9ce9f67423738bc930c305c77a9e88ecb6e0fe0a0f18c3
after,train,images,dataset_clean/train/images/T_50_20190612_080012_jpg.rf.bc83ca596db511cc6be46d1c7e2b7784.jpg,19632,96d4d9d9729a3e71df644fbddbecae2631e8127cf28c87f1a0b3f25686b57ca1
after,train,images,dataset_clean/train/images/T_50_20190612_080012_jpg.rf.e351a64a135f954e36cdc6c2f40e0548.jpg,19173,f0fdf39219f6f993dd40ab5e2aff36fced887b6bb4c7968c0b454eefde6640b3
after,train,images,dataset_clean/train/images/T_51_20190612_080714_jpg.rf.329378a60593c50c2927c48eaca159c5.jpg,19959,459c73647ab8da0c2b85af480b5e45cf3c768c8e444c6dd6b457291150f7bf9c
after,train,images,dataset_clean/train/images/T_51_20190612_080714_jpg.rf.4283dfdf89527805300da73549e14e4a.jpg,20275,86911c9b40e957c45cd831d1dcfe3b7362084a34596528d978f00c68db4a5869
after,train,images,dataset_clean/train/images/T_51_20190612_080714_jpg.rf.51c21d59f8608a7573b372a8ed23bc71.jpg,20793,96ac6b23eb3e1aeb305e30fd9b3502689ba255c90f13b5767ead829ca398385d
after,train,images,dataset_clean/train/images/T_51_20190612_080714_jpg.rf.9c90cffb3593ee9e6489e3a88f372658.jpg,21167,4e942dee130aca0e714f03c15f32203ddf22c1984e53031cdfca94618dcdf7bc
after,train,images,dataset_clean/train/images/T_51_20190612_080714_jpg.rf.c35a71be56eeab3b5731002e3bd4a344.jpg,20021,7e4c1d651e069502270e0322972a59e744150083f476e3d35d92c8cdd9943634
after,train,images,dataset_clean/train/images/T_51_20190612_080714_jpg.rf.cc8da33813025b56d6195e8d1d2a9a85.jpg,20929,978145a27cc82004ea5fa4fa94b398dcbf3e8860efef03a32108a42d29e36909
after,train,images,dataset_clean/train/images/T_54_20190612_081705_jpg.rf.2ba9f70ee51b33abba9fbe0e4a8ea054.jpg,16690,0967a190aa429485942614b8fc23d71e379ce75ecc5da42a3021d5d695998a1c
after,train,images,dataset_clean/train/images/T_54_20190612_081705_jpg.rf.659f6e537c217839c35cccdf0276318b.jpg,16286,1ff4882501f586efb598d2f7e44019c2d6bf7ecb18b8202dc56e9de63810937e
after,train,images,dataset_clean/train/images/T_54_20190612_081705_jpg.rf.9bf71462cb0d09e830a1caabc64dcb43.jpg,16410,445a6b1f2d93b110f0123e1967291173aa09a230bb21685854f8941a04d1915c
after,train,images,dataset_clean/train/images/T_54_20190612_081705_jpg.rf.a8fab571993ac01ebeb716cf08d4bb08.jpg,16258,169fd867e65537c3264ec2c3e96f2fdf21e5185d08433f59b6f24f276f29538d
after,train,images,dataset_clean/train/images/T_54_20190612_081705_jpg.rf.c3e109d1ee2d2217c0ea9ec85be1fee3.jpg,16543,38982d42acf11ed4c8fa5c3fe2e6b90fa22c80ca52b6d268bcf9cfc0f290e3b4
after,train,images,dataset_clean/train/images/T_54_20190612_081705_jpg.rf.ca88754c8d431e7f306172951db462b9.jpg,16777,9e01410da20ab376c88c0a6d99896d89f2d033727ebb75b4b10d95dcfa43d857
after,train,images,dataset_clean/train/images/T_54_20190612_081705_jpg.rf.f782fb5ead177520a8ca5cdf5240e980.jpg,16975,21c431c469a9801aa456552c0eff705ad696d9dfeb4013e3ae1f0d2ea9c94982
after,train,images,dataset_clean/train/images/T_55_20190612_082104_jpg.rf.046dca070599401f544665e2635977fe.jpg,18159,7e5d4f9630a93b21cfc218e6425cceb33303e45c2dc16c76e2a7e1a70625d70b
after,train,images,dataset_clean/train/images/T_55_20190612_082104_jpg.rf.1e0d3167a8ea3b07f770d11b608f46a4.jpg,18007,3c69fff71cbd5d2b422be1f8d2951bb0b11d4eae62f91de285bbebda97c621a5
after,train,images,dataset_clean/train/images/T_55_20190612_082104_jpg.rf.20ae470eda49026f9304905aa1ccde38.jpg,17832,e9154acbd83b3b23f2d63cf21f69e2e0229dbaf333a74a52d8b3f9aa15f31401
after,train,images,dataset_clean/train/images/T_55_20190612_082104_jpg.rf.3b3db9c8b54186224bb9d0c36ae66720.jpg,17678,9d58a1248a14fe9c6dc5975ca810c41be6a08e8b61a55f2f63328055b3c30fb6
after,train,images,dataset_clean/train/images/T_55_20190612_082104_jpg.rf.3fdc9be3dd36e064acf3d709f231b5d6.jpg,18380,64cf9376f15cd6da65225e049f9026ed8e46406741fbd27ae784ee399820f02d
after,train,images,dataset_clean/train/images/T_55_20190612_082104_jpg.rf.d4ed4797f15e47228a99ca68ba472bf8.jpg,17922,81830c77f672cfe19b2c1c45d5c2504c14e9969081fb889e5c84ea8c2cb51c78
after,train,images,dataset_clean/train/images/T_56_20190612_083151_jpg.rf.ae368b2f098c27ad4ce8413066faf9b5.jpg,19775,0b8ee7c7277c3eae2ecd5285c607e723fc350ae8c42bb3c3c72a4307e3f5fc49
after,train,images,dataset_clean/train/images/T_57_20190612_085736_jpg.rf.4c5ab09cdd781a6e27919482e8d42aba.jpg,18877,0e6f5cd021f3cd4b3443322ffaeaa00a423a9bed05a1d5441ec9c1af7fa0ac50
after,train,images,dataset_clean/train/images/T_57_20190612_085736_jpg.rf.662b43f8f5ffdd5f654bad856b7976a9.jpg,18856,28e1f0a6ac1d432d35681c4ee81358faf7c5cc1284acc926a6d5e453c15777e2
after,train,images,dataset_clean/train/images/T_57_20190612_085736_jpg.rf.78a2c077ea63ddac8224353bbf8b3464.jpg,18542,307d74ededcbc33f3e08bbd1273d05cb2026a844accddfe163bd234fc8035a90
after,train,images,dataset_clean/train/images/T_57_20190612_085736_jpg.rf.972e1d59ad6a52ee48e4cb7d45fb53aa.jpg,19487,e5fc809f12ffbf4beb91adc2ef755d23c35bd412eb061751305086c47b2eeee6
after,train,images,dataset_clean/train/images/T_57_20190612_085736_jpg.rf.c8652b4ea88e4cb0730ce6a9856f69b2.jpg,19072,d6f11723e9413c5d3de763f4d2ea5807ebffe9602e6ebe6482938c6010b940af
after,train,images,dataset_clean/train/images/T_57_20190612_085736_jpg.rf.e6889548c8164dd690155edf0b8a8c14.jpg,18445,98425a7348fd425ccc80d7ac939d8dc75b59f576c4eba08da7f385a3c664b1c6
after,train,images,dataset_clean/train/images/T_57_20190612_085736_jpg.rf.fecda9c9215a9823a47c7304305f40cb.jpg,18008,298f19da503fac21e41c10ad88d5af1ee905e52a4fb58e276d23dca0765456d3
after,train,images,dataset_clean/train/images/T_58_20190612_090128_jpg.rf.156841d69c001259955a1128b5d2b7fc.jpg,14710,188e18b748a6634a377cd50eee8e14531b6348684662312ff27b48b968f86e28
after,train,images,dataset_clean/train/images/T_58_20190612_090128_jpg.rf.38d69f1d9ad40f3689bd62ebac9789cd.jpg,14671,3d8dee3883e227a7ac59a5c7f13860452671bb79cc711c09586d87bc5d4d4ada
after,train,images,dataset_clean/train/images/T_58_20190612_090128_jpg.rf.a59d4d3290f87d121cdf306e8b4a6e8b.jpg,14564,61689fb37c04b8d3f617b4103c9fc4d929d3baed9910a5d229eee490dfebca4c
after,train,images,dataset_clean/train/images/T_59_20190612_090635_jpg.rf.4fbbb7a425fd258616c8cfc2a994275a.jpg,20565,990addc2676b33b5521d30ddcaca93e5ff83209612799608e4b23f7a5ab4d537
after,train,images,dataset_clean/train/images/T_59_20190612_090635_jpg.rf.83b48f79ac993894e58c4351f326ea50.jpg,21543,7c155a71d5cfb557b103af97a75917a9d08bfc22a7fa3a4b3131e5637f6d9a9e
after,train,images,dataset_clean/train/images/T_59_20190612_090635_jpg.rf.f14385e703a81cf2d488a2d66a4a1f34.jpg,20078,df813e398cbc163fa6101dee6910681be28ed2b0e0f565eb42aacf738ad12dff
after,train,images,dataset_clean/train/images/T_5_20190607_074439_jpg.rf.259ecaf5199aaf00feb337f90adec02a.jpg,17925,73d87071efb27f7a27fb9ce33a3ff2fe39796e6a4d4235cfc00c91f6ecca00d9
after,train,images,dataset_clean/train/images/T_5_20190607_074439_jpg.rf.b5f4d8c1367664d7b9ab4f12feb9484c.jpg,17463,f37efa5e26565fccf513752d2536169fa312493e5a06c137be00b9df22e77dff
after,train,images,dataset_clean/train/images/T_62_20190612_091625_jpg.rf.55ba7fecc54e5719078ef939af9e198e.jpg,17381,0d0a137fbe5c2e13fa3978df3ba0fe62667b987869e1a440dbb309b1656e3f47
after,train,images,dataset_clean/train/images/T_62_20190612_091625_jpg.rf.7bbb40b6b35ee2dad00f8d2ed718f26a.jpg,18613,abf08a5fa59230de531365b2dc526a689a7c493448d4a3c2c394496db74eb891
after,train,images,dataset_clean/train/images/T_62_20190612_091625_jpg.rf.e2f9be78abb838dcfd747921696902f1.jpg,17250,ef3237dba9ed02f4a14ae755706d1c670e4482241499806e4bc2923f93baa8ca
after,train,images,dataset_clean/train/images/T_64_20190612_092742_jpg.rf.16d6a40d1261b660f74b3f9f9a9cfcab.jpg,17439,b37cd9f7a452ef51fed4cc0704ba31d0a25aa21bdc46bc37d621b5e2561f16ba
after,train,images,dataset_clean/train/images/T_64_20190612_092742_jpg.rf.1a1657334cd30905e5528058a3a6e207.jpg,16590,2a3a1a09361b7f056ab11a05bdc76105c65db091769ace5a3fbd89b55bee4627
after,train,images,dataset_clean/train/images/T_64_20190612_092742_jpg.rf.548d8dac2da05a91a5ef228df792cca8.jpg,16290,f4dec0c14553e18e2d1d78c4830df38bab73a0eae89804a5b93b71d5a3aed9a7
after,train,images,dataset_clean/train/images/T_64_20190612_092742_jpg.rf.9747868f1ed4bc86665cb3916365e888.jpg,16015,37170b5a5ae45fdaceedf3676f6407dd904e6bc2e07581cbb8a2dde1dee4455a
after,train,images,dataset_clean/train/images/T_64_20190612_092742_jpg.rf.a2b365bab24167559c71103885be9a77.jpg,15728,1c691d0b704777b134f95ccd980d5b70e38007205e5bf0eb3df282b450be0a0e
after,train,images,dataset_clean/train/images/T_64_20190612_092742_jpg.rf.e08a7c7e5da8aa5a96a9f92c89110c6e.jpg,16547,9929c2948826a7ad66067f928dc45ee64487305423ec2f77a859252ee4220dbf
after,train,images,dataset_clean/train/images/T_64_20190612_092742_jpg.rf.f6aafb6886998518b31b2dcf407f4794.jpg,17393,662a866e3cb3202230483a3ba632860b13f6eabe02a762f66ddd2c761cb2ef57
after,train,images,dataset_clean/train/images/T_65_20190613_075213_jpg.rf.03280f07146c01935fa1b07368eda0be.jpg,14739,09d7f585bfe1627bbc5c97b68218b710bdfb791620203b2ee26163dcea1c1a3f
after,train,images,dataset_clean/train/images/T_65_20190613_075213_jpg.rf.0595282c23e1595b893683470a9b62a3.jpg,15353,3c5ea5ba0f8c33ce3c2999e572fe4ac8b1e530d9c3e2101b6f2525c30e5b22cd
after,train,images,dataset_clean/train/images/T_65_20190613_075213_jpg.rf.097bc273a74af4e3c5df0309d0ff5361.jpg,14884,926c073f4a88034b6d5115dfd969efe8de7adfe50e2b742650b76d409df5dfee
after,train,images,dataset_clean/train/images/T_65_20190613_075213_jpg.rf.3c9ca049cbfd886e6828519ebca53516.jpg,15224,2c063d92f02281cd299083482bb877b8a31884d82eb4b2b9677a5541b4d07034
after,train,images,dataset_clean/train/images/T_65_20190613_075213_jpg.rf.732015e72861743c33f97180ceca2082.jpg,14005,a46229b748abdc206395fb535c54d01260912f43b463b636c56774c5816bca3d
after,train,images,dataset_clean/train/images/T_65_20190613_075213_jpg.rf.b4842356b2b313c2a50ccbf0a3d1465c.jpg,15065,d7f92db669c8b8a74a35592fc5e3693da25acbd852c5dea2dfab9d59f464115b
after,train,images,dataset_clean/train/images/T_65_20190613_075213_jpg.rf.be6faf99b9a7e4ab02d86f058497b4b4.jpg,15815,80cfc25c9887ad7f801552107e10eeacb41b05eb0cca218a69dab6df50d362dd
after,train,images,dataset_clean/train/images/T_65_20190613_075213_jpg.rf.d026ac778e76ac0e34f1de7c81271a5b.jpg,14654,7d3c49e719de8137b831cdd69893bcae0f6e2d194ac44e3f7e0d2f1c2e5b0af3
after,train,images,dataset_clean/train/images/T_65_20190613_075213_jpg.rf.d3ce5828f4d335946df70c3a3d72b4a8.jpg,14156,84dc980cb497385dc41cd444c3ab20edf64a2fd72f52595454978cd0faea62b7
after,train,images,dataset_clean/train/images/T_66_20190613_075959_jpg.rf.69afb3fd6016ba34de16bdddb1ed3936.jpg,19765,0e08617260db1b7947a4272a3f90a20a59716eaae0e8b59bf035b2e67992d22f
after,train,images,dataset_clean/train/images/T_66_20190613_075959_jpg.rf.6cb516bae8799e0b7d91de0433b6f35f.jpg,18381,b24c0817805a0b9233997ff531e67b01ef851cf94c3c434bd4eb46e11a663148
after,train,images,dataset_clean/train/images/T_66_20190613_075959_jpg.rf.7f7d1cf11ea02cc1ec3bffd727314804.jpg,18423,23a96af299a17a7ad48e01fe2ad02222401da0c085b710e2146d38f44a488d01
after,train,images,dataset_clean/train/images/T_66_20190613_075959_jpg.rf.ca3b850379662cbafd5137a5f3a582fa.jpg,18352,5d3e5a02525db927fd1213868d200a0ecf34f2d4832abc9f4e4046b0ccb9610a
after,train,images,dataset_clean/train/images/T_66_20190613_075959_jpg.rf.d4340237a5feeac30d1cdc6d512eca6e.jpg,18327,0d8b3798a4ad983ecc6f645778fdc085415bd5652bfba29eeab5a6efcc4b066e
after,train,images,dataset_clean/train/images/T_66_20190613_075959_jpg.rf.db2c114a687eb86e421f2a44d45eea9c.jpg,18081,91ae5b58df58ef618d82d6ba50934417fe14478cf622713e77953170b77abb54
after,train,images,dataset_clean/train/images/T_6_20190607_074640_jpg.rf.1d2e416a95e7f8e414e3b31f069191c7.jpg,21325,7bb82a8539e0f9d18012f3e013853b5b7e9a48f88bb39f15ea2f07d48d2794e6
after,train,images,dataset_clean/train/images/T_6_20190607_074640_jpg.rf.2239e28d13dfd7b88164d346bd0ada39.jpg,22642,cba5d6abdb24d767389a1403cd883faa8d2193806b23a982eb47170a2e4b67bb
after,train,images,dataset_clean/train/images/T_6_20190607_074640_jpg.rf.2497b3af1b013242fd6cd4b16440f166.jpg,22364,b9fdb9f266e9489d8863c6c396b897323a769052fb50374f989e8a281d74b485
after,train,images,dataset_clean/train/images/T_6_20190607_074640_jpg.rf.4f010307274129ece94e81e71e0c502e.jpg,21770,c0be83cd6dd630fcf0808f6edf7ecb136091ff2201bc4a5796a43624479301d3
after,train,images,dataset_clean/train/images/T_6_20190607_074640_jpg.rf.74110a9f69757dcdfa399f58bd2b8d44.jpg,21759,dd7e508973d3b96513dfcadadf12db33c8640004c6a4d13ea072b8486820a97c
after,train,images,dataset_clean/train/images/T_6_20190607_074640_jpg.rf.8564b99c6ef14d5237ca754cb87dc4eb.jpg,22168,7331ba609adbcbbadc5835d66313c4044d2386484a0351489b067c3f72083d17
after,train,images,dataset_clean/train/images/T_6_20190607_074640_jpg.rf.c969ae675e34dea10c4bbeaef1e5673d.jpg,21629,1dae6e422b84ace5bf6f4f12c050088c6d7d271cbcc1fb31c199284e9c8a7b11
after,train,images,dataset_clean/train/images/T_70_20190613_081811_jpg.rf.0acee5554542a13c34765a32ca72e16d.jpg,14838,d768e56bc1c12543f2d0bd526ba746c0afdf5042760fcc1e0070fbe0f11982ea
after,train,images,dataset_clean/train/images/T_70_20190613_081811_jpg.rf.4ae438bed1c45765d04057d45a49e7b7.jpg,15773,50335fc2d31b8e9ddc8aa793556828eec613290ec7a71e6ff31581e76d3a6358
after,train,images,dataset_clean/train/images/T_70_20190613_081811_jpg.rf.93fa4b5249b52bedd21ec2991df57f4b.jpg,16004,03c45d0b6a8087fd5b7a4bc9057aebef4b5d00410fe9337e9ff67e619fc2158b
after,train,images,dataset_clean/train/images/T_70_20190613_081811_jpg.rf.b0543e13424b27127412b1215b9c9a7b.jpg,16217,b99001b5df742ccbbdaded17a6da8c540837e21296f4aff485484d923ef36580
after,train,images,dataset_clean/train/images/T_71_20190613_083200_jpg.rf.0b592eab79edf69bdf1abbb7598ebc0b.jpg,15800,26314c3d8c3cc8b84cb60a740722691a2390b59439081e402319074d98d5cf32
after,train,images,dataset_clean/train/images/T_71_20190613_083200_jpg.rf.1946d44fc347bbbab18d409e606802e5.jpg,15916,918292e172e4b58410e91afc1505d0b0cdc7a1a793fd9363afde0b57fa60479d
after,train,images,dataset_clean/train/images/T_71_20190613_083200_jpg.rf.2e240a843b46eaa294d6575b951be522.jpg,17270,57e6945f06fc2702bf19970d6c06171395fcb4a5faddbeacc9195d7ba4bbb638
after,train,images,dataset_clean/train/images/T_71_20190613_083200_jpg.rf.7e10ed5543ab045ffb559a7a9cf9ded4.jpg,15766,0188a747a51c0da7098f771bfae5ea240ebeb86c4a126a74a494327729fa518e
after,train,images,dataset_clean/train/images/T_71_20190613_083200_jpg.rf.8f762cdd614814b9428d4194b120a631.jpg,16188,634c277246cad07e2346139280f22da4e6fd3ff38f096da8c7cb5492a5c878ce
after,train,images,dataset_clean/train/images/T_71_20190613_083200_jpg.rf.be93f3f6ba2d99eda9e9f54fcb2a4da7.jpg,17022,a9ac987de05ed5d20545642f2ba111a407f19c9b85de09e32389679fbc6109ea
after,train,images,dataset_clean/train/images/T_71_20190613_083200_jpg.rf.ea5aea6a75bfaad057a2b771585ba30a.jpg,16668,8ef60dd816fafbe8746a985e8880fc4c3f084953846b6bdee0738460fa733800
after,train,images,dataset_clean/train/images/T_72_20190613_083940_jpg.rf.0523f01edf1ac22ec1e17875eb945c25.jpg,16803,16b150168612c75e351702300cc3d9e8e626628c19e4c97dfb03c8cc8ebe0ba7
after,train,images,dataset_clean/train/images/T_72_20190613_083940_jpg.rf.37ccc3b85cd793998b002dd7ce88c13a.jpg,15792,9bcaae88c5756f63cb4608213afd96d0d2d59dda33e907f674ea0c34045bdf55
after,train,images,dataset_clean/train/images/T_72_20190613_083940_jpg.rf.4347cadd0b7246328539a8069a7feedc.jpg,16520,0f27ea136f0780d9343c708032bb3fdf461791dd618721d985727602cb3ed594
after,train,images,dataset_clean/train/images/T_72_20190613_083940_jpg.rf.a46a285bf451a58079570399145ac667.jpg,17117,cefb8cecc05baada77874639146877c599a8c3035df12ce909c44714bd30b279
after,train,images,dataset_clean/train/images/T_72_20190613_083940_jpg.rf.a5a0523d535fdec13ebae251c9e37dfe.jpg,15886,e76c336e3b0845bfdd13a7a5d1009b143bd208f5dfc63425572a1634938ca563
after,train,images,dataset_clean/train/images/T_72_20190613_083940_jpg.rf.b239e47962f9d4cc9d283282725c9768.jpg,15779,6b6e20488ccb6a9ddb19b498dc26e7d15e0cc1d34d4c000364619ac832337cde
after,train,images,dataset_clean/train/images/T_72_20190613_083940_jpg.rf.d902d2def5dfa9b40deb0bb7bb138bc8.jpg,16870,b870779e543f2e14669fc20d5fc3c33b5b75f633e48e72eac131d47b0dc07a57
after,train,images,dataset_clean/train/images/T_73_20190613_084628_jpg.rf.62b984738f9e290e05dabe0dd5a40188.jpg,15729,d8ea23e43dcd57072634ff43c41b09c27b329d5f58cb287d4e5a27accf18be65
after,train,images,dataset_clean/train/images/T_73_20190613_084628_jpg.rf.670afae156b0eef7ee01dde90d82b63e.jpg,16151,df287861fa7ea0e10cb641f6f5b2bacf7c6adb3aa639422870d4da52c5833f5d
after,train,images,dataset_clean/train/images/T_73_20190613_084628_jpg.rf.691f4e1fc751d40665024d333691abf2.jpg,16182,70ecf689d6c74e047cc2974d7e0ccbe029af03339d8afe53e2f4e21b6449f855
after,train,images,dataset_clean/train/images/T_73_20190613_084628_jpg.rf.7e713a5a7cff2951ced5e9d91b619eda.jpg,15438,c682f5e53a7e6a03754844e2fd67ffdd51123b0c151e440b4d980ace7a2ffb48
after,train,images,dataset_clean/train/images/T_73_20190613_084628_jpg.rf.8db6c5c996dc83690a8336074e0e7b04.jpg,16212,0f3445a3f33b4da8997fff922d38e4c001130301afed33c82d8abb37e9bb44a8
after,train,images,dataset_clean/train/images/T_73_20190613_084628_jpg.rf.a41a1c9ff9f94daee28865a024affd80.jpg,16379,41cefc4e82634407deace7c2d14bcb0297667dc90d3d19a6efb696d3cdb8ce96
after,train,images,dataset_clean/train/images/T_73_20190613_084628_jpg.rf.b5e5d13214df827a7f0729f09c6863c7.jpg,16388,7de052241cb63c4a836f1bef5b53d7b08a0dd20756fd748fd9faa065c51350c2
after,train,images,dataset_clean/train/images/T_73_20190613_084628_jpg.rf.ce6358e6d1d6026216f410ff3afcc28a.jpg,15326,87cab8206d5c7edbc452cc493003b3a40e3fb00a0e60363cb71183327e332cd3
after,train,images,dataset_clean/train/images/T_73_20190613_084628_jpg.rf.db128b8b00513466cd72081799312af9.jpg,16299,6adde3b081a558a57266d7eadfaddbb09a15c302e8ff58483d457acf236ab216
after,train,images,dataset_clean/train/images/T_75_20190613_092335_jpg.rf.31cbb4655027b591be1e03034f97a39f.jpg,16946,4a34da17e9830da3884282ff2d46059536db74fa736bfa134f7cc1c28b817675
after,train,images,dataset_clean/train/images/T_75_20190613_092335_jpg.rf.4514082661f71f8aef02e544d9a915b9.jpg,17652,9351db7e6998112ff8e632abd561e6804b9a82b40ba724bc3f4eba815f5db72f
after,train,images,dataset_clean/train/images/T_75_20190613_092335_jpg.rf.4970fbdabdb9efc99b482441a6f2135a.jpg,17068,ddf0f5712a84ac4ad88fe987059f0839c4335652500700b85b60282660a608d3
after,train,images,dataset_clean/train/images/T_75_20190613_092335_jpg.rf.622dab9df24113c69f283de1f8694fa8.jpg,17256,e51aac67a0490916feb9031ea93a9082b7d3f4f67b4baf97cb151a1fb4f82368
after,train,images,dataset_clean/train/images/T_75_20190613_092335_jpg.rf.934961c2b2501af39351c10a80d3e4df.jpg,17032,7511abeb9983e8451e916dd1efea7ae7218fcd3120f0564ceb55e9600099d6e0
after,train,images,dataset_clean/train/images/T_75_20190613_092335_jpg.rf.a4b35c6b30f8855dfd99ea4d5440cc93.jpg,17877,6e6301adb9161ac98a58c3e49fa18d1047e76e28cb66defd96f7343905e1e0a8
after,train,images,dataset_clean/train/images/T_75_20190613_092335_jpg.rf.c6b80b7d477faf48ace675f6f79ea478.jpg,16971,9b411928f19773c2d77315e1dbd1a57044d6a7f640fc52f3e9420b64de33b746
after,train,images,dataset_clean/train/images/T_75_20190613_092335_jpg.rf.d63a49d7ea999e04a44fa8864119f26d.jpg,17430,6fb3104a438362654819283771336c01980aa3c5bee17e38509e1fd6ba62757f
after,train,images,dataset_clean/train/images/T_75_20190613_092335_jpg.rf.ec107c06c2c5e4bd93c30cadc921c902.jpg,16800,8dd840c594a2e4a3517bcb9456990de90ebae85cd29e846922914aecf04f9632
after,train,images,dataset_clean/train/images/T_77_20190613_093815_jpg.rf.1d01a9ad357742518c19cc7804a1835b.jpg,19665,226f45b4ec3fab194a933ac543845d0b662cfd584eedad48aadd3b97c05610ea
after,train,images,dataset_clean/train/images/T_77_20190613_093815_jpg.rf.46df9c64c79908cfb23da20494c9a6b0.jpg,18554,1e3f3ce20e7aa95f3f665f1aac53d745599ecf2119c75c8af9515b4192bfcb25
after,train,images,dataset_clean/train/images/T_77_20190613_093815_jpg.rf.5c089f6fffabd28ca26575b175d91b82.jpg,19758,7535f760e2d2d6d416ab672d816406111fd9ff05dcc0dbd8c5d0a94a7132e707
after,train,images,dataset_clean/train/images/T_77_20190613_093815_jpg.rf.84eaaa572126028de188f660bacafa42.jpg,19721,a02cc0ff96da528fde06a1f9760093794773f390ac9aae39d52e752aeff2010b
after,train,images,dataset_clean/train/images/T_77_20190613_093815_jpg.rf.863285edfcc31a509e61379d95bf22c1.jpg,18641,680c0f74131ef8176f42faf623d02ac3b0f54becf7b94b8d819654912a42a42f
after,train,images,dataset_clean/train/images/T_77_20190613_093815_jpg.rf.9e0e20674fa40ccabee4901c9e1def24.jpg,19114,1be86a2ff1a8ee444b55ba88cb57d886b1b4a1aabce70506b021853434232854
after,train,images,dataset_clean/train/images/T_77_20190613_093815_jpg.rf.c5377f2e043768f54c43a43e64ac59a7.jpg,19056,cd9cc5ff55d89c366eee88cb44106f91288b2aece8b94fa428bce8594bee1847
after,train,images,dataset_clean/train/images/T_77_20190613_093815_jpg.rf.d2eb8fc46414cfe5f74e68e8a2a8117a.jpg,18263,7b73680609daf0c13e9888b94fea2b2a364571c196fbcb5db5be2122b82dee88
after,train,images,dataset_clean/train/images/T_77_20190613_093815_jpg.rf.ffcc78f4e4e41c5f8b0c063c331fcc12.jpg,19381,210b99532750cf920ac8ac75d4efbac61328d505a2a181d3eea1d7ea59d6adc6
after,train,images,dataset_clean/train/images/T_78_20190614_074753_jpg.rf.15ddaff8130521116151bb6f5ac610a7.jpg,16296,30bb50cb3121642ec3a8d47924a8105af4fe0047a29f9de92bc532811de9bff9
after,train,images,dataset_clean/train/images/T_78_20190614_074753_jpg.rf.33dd42a49dd552041e2b22633b47d534.jpg,16248,800f99e8da03eb954908956a94a97723f8955b35db94f201c3484f0e7e80b087
after,train,images,dataset_clean/train/images/T_78_20190614_074753_jpg.rf.a2bfb748a6b01908f6d0a9b586893805.jpg,16312,a3a717ae17fab85dce30496b140cd9984a72fbe6600774a1386c54bc0ef98780
after,train,images,dataset_clean/train/images/T_78_20190614_074753_jpg.rf.cc3a9050f2857dbcb9a0cde2f34dbd0c.jpg,16286,062ddbe232e55b3fb14c27d0313f48e22595d5b456bdf91b5ef58e1b9444755a
after,train,images,dataset_clean/train/images/T_79_20190614_075002_jpg.rf.4e730add28f0f93a136dd68fb9262395.jpg,17378,29148b37a9675c0c883c7bc656ea55904e1ff7f0b31f162817ba4a1b54a20d33
after,train,images,dataset_clean/train/images/T_79_20190614_075002_jpg.rf.8f620b68be527a3711c9aaeff201cab1.jpg,16707,79a0be78fa820226e83579f00b501442777ba6b824cfdbd83724c64ebcfb9dfc
after,train,images,dataset_clean/train/images/T_79_20190614_075002_jpg.rf.9722525b1506fd21a3bd468e8a11c08c.jpg,17188,7f693d7aed827d6cd02d14eb15ab6f3c378bf006bde06433e0aa610e0cfda3ed
after,train,images,dataset_clean/train/images/T_79_20190614_075002_jpg.rf.a9be06003b32a07b8bb67a8dbbbc75c3.jpg,17244,fc95f162ddee794a51ba80a2c86dd0d161f9c9bb1b0bed4318c5b0a6252281f5
after,train,images,dataset_clean/train/images/T_79_20190614_075002_jpg.rf.cd7d051e310e98bb3889ba9325c986da.jpg,16951,1d6e9f2cb30dc9cde17d6c67d130053932a74ab3be5174cbfe32cadc8c52f46a
after,train,images,dataset_clean/train/images/T_79_20190614_075002_jpg.rf.df5ea607467b34ddb3507170d246f7aa.jpg,17113,589ad4cf029f8e72a9045a76528db27558bc4d2a3d0fcbb384bf2e7720246c35
after,train,images,dataset_clean/train/images/T_79_20190614_075002_jpg.rf.e8c86aa17657c6a4056ae105ef89a617.jpg,17155,deeeff2bcb285b1fb068375ff55a973eb31df2c73d4ad7d28dac2087d5694335
after,train,images,dataset_clean/train/images/T_80_20190614_075052_jpg.rf.7b0dc3150da4891f0257ecc5a91cc898.jpg,19413,8e3854b7862f3acfc6fe1b5c52c2699f6f8328d310a588b35b0d5e180e4abc70
after,train,images,dataset_clean/train/images/T_80_20190614_075052_jpg.rf.a6f500d43d9f03b484e1562d58fdbbc2.jpg,20283,2bffc4f25b11ad2c8037d2b110987bde2f4777573fa8aa36a45545ee44e2118d
after,train,images,dataset_clean/train/images/T_80_20190614_075052_jpg.rf.c6314a0b67cfe4564f57d03b31302a69.jpg,19361,d8bb3809fd30d430a21c41048399506d68ed84bf71fabbb7d06fa7c07032a429
after,train,images,dataset_clean/train/images/T_82_20190614_080327_jpg.rf.8ba36e3ca635975b7628f4f53061996a.jpg,17228,6d43e0b406359850f1cf2340f4931dc1ac07761ff169bd6f34073694f2ce0070
after,train,images,dataset_clean/train/images/T_82_20190614_080327_jpg.rf.ae288e5c3447222fce501701ea00e875.jpg,18206,6c4b79c26fb01139ef4020623107fba411f2679388509b225984863da3e15b57
after,train,images,dataset_clean/train/images/T_84_20190614_080746_jpg.rf.3b38fc93c2697ab911fc592bc98fa40d.jpg,20149,dfd382b535633c5cb395e85dc92a79491b1e918115a11d1c263fd97203cbb249
after,train,images,dataset_clean/train/images/T_84_20190614_080746_jpg.rf.40b7e14fb936742d67ad772b10f4e109.jpg,19227,9f4a98bf34e7072d4e520182b74ad6030fca6b79fb171764cddd36b7a83082db
after,train,images,dataset_clean/train/images/T_84_20190614_080746_jpg.rf.48c8acb0e490bbd00fa94c9da7872ed3.jpg,19154,e28e3d050d51822859ed1b3f96d590b26a72621d09b68e8b7b91eeaa72316700
after,train,images,dataset_clean/train/images/T_84_20190614_080746_jpg.rf.5adf25c4ffa1bcfc32575a5e01e3fcc4.jpg,21030,b41414b96219e6f65ddecc6b6646d98bedfdb81c41de91dfb08c09101a702d75
after,train,images,dataset_clean/train/images/T_84_20190614_080746_jpg.rf.cbaf23ddda0df4495f6980e6600cee98.jpg,19791,d154bfd231bc607d595339b8191b51d0605e328f3c0d082f2d4a5ee2761f2dd5
after,train,images,dataset_clean/train/images/T_84_20190614_080746_jpg.rf.dc23aa9250295bd1e618141508592942.jpg,20126,c5b616cd3201b5fbf2a5dd72608f7b56dc39ba8c6f0fb2fd965efcb3fcfcab72
after,train,images,dataset_clean/train/images/T_85_20190614_081338_jpg.rf.74c2141295fc00a2762d9a1f23923020.jpg,19070,12c903b1400f02ec5968e95c745a3712f844a4c23c6648564b456e4f6567bc86
after,train,images,dataset_clean/train/images/T_87_20190614_081929_jpg.rf.6d45404f94bf34740bfe853509978784.jpg,17904,56dd140cd2fab0445268db72fce339db70fccc06012948a561e400f1f2902f5e
after,train,images,dataset_clean/train/images/T_87_20190614_081929_jpg.rf.939a31599fa57243e2506b3700249025.jpg,17872,77917d5b065cc52b14d2b880857407bcac8be8bf40685265dc348ccdef5e1225
after,train,images,dataset_clean/train/images/T_87_20190614_081929_jpg.rf.ce246064b143b3afa4f7edec58dcaa12.jpg,17768,63133e15282ab66b1d5087a8dc341e93eb127b9515e1a1c2cd33caf65989f234
after,train,images,dataset_clean/train/images/T_88_20190614_082233_jpg.rf.07377210c7f11861613d07d8ee02d526.jpg,19239,136a88cc7d1d30a3e9672ebeaa2d2773ec2ce673a83879311d47be0c07080b8b
after,train,images,dataset_clean/train/images/T_88_20190614_082233_jpg.rf.102cf570a19b0d32eec917ea95f0cd73.jpg,18131,959fcc9d7d19975cc28f7f9aea0825a0a5de4b685d3913c849dcdb6be513b60f
after,train,images,dataset_clean/train/images/T_88_20190614_082233_jpg.rf.320f2c8770c32dbf3d1c15438bd2467a.jpg,19033,7754b517354fa8921b7879fe54ba69a61e4e668b3f4a3cdff40f45b1f4fc69b3
after,train,images,dataset_clean/train/images/T_88_20190614_082233_jpg.rf.711d825b09b93012da4407d6c3dc848c.jpg,18447,7afd106991cb0ac486bc2bb2a7e149107e65d0ef143111375f2ee2d7621bc475
after,train,images,dataset_clean/train/images/T_88_20190614_082233_jpg.rf.7213f7699f5f126320e4ec69541b3ec6.jpg,18377,7997aca79bbcab6ec252b5fd2f40a3bae2a3bbe0897c8c45c8ad4d8e106acfa5
after,train,images,dataset_clean/train/images/T_88_20190614_082233_jpg.rf.d9dbbd347d89d76a0becb5fd9ce8e9dd.jpg,18864,f0c5ed3bd53e36a07c041aed114d5a4ae4af67ad3204216081c9b69a912ac5ca
after,train,images,dataset_clean/train/images/T_88_20190614_082233_jpg.rf.e9fa46cfef1be28b4d56998ef65e3673.jpg,18385,4dd4172025758a4aa11fe5b4845bbdd483f39bb9be0a09af414f33e000d57ea6
after,train,images,dataset_clean/train/images/T_89_20190614_082828_jpg.rf.060721f52f81a7a07dab7f9a381f2727.jpg,18903,f6bececf7dc4f8d4162b6fe1c8dd9f8c9b22abb03b5d96925d8b5570ae6232a2
after,train,images,dataset_clean/train/images/T_89_20190614_082828_jpg.rf.16256b4189b678200a79db586b0d7e9b.jpg,18844,aa1e203212e71c724ed5f25283e558bd91249b75b9d30c7702cd72bbd775ac70
after,train,images,dataset_clean/train/images/T_89_20190614_082828_jpg.rf.f46d014be2e7125a0901e141750010e0.jpg,19349,5bb7bc4f06cdd7f81f72e66c735730fa1c313ef5b575e1120edfa1e244b3a395
after,train,images,dataset_clean/train/images/T_89_20190614_082828_jpg.rf.f91c4af7397e511d3f2320997c10c0cd.jpg,18838,e3a1e99fe90851c18a4825e89ac7d5bc83b36bfc0036cc5ad4c13d9df028977a
after,train,images,dataset_clean/train/images/T_90_20190614_083843_jpg.rf.2936004d4b2a857ddc2137703b888ad7.jpg,20013,2c569c55dc39b3e43924123a0638b28033512f983181a5f9aa764605b0420b0c
after,train,images,dataset_clean/train/images/T_90_20190614_083843_jpg.rf.90d582f70580add8377c392b444caeef.jpg,19968,1693a1c674f3be2ad9e0041e64ac53d78fd75564e8b7a0cce28972f4593b5226
after,train,images,dataset_clean/train/images/T_90_20190614_083843_jpg.rf.e0c352bb48800c9b80698bb618464301.jpg,19971,58b5eb67948e2e70a258748cf63f4b9073b47ddbdc5b9adaa517debe9b4d04ce
after,train,images,dataset_clean/train/images/T_90_20190614_083843_jpg.rf.f890969c2990bbcaa288493bb93ce18b.jpg,19896,5fd45fc4134bc902c02a7578e0f954fb6262649836661f74992dbba133a3badc
after,train,images,dataset_clean/train/images/T_91_20190614_085732_jpg.rf.35a4697fcfce5ca37bfe552fc1d8d468.jpg,18315,49dcb9ba164cecdf9802c20f42aa4ce16f9d8968feabe697812fee884b6560a4
after,train,images,dataset_clean/train/images/T_91_20190614_085732_jpg.rf.47b0bf3adab851bcb410571c1a3ee3f9.jpg,18657,0ad0ae955a5376679a3bbcaf8d8ba0b748185857c598b279a23e9f39e1db8db1
after,train,images,dataset_clean/train/images/T_91_20190614_085732_jpg.rf.4d4750feac97e636e8fe89a3d58dceef.jpg,18180,9bd9d6af1ab691af3d25226721140ca25ce497bd79821f3bda4a52c56b9a9baf
after,train,images,dataset_clean/train/images/T_91_20190614_085732_jpg.rf.5410ce24ce9c98ea643a8e0441d84383.jpg,19363,89417cb4b60ecbd59546ee729359ee477a09a9f72d76984e97d87ad4cb776b17
after,train,images,dataset_clean/train/images/T_91_20190614_085732_jpg.rf.580437b71825c5f7d4d213c5162a9275.jpg,19053,98101d1000e4821482841ca8c0588e4ccedbde5feea23b764211e80c70fadb89
after,train,images,dataset_clean/train/images/T_91_20190614_085732_jpg.rf.8419db9e98f2896a53e9819a12c0f864.jpg,18719,9aabe9544c5f284cd62a212c6f5540cad5d4b9012ea3b50fba44d6b08ca1a42a
after,train,images,dataset_clean/train/images/T_91_20190614_085732_jpg.rf.86505784d6d00ba8c42f48246caff2e6.jpg,18708,d5dc614e0bf933668299b4d2e0ee2a809d027d7692855626653ed9dd6d6541c3
after,train,images,dataset_clean/train/images/T_91_20190614_085732_jpg.rf.9c4404853365f2e96305461bb10e1253.jpg,18642,d0251f2b3f9fcf7ca353952305269a35b5852d869799faea4de7b6ea305be508
after,train,images,dataset_clean/train/images/T_91_20190614_085732_jpg.rf.ea94d6e364f243acf51799586c26b289.jpg,18488,e59bef76dd27c23ccbcc1d6006d3a04ab96960524693bea144d41addd1e4488a
after,train,images,dataset_clean/train/images/T_9_20190607_075803_jpg.rf.2c0a79939c3a5cb2caef65598d46c5ae.jpg,18428,538b5a898aab00da8a8455cd019008ea1916ac0e8bc4accd39574dd2847bca2b
after,train,images,dataset_clean/train/images/T_9_20190607_075803_jpg.rf.a82ee7d5d13cd9c5347649082f2e7fe6.jpg,18674,e9d306a1f119140b943e4062943075dae710d55c177261f43a4bda60b8dfd582
after,train,images,dataset_clean/train/images/T_9_20190607_075803_jpg.rf.cbc25dd3864ddcacb4646767d2384740.jpg,18196,d0d4b84d519e3a22de46b578f6295f4b8521a4d51fdf0d2f40e494ee8325a953
after,train,labels,dataset_clean/train/labels/100_png.rf.44205ffcbce3a23db90158d9e10637dd.txt,50,3ea10777bcfe3f490be4161bda6b951545cc50d952aaa73f13e9a4e579d5a91f
after,train,labels,dataset_clean/train/labels/100_png.rf.ae3e3cb957d9f9af0da92000b4923617.txt,58,67633c28101f54199707fcc71363503e7668a57080b1ecdf25b32e5d22576726
after,train,labels,dataset_clean/train/labels/100_png.rf.d2b173f66f996a04e9722da879c91aa2.txt,58,67633c28101f54199707fcc71363503e7668a57080b1ecdf25b32e5d22576726
after,train,labels,dataset_clean/train/labels/101_png.rf.0a98b15e94e04b78cbe1336cab819ca9.txt,67,a5f9e01e27e5360edf9855452159092874bab722deee65f1bbf34eba8693e3a0
after,train,labels,dataset_clean/train/labels/101_png.rf.c9494abd59f6581ee544d3437f740134.txt,68,9906c90841458594a002cbf1b982075e58249922a4999d105e49e6f007cac680
after,train,labels,dataset_clean/train/labels/101_png.rf.f34163f5e9157739d94a958ac6aeb0d8.txt,68,9906c90841458594a002cbf1b982075e58249922a4999d105e49e6f007cac680
after,train,labels,dataset_clean/train/labels/102_png.rf.2f06581cbd52f22fadc5113158c7d0da.txt,54,5baf0ff3d9559ae1f474ac3ad55708641814082ff957d564241e04f0d60ee99d
after,train,labels,dataset_clean/train/labels/102_png.rf.715503b50d19408be9d8513ad38327f9.txt,54,5baf0ff3d9559ae1f474ac3ad55708641814082ff957d564241e04f0d60ee99d
after,train,labels,dataset_clean/train/labels/102_png.rf.dc1315cb0db8542e93a8ab6f16e7f603.txt,54,5baf0ff3d9559ae1f474ac3ad55708641814082ff957d564241e04f0d60ee99d
after,train,labels,dataset_clean/train/labels/103_png.rf.0bf110810427204c70c71d887d2393e5.txt,45,84b56302585f5e0c3e3abe0ccbf52ca07109282b1d054bd2b385b6adc12e3ce4
after,train,labels,dataset_clean/train/labels/103_png.rf.4ee03846421f05e145684c3379e657f7.txt,54,1b63d54fa2d616f26ea7726ffe4428ae50d72af57cb9e9da835eb448b0943c9a
after,train,labels,dataset_clean/train/labels/106_png.rf.064fefba355be26be054010263ff3d07.txt,47,d4ea98da548b90be4f6e1cbfd7d506002177fcdaea8e7a85a23c0c2ae1bb73f8
after,train,labels,dataset_clean/train/labels/106_png.rf.54cb386242cb995b1c81b56d29e7e38f.txt,47,d4ea98da548b90be4f6e1cbfd7d506002177fcdaea8e7a85a23c0c2ae1bb73f8
after,train,labels,dataset_clean/train/labels/106_png.rf.601ddb4cc416d8acb244cd5b618e73e8.txt,47,d4ea98da548b90be4f6e1cbfd7d506002177fcdaea8e7a85a23c0c2ae1bb73f8
after,train,labels,dataset_clean/train/labels/107_png.rf.1dfad04627cb742cc02dbd9967796b22.txt,46,840dbba2347591016420b8dfca9fbf9bbee1f217d5f6f6b838fe192a1d6c8a50
after,train,labels,dataset_clean/train/labels/107_png.rf.28cd099155dfbe3dcc80922cb3b1f9eb.txt,46,840dbba2347591016420b8dfca9fbf9bbee1f217d5f6f6b838fe192a1d6c8a50
after,train,labels,dataset_clean/train/labels/107_png.rf.733cd882fa039839f90209b7fa800f94.txt,46,840dbba2347591016420b8dfca9fbf9bbee1f217d5f6f6b838fe192a1d6c8a50
after,train,labels,dataset_clean/train/labels/108_png.rf.18dabe4f3d8c2c88f30d1ec8607b3b0a.txt,60,ed1a2e7f2499f5afd62a3511aa7b8538b16c0496e3fc3372ca2c823c96d2ee0c
after,train,labels,dataset_clean/train/labels/108_png.rf.a6633a716d10aa7b53c374e4ea1562e4.txt,60,ed1a2e7f2499f5afd62a3511aa7b8538b16c0496e3fc3372ca2c823c96d2ee0c
after,train,labels,dataset_clean/train/labels/108_png.rf.ceaf41761f9fc0df4d5f5cac4ebcf161.txt,67,5a66e8b2e08f85ad8740385df343061fac220a6e4ba95dbe01adb63db85eb936
after,train,labels,dataset_clean/train/labels/109_png.rf.797b005c4b9680d0eaa926f15e5ca347.txt,57,84e9fd70c1652f535b0509cb6fd31f28e8ca9a792f9be99bc0fcf86de084a996
after,train,labels,dataset_clean/train/labels/109_png.rf.86456aca4577f28a58ef012cd0b19bca.txt,64,4d4b9b6de686b33a3ae7e0e990bd475117c3ec0fa8a4eb1ccd772d696a30227a
after,train,labels,dataset_clean/train/labels/109_png.rf.941274b1250b96d78349d214e3607dff.txt,57,84e9fd70c1652f535b0509cb6fd31f28e8ca9a792f9be99bc0fcf86de084a996
after,train,labels,dataset_clean/train/labels/10_jpg.rf.2a8a787a4fde422108bfb89599eedf78.txt,69,94a9fe87301220e1665134dee69619b58194bd85f4320686943b66f424d4d5d6
after,train,labels,dataset_clean/train/labels/10_jpg.rf.418f9a38a7ed5da52c7f2a424ebeafce.txt,78,8de9cc5c0883f0cfe25be30c0392e33cee5b9a595ef071ae1cca64fc82e4ee1a
after,train,labels,dataset_clean/train/labels/10_jpg.rf.5b10fd9f082969b3543cb4fb6cbec1ac.txt,68,a02a15b317b4c9bf2503f52418990c6ed93657db553a4dbdf50bafb6601ae676
after,train,labels,dataset_clean/train/labels/10_jpg.rf.90140f9edbc50433ae35048cb293b18d.txt,68,a02a15b317b4c9bf2503f52418990c6ed93657db553a4dbdf50bafb6601ae676
after,train,labels,dataset_clean/train/labels/10_jpg.rf.9082ca1f5897d6550a993f85b6b81571.txt,78,cc618414ecee6231f9f48d4e3743d6b8660ff2921277defec1492af7ccff79dd
after,train,labels,dataset_clean/train/labels/10_jpg.rf.f88dbd823cc24195d3b0d5e4c32c32f6.txt,78,8de9cc5c0883f0cfe25be30c0392e33cee5b9a595ef071ae1cca64fc82e4ee1a
after,train,labels,dataset_clean/train/labels/110_png.rf.0fa6ea25e4d179c8cdc10115cf90d80d.txt,57,7c33b583a3dde65e92848a152d7dbfae235e1fb01d92a8ad9fb08d383deca466
after,train,labels,dataset_clean/train/labels/110_png.rf.bcaaf316e0290f6ee66151ad4c18bec0.txt,57,7c33b583a3dde65e92848a152d7dbfae235e1fb01d92a8ad9fb08d383deca466
after,train,labels,dataset_clean/train/labels/110_png.rf.e191757be1f27a31d7358e7a0c6bd2cb.txt,57,7c33b583a3dde65e92848a152d7dbfae235e1fb01d92a8ad9fb08d383deca466
after,train,labels,dataset_clean/train/labels/111_png.rf.8300a321d6392852e399aaca38816b76.txt,68,cc61125cf2136a3cb66824e0b677621be3a3b7b080623cfba103bfbd3bb438eb
after,train,labels,dataset_clean/train/labels/111_png.rf.cc7ab32e804a5031d4dd5cb6815d2d00.txt,60,416b9ad4837c3bbc3b75bfcd3b419dce081a185c20ba2c1720a87ea964ec7bfd
after,train,labels,dataset_clean/train/labels/111_png.rf.ce66bf8c2ff53574ca326df3f5503a4b.txt,68,cc61125cf2136a3cb66824e0b677621be3a3b7b080623cfba103bfbd3bb438eb
after,train,labels,dataset_clean/train/labels/112_png.rf.30121f1b784ac8f9773c42689d9f5138.txt,62,c99ec2658c73d84065f81c0532b42d034c8676eeb149f05d1b0d493925081bbf
after,train,labels,dataset_clean/train/labels/112_png.rf.acc116372d9b07a8b74806a54832131c.txt,62,c99ec2658c73d84065f81c0532b42d034c8676eeb149f05d1b0d493925081bbf
after,train,labels,dataset_clean/train/labels/112_png.rf.bdc26efbff34f838c02d3f22c3baa9bd.txt,67,7cdb9816118fa8865321651c8413913ee5a6b394d4569a671d3123c4a68c5aa9
after,train,labels,dataset_clean/train/labels/113_png.rf.65e538451949fae23e75f15ecc37bc9a.txt,64,2fe43ce4396571daaf38fde0e4c013dcfd0802dddd4490718c31f037dceb90e0
after,train,labels,dataset_clean/train/labels/113_png.rf.8341595e2af6d93e41667ff21c612c6f.txt,64,2fe43ce4396571daaf38fde0e4c013dcfd0802dddd4490718c31f037dceb90e0
after,train,labels,dataset_clean/train/labels/113_png.rf.8d93af44330dc324f375019d592da2a8.txt,64,2fe43ce4396571daaf38fde0e4c013dcfd0802dddd4490718c31f037dceb90e0
after,train,labels,dataset_clean/train/labels/114_png.rf.049988df379918e1214b54cd7f633245.txt,58,a4bc1eef10e02e5096afee4b36b64195e6b478f0200a845142ac21a0f8de4ef4
after,train,labels,dataset_clean/train/labels/114_png.rf.199df38cd9d5cbbc1b9e36edc805a90f.txt,58,a4bc1eef10e02e5096afee4b36b64195e6b478f0200a845142ac21a0f8de4ef4
after,train,labels,dataset_clean/train/labels/114_png.rf.f3f89ccb7c091b48b494b597ea387d85.txt,57,7ffb20552ce279d095d6ec52d4ce0ffd06e8a927e39b4caa6f77dd34cb8158d6
after,train,labels,dataset_clean/train/labels/115_png.rf.2ccb64d2f96d13dff17b8e330c7c2ce7.txt,67,82c122a98f4d1293e679bebaa1dafbde7ebe58e7390f40cad5e348ebcbe8877b
after,train,labels,dataset_clean/train/labels/115_png.rf.be6c3783b03f79b01f1111b67f755fb0.txt,68,46b09a9bf09680b2030c9b91464022f947dbe5a4ec6cbe5f92a8e120e2d229cb
after,train,labels,dataset_clean/train/labels/115_png.rf.f1019af88572dd99eb167258eb81795f.txt,68,46b09a9bf09680b2030c9b91464022f947dbe5a4ec6cbe5f92a8e120e2d229cb
after,train,labels,dataset_clean/train/labels/118_png.rf.504752b557345eede602f3fcb13ccdd5.txt,59,ee50d5617954091058d6c4f7254a55737c638e17067bae889fca35d1246f026d
after,train,labels,dataset_clean/train/labels/118_png.rf.920f4d82d394950660721d6c256bd8e2.txt,60,66b3719ebdea4392a16c38a9ac8fab5ce0d9cdddd42b5cd177756767792eb755
after,train,labels,dataset_clean/train/labels/118_png.rf.c4114e763b5f6945cc7b29ffcb9e83c4.txt,60,66b3719ebdea4392a16c38a9ac8fab5ce0d9cdddd42b5cd177756767792eb755
after,train,labels,dataset_clean/train/labels/119_png.rf.13516ad79d88d7b146e862795a94745e.txt,63,d0e1a33d25364fe9d8be1f66cc01a9fafcab346024603e2f89d174d80df35149
after,train,labels,dataset_clean/train/labels/119_png.rf.4ae897b8aed861bb7a43029e358c8d48.txt,63,d0e1a33d25364fe9d8be1f66cc01a9fafcab346024603e2f89d174d80df35149
after,train,labels,dataset_clean/train/labels/119_png.rf.cfcff5eb493572acb8a262df19483d6d.txt,63,7221802229eeb0eae988112f84625c7e8b60e6d74c98481627a3c0c520bed335
after,train,labels,dataset_clean/train/labels/11_jpg.rf.39650bb4d7869bc18a22d4b2a3cc105d.txt,70,7d749cd52d625ce748c51e660cb4abc34ff371066fe22505090bde27e30dc68b
after,train,labels,dataset_clean/train/labels/11_jpg.rf.59437568b3cda71fe9cb18e6eb08c26f.txt,78,4426c3b77f2d7393a1685aad4b1ecce1c130dd6bc5efc69dd1557640f85c2e4b
after,train,labels,dataset_clean/train/labels/11_jpg.rf.69d94eac09e0c40185169d11fc4b1f3c.txt,77,79d9d92230d45b63a5058348a51045262809ac12c07d09799e474924fe1b8b1a
after,train,labels,dataset_clean/train/labels/11_jpg.rf.c0942da427f24c4737987554a8bc5ea8.txt,78,359dd545a0d3a7c135d59e841198a625b29320502fe133b28053030bdf306464
after,train,labels,dataset_clean/train/labels/11_jpg.rf.d53118caf9c55ff82906ae2792d8e262.txt,78,4426c3b77f2d7393a1685aad4b1ecce1c130dd6bc5efc69dd1557640f85c2e4b
after,train,labels,dataset_clean/train/labels/11_jpg.rf.f7ddf5d7696c6b1fe81486d067fbfa23.txt,66,a6c3739f62ccea0d7ef93f959131aaf104a35deb587be7f253983f8ea2d97faf
after,train,labels,dataset_clean/train/labels/11_jpg.rf.fb11168aa626d5f5dfc99884b8cc29f7.txt,70,7d749cd52d625ce748c51e660cb4abc34ff371066fe22505090bde27e30dc68b
after,train,labels,dataset_clean/train/labels/11_png.rf.707a746b95776b569912c7816acf3daa.txt,68,c2dbe6e9b0e62e9779fcd480d6053a4652adfe1fe0dae6f20b8c5d4802c7f55b
after,train,labels,dataset_clean/train/labels/11_png.rf.afdb4b14b5f8b2a3e473b7728f7192fa.txt,68,c2dbe6e9b0e62e9779fcd480d6053a4652adfe1fe0dae6f20b8c5d4802c7f55b
after,train,labels,dataset_clean/train/labels/11_png.rf.d0e2f2d8e05db3651ef10479e93dedc9.txt,67,28a85b69d5fe3648316c95f207656ac6ce6bbc6d4da53b64c0e7aad16af6d2aa
after,train,labels,dataset_clean/train/labels/120_png.rf.445ada354a6ccdbc74632266340429ab.txt,57,5e68994bc12c42b2b7b704cbd0f53aeb344b2e1e0ef0320950b6670af07a1169
after,train,labels,dataset_clean/train/labels/120_png.rf.555a2d60ace29f02e23872ccad4f5d24.txt,57,5e68994bc12c42b2b7b704cbd0f53aeb344b2e1e0ef0320950b6670af07a1169
after,train,labels,dataset_clean/train/labels/120_png.rf.7e0a2dc45015c83f826e793427d21219.txt,57,5e68994bc12c42b2b7b704cbd0f53aeb344b2e1e0ef0320950b6670af07a1169
after,train,labels,dataset_clean/train/labels/123_png.rf.062959393b9cbb6df8b8fc1059fac3c4.txt,68,bf559633e836a4b310bbd6310e3ef1c5f319d3da9190c1799b2b63bc0b9b7e95
after,train,labels,dataset_clean/train/labels/123_png.rf.5df8b05ee6c69efa4953bb5827650b35.txt,69,befaa3e3877b79953a0b9a48f79f6c00ddae1fab08defc9cb30963fd12eb973d
after,train,labels,dataset_clean/train/labels/124_png.rf.29a41f24ea52e762927142e5fa77a316.txt,64,c17601de320f87181e6cc06e43f066707362185769c8c243f71fc20810f78fdd
after,train,labels,dataset_clean/train/labels/124_png.rf.c16d2035805c27532fde2beb3aa0deb9.txt,64,c17601de320f87181e6cc06e43f066707362185769c8c243f71fc20810f78fdd
after,train,labels,dataset_clean/train/labels/124_png.rf.fba6ecc4c65982457aa91a40da811979.txt,64,c17601de320f87181e6cc06e43f066707362185769c8c243f71fc20810f78fdd
after,train,labels,dataset_clean/train/labels/125_png.rf.0334b7016da9ee177731900ea9639db7.txt,52,58aa99bb02d87cb899ccc1aba171a43d847e6dfe3f12022ea94951521e3da308
after,train,labels,dataset_clean/train/labels/125_png.rf.25af0fe83c2dbc59a49a4f2f74cab8ab.txt,52,58aa99bb02d87cb899ccc1aba171a43d847e6dfe3f12022ea94951521e3da308
after,train,labels,dataset_clean/train/labels/125_png.rf.7103b82feef5de136791b72d01382cc1.txt,52,58aa99bb02d87cb899ccc1aba171a43d847e6dfe3f12022ea94951521e3da308
after,train,labels,dataset_clean/train/labels/126_png.rf.956ac0d184e55fa67cfa9355b20132cd.txt,63,7dd0eeb0cbff1df3f3e71263eff1b6f8f76d1f6b82aeefbed573b326bc7a65ca
after,train,labels,dataset_clean/train/labels/126_png.rf.abd7476aaf9c8997564e35d8d17c127b.txt,63,d52b962eaa30afb022c1826ce807e34bf9db7212fecdc175827a4686f3ade226
after,train,labels,dataset_clean/train/labels/126_png.rf.f3edd6e310ff5cabe5f9630480af1508.txt,63,d52b962eaa30afb022c1826ce807e34bf9db7212fecdc175827a4686f3ade226
after,train,labels,dataset_clean/train/labels/127_png.rf.3e927699afb6f3219659eab0d87d0c8a.txt,58,1a908149840fdca05a1714a88b839e0388542baad4b692ad73fdd66c1cfc59c3
after,train,labels,dataset_clean/train/labels/127_png.rf.55a34fbc9271094929a80a4ba1e3d876.txt,58,1a908149840fdca05a1714a88b839e0388542baad4b692ad73fdd66c1cfc59c3
after,train,labels,dataset_clean/train/labels/127_png.rf.dee11f6f82e0aca2917347b6dbc28869.txt,58,1a908149840fdca05a1714a88b839e0388542baad4b692ad73fdd66c1cfc59c3
after,train,labels,dataset_clean/train/labels/128_png.rf.1ef0ac55773ee19f986cb0689255bde4.txt,58,279734107b1767ae4a9f3c84d597e3794f33d3d7fa0535369ec340911230f178
after,train,labels,dataset_clean/train/labels/128_png.rf.7da693d9fd0ccfbe53fd5490366ee8a2.txt,66,ddf70121a58d0034ee65552b5b00b5a2c38cb02360932f1bbc8f1d48f8b13511
after,train,labels,dataset_clean/train/labels/128_png.rf.af6fa2f55604a625619b8308fca1b5e8.txt,66,ddf70121a58d0034ee65552b5b00b5a2c38cb02360932f1bbc8f1d48f8b13511
after,train,labels,dataset_clean/train/labels/12_png.rf.0b34cce66708dcb003c3cc5dc19b9f0f.txt,65,05c2c8308fce16e337067e4d125d79b065a05995bad730f409d4d0df15a67b3c
after,train,labels,dataset_clean/train/labels/12_png.rf.9a3c114f08ab653d86cba1b8cac2759c.txt,64,624ec2664f8ab2b9b9f96b03553a6acd9ac16802a0d792b50eb22285bbe9d203
after,train,labels,dataset_clean/train/labels/12_png.rf.b563d2f1205cdfb72d486dad158d2804.txt,65,05c2c8308fce16e337067e4d125d79b065a05995bad730f409d4d0df15a67b3c
after,train,labels,dataset_clean/train/labels/130_png.rf.5b88253091e0bb5f6f18e82e9cdf74bf.txt,55,5b2c3bd4acf8773ea9103942ebb075a63437a485286e50ba08520cc4495faae3
after,train,labels,dataset_clean/train/labels/130_png.rf.ed394512147d075347841fb48b2a817a.txt,55,5b2c3bd4acf8773ea9103942ebb075a63437a485286e50ba08520cc4495faae3
after,train,labels,dataset_clean/train/labels/130_png.rf.fd7a91f56dae5e58c5d97f2c4bddfd7c.txt,55,5b2c3bd4acf8773ea9103942ebb075a63437a485286e50ba08520cc4495faae3
after,train,labels,dataset_clean/train/labels/131_png.rf.09b7fce6407fbebbdcefe8334074856e.txt,51,f58657bf2ada6f46bf19a8e6a4fc492bc4380e521ff71f49756fb52e5f0e29ea
after,train,labels,dataset_clean/train/labels/131_png.rf.133fea92f059fb9fbee1e7ede646db28.txt,57,a3d468d6b78f0855cc53c32c7d152c38d4e55c485d73910f2546d581be39280a
after,train,labels,dataset_clean/train/labels/131_png.rf.af8947a6250ce273a65ed8be75ac817b.txt,51,f58657bf2ada6f46bf19a8e6a4fc492bc4380e521ff71f49756fb52e5f0e29ea
after,train,labels,dataset_clean/train/labels/132_png.rf.3bd3bdc6028d93183f7aa98ccf9dfeb0.txt,65,1c51d35e800b057ed33b70ea23f998ed01b2f1e76275faa2d511b5bfdab4004e
after,train,labels,dataset_clean/train/labels/132_png.rf.52d8d8e21ec03c12e177c4143d42a7fa.txt,65,d5d0633fab65c25d762c3f8d90983c56463adeb43fdab0803cc02060f9f13e6e
after,train,labels,dataset_clean/train/labels/132_png.rf.cc26fd45ab4388bde6b3a539c264d81f.txt,65,1c51d35e800b057ed33b70ea23f998ed01b2f1e76275faa2d511b5bfdab4004e
after,train,labels,dataset_clean/train/labels/133_png.rf.49db80cd3bf0b6a1275941c57e78be67.txt,56,346c4c6846a711f7db54abe1d7ec600a5273cce436c30ae0b99e16cba44e30bd
after,train,labels,dataset_clean/train/labels/133_png.rf.4d1f9c5d1ebdca040b2d8740bd15c3f4.txt,57,40eb1d57a19fdc587e1d4e2e83d671f9c1814a51da5c0fbd2b533d8b008e8415
after,train,labels,dataset_clean/train/labels/133_png.rf.c9997f53dae1c5ee4667e29829cb6d59.txt,57,40eb1d57a19fdc587e1d4e2e83d671f9c1814a51da5c0fbd2b533d8b008e8415
after,train,labels,dataset_clean/train/labels/134_png.rf.81f3988bceb67dfcdfae48791e7956f8.txt,57,2161c1e9f73afd8b75f43890007e68e3da816b58388a1fcc0f7d328564e5e8ac
after,train,labels,dataset_clean/train/labels/134_png.rf.850bc28fe3ba742d7a3f8b1c04343287.txt,63,65151594f4c6e2968af9f2561562d0e0df57c666fae0b03e1cb86812965c7aff
after,train,labels,dataset_clean/train/labels/134_png.rf.b0c820ca3ed83e93bc30dfcd513f3bd4.txt,57,2161c1e9f73afd8b75f43890007e68e3da816b58388a1fcc0f7d328564e5e8ac
after,train,labels,dataset_clean/train/labels/135_png.rf.3bddcfe5fe503e6a639c9b57c770227a.txt,58,e3549b5b540d1908c11e5bd0241921fa9a5180752818b4b46e06aecdde8a7595
after,train,labels,dataset_clean/train/labels/135_png.rf.5de25c3f066cf6cd1d462f33ab2860ee.txt,58,e3549b5b540d1908c11e5bd0241921fa9a5180752818b4b46e06aecdde8a7595
after,train,labels,dataset_clean/train/labels/135_png.rf.a0eb2a72d57ef22e8372db69ed98e903.txt,58,b1549e0ca39c51266a8c35c9e33640a85921609e554cbea620fe13fb42de07e6
after,train,labels,dataset_clean/train/labels/136_png.rf.012ca1b3041ef8912f76631e53f3b709.txt,55,f17c8cf64f0e022877ac2e7c1c9db2ba40046489ca9de0b60f905e0da4c30acf
after,train,labels,dataset_clean/train/labels/136_png.rf.25957bbc5279e29be2b57a0311fd7c4d.txt,54,c73c5238b8095a62bb4abcceef3e8ce7d01df9aa63dccc8bf37c2c715544f3de
after,train,labels,dataset_clean/train/labels/136_png.rf.c16004287a16aed3d12ddc359dd186de.txt,55,f17c8cf64f0e022877ac2e7c1c9db2ba40046489ca9de0b60f905e0da4c30acf
after,train,labels,dataset_clean/train/labels/137_png.rf.0d3aaddb70cc1f50c655dfa1a99834f7.txt,66,c6b19a08f9a0e26d7a61996243b9b4ba71fc1bee3e495a7421a07b6d74fc1211
after,train,labels,dataset_clean/train/labels/137_png.rf.6b84461a7af836f09f9f9f0187e6a36d.txt,66,c6b19a08f9a0e26d7a61996243b9b4ba71fc1bee3e495a7421a07b6d74fc1211
after,train,labels,dataset_clean/train/labels/137_png.rf.e5cb1571e4d6e20126a7cf1c4f0d96e4.txt,66,c6b19a08f9a0e26d7a61996243b9b4ba71fc1bee3e495a7421a07b6d74fc1211
after,train,labels,dataset_clean/train/labels/138_png.rf.07537b876167d20f11ece337bfcc3a0f.txt,51,98bc48fda5dc29fd52fb3f117e3fd84ae7987062c0ff58bd8be2577f268c7ba6
after,train,labels,dataset_clean/train/labels/138_png.rf.7ca5342b7c60444d273b0da3ade5e6c3.txt,50,d3dac97874e473c9c9dcb114f1c351a8e40b4a7d2869e0c039ccff3ba0da9110
after,train,labels,dataset_clean/train/labels/138_png.rf.bccec7c85bbba4ac8d330ae22ceb935e.txt,51,98bc48fda5dc29fd52fb3f117e3fd84ae7987062c0ff58bd8be2577f268c7ba6
after,train,labels,dataset_clean/train/labels/139_png.rf.08f6253cc683105f22519581ad9a50e2.txt,63,2a69ae0e22b555fb691f3ccb953ec108e80bf0526f6a05abe51a511cad21aa5e
after,train,labels,dataset_clean/train/labels/139_png.rf.7e4a61a8c893a5443dd35a30b33b3224.txt,63,2a69ae0e22b555fb691f3ccb953ec108e80bf0526f6a05abe51a511cad21aa5e
after,train,labels,dataset_clean/train/labels/139_png.rf.8c18f1a18f7893adbc9740a273a6daeb.txt,63,2a69ae0e22b555fb691f3ccb953ec108e80bf0526f6a05abe51a511cad21aa5e
after,train,labels,dataset_clean/train/labels/13_png.rf.80704e44e24cf75995db543ca14126ef.txt,59,198245b446e807a4e113f549812069ff426e19a60d736ef0d60c305d9e21b1bc
after,train,labels,dataset_clean/train/labels/13_png.rf.c1c5a5add98d223ae6ff61fa42f18551.txt,52,174d18d0519e73a4f3ce525e754d67502667e5fcb2161f4f83376166e4054c79
after,train,labels,dataset_clean/train/labels/13_png.rf.e0896af5cce559936042bf3d28d8c067.txt,59,198245b446e807a4e113f549812069ff426e19a60d736ef0d60c305d9e21b1bc
after,train,labels,dataset_clean/train/labels/140_png.rf.0b9bac5db1e5eb4f474b99aa66b0d2b1.txt,58,44b74454c8e26a31afd8f27cd993e5c51ecdf5b99d24093f2d152839b57212fe
after,train,labels,dataset_clean/train/labels/140_png.rf.e0258b00fa1462b3bec00e99b7200852.txt,59,39f9ca1907b2d0d3ca262808b1c2495b17f4c357c00434929d7d84ba32840a94
after,train,labels,dataset_clean/train/labels/140_png.rf.e57249f9c411d80f9f0e7e9daeb11fb0.txt,59,39f9ca1907b2d0d3ca262808b1c2495b17f4c357c00434929d7d84ba32840a94
after,train,labels,dataset_clean/train/labels/141_png.rf.5ee252fe694d48188a1c0ba116d1d662.txt,58,9726dcd68309c684b4d8ae5a233f0352a1e1d3b72ce301cf9e9d490b3e673a48
after,train,labels,dataset_clean/train/labels/141_png.rf.b3b2c63de27a3d9669126cdf45867d4e.txt,57,efcb5ba30e791f582a773ee5bf240723683ce2464dff6584a8fd03b4ec7d76f6
after,train,labels,dataset_clean/train/labels/141_png.rf.d0e155825979c905bd3a113c11ff7348.txt,58,9726dcd68309c684b4d8ae5a233f0352a1e1d3b72ce301cf9e9d490b3e673a48
after,train,labels,dataset_clean/train/labels/142_png.rf.60108fd821910de662e8aa67ec7ae652.txt,61,cef9cc30e90058153052b91a07cb51cd612eed3eac8dd5164074528f8ea88894
after,train,labels,dataset_clean/train/labels/142_png.rf.603bd21e037fcc15916e8f8eeaf68aaa.txt,52,46f1e2714c7125b368bd930dcd398ee847940cba3c94402300f1b7817856323e
after,train,labels,dataset_clean/train/labels/142_png.rf.be04cb060589ec4537a8a4ac1ec8e104.txt,61,cef9cc30e90058153052b91a07cb51cd612eed3eac8dd5164074528f8ea88894
after,train,labels,dataset_clean/train/labels/143_png.rf.0fe14e31d7c03f8142de5a05238c1a3b.txt,67,bce0da5a1a8e6a98dfe0a19acf1793aa392512946d0bb5948b089833eba65e41
after,train,labels,dataset_clean/train/labels/143_png.rf.52273599d17524a935d00bf8ca2379c8.txt,68,3b50ae7db7ab21967dd40090adb5132090a340b2a6ccd9c132950c89336bfb64
after,train,labels,dataset_clean/train/labels/143_png.rf.bdfa2aee35b955f6c24d02bd523226a8.txt,68,3b50ae7db7ab21967dd40090adb5132090a340b2a6ccd9c132950c89336bfb64
after,train,labels,dataset_clean/train/labels/144_png.rf.0c9da227ca746a12ef318f095ff7d106.txt,61,9b30fcea6ebf8e441fe75281b86f511bdf48df59fb19038de38e2cebc702a4e6
after,train,labels,dataset_clean/train/labels/144_png.rf.708bce825981a4eeb48e9be672cd1e94.txt,54,76b58b1050a9bd4aa1e743766b0d604dae5c6a77662dd0aafde2f1fe789f1105
after,train,labels,dataset_clean/train/labels/144_png.rf.835a54afb4dcea9128300b01e2f630c2.txt,54,76b58b1050a9bd4aa1e743766b0d604dae5c6a77662dd0aafde2f1fe789f1105
after,train,labels,dataset_clean/train/labels/145_png.rf.27e426f37082f77ed03809518877fa49.txt,59,efd9843f39b8b653f4364c38f882d69a85d378666d6db9843232cfe583129579
after,train,labels,dataset_clean/train/labels/145_png.rf.aa782fcd2d21e601a2f9b790f63bfbc3.txt,59,efd9843f39b8b653f4364c38f882d69a85d378666d6db9843232cfe583129579
after,train,labels,dataset_clean/train/labels/145_png.rf.c69ff30fbc1c8846b682aea1049ea4bf.txt,59,8c4ef4c3c8ffdfaaf4b63a950ed7a510d3672e6e64255bda4783a98718d14be5
after,train,labels,dataset_clean/train/labels/146_png.rf.24474cbe378cae99461fc6442f45e142.txt,65,2ae2a0678cdf2f84a7b21935f5105030a96ee0478414801405c4166e5907d45c
after,train,labels,dataset_clean/train/labels/146_png.rf.56576f1c0a8c0f88ad790aa5e8f0d5d5.txt,65,2ae2a0678cdf2f84a7b21935f5105030a96ee0478414801405c4166e5907d45c
after,train,labels,dataset_clean/train/labels/146_png.rf.c1113d5acd8c9c63873b1bf081b44e16.txt,65,2ae2a0678cdf2f84a7b21935f5105030a96ee0478414801405c4166e5907d45c
after,train,labels,dataset_clean/train/labels/147_png.rf.4cb4abacaf68ca4bfcb3e82a37e75651.txt,60,502197bcd67937d83569da13b50838c45afd8568fe10f566e2f9141ba4e081e2
after,train,labels,dataset_clean/train/labels/147_png.rf.ab86ff936cc4ab25481e947ec55bb33b.txt,60,502197bcd67937d83569da13b50838c45afd8568fe10f566e2f9141ba4e081e2
after,train,labels,dataset_clean/train/labels/147_png.rf.f5cb664c2cf7e7f7c9517e74bb8eca40.txt,59,74793094361024a880f101a7b838353eebe335b59614b9a08bdba3e4113197ef
after,train,labels,dataset_clean/train/labels/148_png.rf.9bc1774f4a31fc5af7f5e08571c986f0.txt,57,475a82048fd307ea0b5e3b84de4b741201600ed3f0446c4a7a348118cca10325
after,train,labels,dataset_clean/train/labels/148_png.rf.aa25e76437add44b6259ba9c83d07402.txt,57,475a82048fd307ea0b5e3b84de4b741201600ed3f0446c4a7a348118cca10325
after,train,labels,dataset_clean/train/labels/148_png.rf.f9c20dbcb42f13f88b7f7edd6017f38e.txt,57,475a82048fd307ea0b5e3b84de4b741201600ed3f0446c4a7a348118cca10325
after,train,labels,dataset_clean/train/labels/149_png.rf.1323ed3cac5f12c5c676b9221f8a53c6.txt,59,f59235b5cd2504f901d602791837a0ebfb3df36a50c4ce96296cbb901e0143c1
after,train,labels,dataset_clean/train/labels/149_png.rf.f02917fcf35ccd2f4b85f198508043fe.txt,54,2090e4879a35303a26a4ac04d1b0ce2c75e3b5ddeac42e7ff8b26f1c4c2611dd
after,train,labels,dataset_clean/train/labels/149_png.rf.f4b3677741edd9f429a14197d7624e97.txt,54,2090e4879a35303a26a4ac04d1b0ce2c75e3b5ddeac42e7ff8b26f1c4c2611dd
after,train,labels,dataset_clean/train/labels/150_png.rf.7f564b3b8a8072fa92ab282ce9f8eed4.txt,60,ca7334fe5eb5a8569631003dce79521d6eb296e988fc5185a19e5c39a2d6f14e
after,train,labels,dataset_clean/train/labels/150_png.rf.85487a4de559f8558c07de407034d860.txt,52,5bd8dbccd02adc5b818e8a8647588d75056ee16d3ef70157f6ab1a82d037c790
after,train,labels,dataset_clean/train/labels/150_png.rf.de0b88bd9d926e46c15f1030f31c26d8.txt,60,ca7334fe5eb5a8569631003dce79521d6eb296e988fc5185a19e5c39a2d6f14e
after,train,labels,dataset_clean/train/labels/151_png.rf.6919074b7f39e1aba3196e5cc26086b6.txt,59,e8edb8d6f82c4fe8a3f163e8ef1204038417e4bb5e92d7874795ef24e318d449
after,train,labels,dataset_clean/train/labels/151_png.rf.a6d68cdfa0454cddf9370373171a6038.txt,59,591e2263872cfdcd62d5526427286a2d7e326349d4f7f1d3a98e8b0e2490a8f7
after,train,labels,dataset_clean/train/labels/151_png.rf.b7f23cc957c5f4a6b7c0cdca4acac617.txt,59,591e2263872cfdcd62d5526427286a2d7e326349d4f7f1d3a98e8b0e2490a8f7
after,train,labels,dataset_clean/train/labels/152_png.rf.7c20fc7f7393c09fd3a28e2685b39bd3.txt,60,755fb3dcc82605ebac8133a08a4aa72c554de1748bed5a859cac434a13c601f5
after,train,labels,dataset_clean/train/labels/152_png.rf.a96685c1e5c213269b051773d16c2cdc.txt,60,755fb3dcc82605ebac8133a08a4aa72c554de1748bed5a859cac434a13c601f5
after,train,labels,dataset_clean/train/labels/152_png.rf.c5c12bc18132a79ee1461a0fe77472f1.txt,60,755fb3dcc82605ebac8133a08a4aa72c554de1748bed5a859cac434a13c601f5
after,train,labels,dataset_clean/train/labels/153_png.rf.881700fa167f14ff1ebe3ba31d809d5e.txt,57,eed4b28e7b5c6a4f80e1724087fad973126beecc27083982c3886ede61db8968
after,train,labels,dataset_clean/train/labels/153_png.rf.9d0f83cbe32e1b9bed2a3eb3862f6505.txt,57,eed4b28e7b5c6a4f80e1724087fad973126beecc27083982c3886ede61db8968
after,train,labels,dataset_clean/train/labels/153_png.rf.d9bd292a8a4dd48af4c05a566b9a5389.txt,57,eed4b28e7b5c6a4f80e1724087fad973126beecc27083982c3886ede61db8968
after,train,labels,dataset_clean/train/labels/154_png.rf.3aec897166288292930ecc99153236e6.txt,53,1ece171ef1571e5a1e8f7dd160d4aa54bcfcd5091b8f85421437460c06962202
after,train,labels,dataset_clean/train/labels/154_png.rf.b7535b5751ac536f837013bee03fbfbf.txt,53,1ece171ef1571e5a1e8f7dd160d4aa54bcfcd5091b8f85421437460c06962202
after,train,labels,dataset_clean/train/labels/154_png.rf.ebe855ebbc4807ce485afde7a0a5b060.txt,53,1ece171ef1571e5a1e8f7dd160d4aa54bcfcd5091b8f85421437460c06962202
after,train,labels,dataset_clean/train/labels/155_png.rf.c2797fbc1a3575386742209ab16a937c.txt,63,58154d9f9f2fc7c7511aa6b41d096ae6c73c8a0bcf529ce658ace660bcaa454e
after,train,labels,dataset_clean/train/labels/155_png.rf.fe230854600008396696ba00aa9e8f83.txt,57,50175759110c34208463de8c8f34dae7855190cd7e6b0fdb5fe3e2099a698659
after,train,labels,dataset_clean/train/labels/155_png.rf.ff307a17cbef650cd5a5b0b2a68fe267.txt,57,50175759110c34208463de8c8f34dae7855190cd7e6b0fdb5fe3e2099a698659
after,train,labels,dataset_clean/train/labels/157_png.rf.199fb5e84305ffebe475f366c8f58cf4.txt,58,a16ddeecfcea16bf500bedcf365e02dd3cbb31a4046b9087269d2c77978a1f42
after,train,labels,dataset_clean/train/labels/157_png.rf.605eff6c70a135bbc41051630d9d035c.txt,65,63b5347173f220211bf2b7aeed0da9ee6d60ce0c2b895bb5bebaca0f1906fc9d
after,train,labels,dataset_clean/train/labels/157_png.rf.ac79cdb0b811b604683934e428653baa.txt,65,63b5347173f220211bf2b7aeed0da9ee6d60ce0c2b895bb5bebaca0f1906fc9d
after,train,labels,dataset_clean/train/labels/158_png.rf.260cc6ac6697a3e1ee2f2905f6c2823d.txt,66,75e603033f3feae53bb78e3e771d0dc9a34460ae0c6f3b44547a5cac08856362
after,train,labels,dataset_clean/train/labels/158_png.rf.832fb3b9d4a17abd86d9c4f2d6a8cc6d.txt,61,90879e3fe03b8614085430c01e8c740b1d1fefd1ff69b9c6fbaee7a12fd91f83
after,train,labels,dataset_clean/train/labels/158_png.rf.9f7196fc49457a1acbf4f56cc3af2e2e.txt,61,90879e3fe03b8614085430c01e8c740b1d1fefd1ff69b9c6fbaee7a12fd91f83
after,train,labels,dataset_clean/train/labels/159_png.rf.392c3d642ac756681440ee33cd421ef1.txt,65,b1b1591e325af5301771fcfa4f2c074c8f964c380745c2097b657f30061bc275
after,train,labels,dataset_clean/train/labels/159_png.rf.c0a952f033a787bec6020e417299dbeb.txt,65,b1b1591e325af5301771fcfa4f2c074c8f964c380745c2097b657f30061bc275
after,train,labels,dataset_clean/train/labels/159_png.rf.cedec3b7d94c8efc41ce21ec19a7253f.txt,65,b1b1591e325af5301771fcfa4f2c074c8f964c380745c2097b657f30061bc275
after,train,labels,dataset_clean/train/labels/15_jpg.rf.4c1e5cd3b661c788d0594a8ef2195fcd.txt,77,f191e6f90064ab84ca8728f4d42a292e49dbab393bc59134b8be6a05f69f1952
after,train,labels,dataset_clean/train/labels/15_jpg.rf.b17d655da1ae2f94c19d4308235cdac9.txt,77,f191e6f90064ab84ca8728f4d42a292e49dbab393bc59134b8be6a05f69f1952
after,train,labels,dataset_clean/train/labels/15_jpg.rf.c294799a533cd68bc882ffffb237ffc3.txt,45,dff454951d4987233f3edf7f26134a89229ecd470cd3112d95b083a6fda4f2fa
after,train,labels,dataset_clean/train/labels/15_jpg.rf.d0e34f79d386a12b379b4b81ea6f57c8.txt,45,dff454951d4987233f3edf7f26134a89229ecd470cd3112d95b083a6fda4f2fa
after,train,labels,dataset_clean/train/labels/15_jpg.rf.e06cf710c9bce99a210da8aa7b400255.txt,76,3e1e30445cd2c87feea1551f12f1af00f8272b12f156c6bd74ffbbc608735e03
after,train,labels,dataset_clean/train/labels/15_jpg.rf.f4c053e7f4600fe196e9285845a98d4c.txt,45,ae899b9711ec3a5a37008e660a965fb20172decccf98b804b71d7d55b675a2ed
after,train,labels,dataset_clean/train/labels/160_png.rf.4f35b47aa3902518341bea8f99061a16.txt,68,382dda3f403879078fc0fb089ffd216386cd881d4514cc762195304755be130f
after,train,labels,dataset_clean/train/labels/160_png.rf.a1014e1f1599384c2b761777e3c0307e.txt,67,f9c13d31df3a06cc586709103efaa360c9b09337d271edf2c0ec94e87a52de02
after,train,labels,dataset_clean/train/labels/160_png.rf.d0198cf3d90002b9c3d7bb5b5ddd99ff.txt,68,382dda3f403879078fc0fb089ffd216386cd881d4514cc762195304755be130f
after,train,labels,dataset_clean/train/labels/161_png.rf.5f171f55b753634801eb6f726df4d3eb.txt,58,5bbd91e74653da3aee6c56eeb3a0e1a30b132bbc1d8ca7fc963474659aa511ba
after,train,labels,dataset_clean/train/labels/161_png.rf.5f339f48c86e66e6a488a9c193c95cb6.txt,57,e2b85f76c6c096a14006c2ca9fc02fcea81a16f301f40b60fe4d54d68ac24c32
after,train,labels,dataset_clean/train/labels/161_png.rf.aaa3a7fd41fa1634fe4e8c0d35ca25e0.txt,58,5bbd91e74653da3aee6c56eeb3a0e1a30b132bbc1d8ca7fc963474659aa511ba
after,train,labels,dataset_clean/train/labels/162_png.rf.1dfc9f4778e9b6df7827cc7fa6cc8198.txt,56,f1ab16fe511923569166ced2a21a2e31a694510d5bc2d4638f594f2a2fc9f151
after,train,labels,dataset_clean/train/labels/162_png.rf.917dc8635ce473cd01d903cb643e5a61.txt,55,d28a88151d60bd8a2f7003c182b176ef658c0c9675fd4474c87ce5781c7605ea
after,train,labels,dataset_clean/train/labels/162_png.rf.a65b04bc575a134fb639b1ebdafa869b.txt,56,f1ab16fe511923569166ced2a21a2e31a694510d5bc2d4638f594f2a2fc9f151
after,train,labels,dataset_clean/train/labels/163_png.rf.08de932801ded5efbe3012e66a8c2050.txt,58,1d666d1683310efb7d4d155d94d2ab93b4c96f103337ae528b8c07984e8bc36c
after,train,labels,dataset_clean/train/labels/163_png.rf.6e8abe4eba955c0a59c876ebbf593c69.txt,52,3bc1a583cf20384e31b26d126ff28e8200084025fe6535c489b5533427c2b65c
after,train,labels,dataset_clean/train/labels/163_png.rf.ba8e51a950cdbf57b655fbf89e71f543.txt,52,3bc1a583cf20384e31b26d126ff28e8200084025fe6535c489b5533427c2b65c
after,train,labels,dataset_clean/train/labels/164_png.rf.172e024008c082874f305fc11630c318.txt,65,ff828ef60a9839bbef6ad0b5618fc5b2b0228fd09769a079bac6540323c1dfae
after,train,labels,dataset_clean/train/labels/164_png.rf.e0220d8a0c0f42451dfa9f20de4cb751.txt,57,e8add0bda0c1c1f2d0c05e06f4e13d895913c52644209e7f4e26d4a2beb630ba
after,train,labels,dataset_clean/train/labels/164_png.rf.e212798ffb70dd029a97563a58a055af.txt,65,ff828ef60a9839bbef6ad0b5618fc5b2b0228fd09769a079bac6540323c1dfae
after,train,labels,dataset_clean/train/labels/166_png.rf.64b95dabb13cc1d5d78cb8383cf83598.txt,62,0349067f27643e051838a3b4114b775dd3e22d94c2b89e43447dce1c5f3606e3
after,train,labels,dataset_clean/train/labels/166_png.rf.d934bf288159037a7b8a893923131d71.txt,62,8ff8487ee959868951d1325e3d2fb7865eb1210c3fab644a8ca5abb22a84e974
after,train,labels,dataset_clean/train/labels/166_png.rf.f85a9a5e0f48eb280c5c277c3ff5b85e.txt,62,8ff8487ee959868951d1325e3d2fb7865eb1210c3fab644a8ca5abb22a84e974
after,train,labels,dataset_clean/train/labels/168_png.rf.3fdf1e8198aec5c099e8f5c098dbf53c.txt,56,baa5774f4e009ce4fef26e7739f0cacdc2811002daa1773b895fba8cd697d0d0
after,train,labels,dataset_clean/train/labels/168_png.rf.45a55b5a8f0a54b3a68783699e2131c8.txt,56,baa5774f4e009ce4fef26e7739f0cacdc2811002daa1773b895fba8cd697d0d0
after,train,labels,dataset_clean/train/labels/168_png.rf.f545383bab82493c35bc37cdccf35705.txt,56,baa5774f4e009ce4fef26e7739f0cacdc2811002daa1773b895fba8cd697d0d0
after,train,labels,dataset_clean/train/labels/169_png.rf.36889405d9b81ee86cfdec8e66ff0c60.txt,50,f08e0440624a270f2906d34399955285d9ff6f761b9bede78f39493556ccf12c
after,train,labels,dataset_clean/train/labels/169_png.rf.d0e631dbc1c763ca553d7fe1ff6ad74d.txt,50,f08e0440624a270f2906d34399955285d9ff6f761b9bede78f39493556ccf12c
after,train,labels,dataset_clean/train/labels/169_png.rf.d4fed4e2ea367ec105333315414a73d0.txt,50,f08e0440624a270f2906d34399955285d9ff6f761b9bede78f39493556ccf12c
after,train,labels,dataset_clean/train/labels/16_jpg.rf.02ce3f8d461dc5dacfb8e6530d8456a5.txt,78,19ed0d864afbd30110144de20bbfb82466a30517fb0c911e26076f615bed85db
after,train,labels,dataset_clean/train/labels/16_jpg.rf.26a28ef337ee5276554a374f655cb2eb.txt,78,19ed0d864afbd30110144de20bbfb82466a30517fb0c911e26076f615bed85db
after,train,labels,dataset_clean/train/labels/16_jpg.rf.29b2733839acfa14be3004ebd4fd7ea4.txt,79,ac1929f1fa6fb4005be7cfee89f31a25c09d75b77564da97a4daf10414509799
after,train,labels,dataset_clean/train/labels/16_jpg.rf.38ec2a8f0d1da705d3da08d9b24683a4.txt,78,b651d5e281a7a194f2695769b200ccd8cd4f900377568b83828f097d8e6bac84
after,train,labels,dataset_clean/train/labels/16_jpg.rf.c94ab88c2299c5e010495739129677b0.txt,69,32c3e194499e1430e326fe169f3bd3d05be807157c888bd0b5bdc07f02ae2f92
after,train,labels,dataset_clean/train/labels/16_jpg.rf.e109878672e9ff7f574423f3a93c52d9.txt,79,ac1929f1fa6fb4005be7cfee89f31a25c09d75b77564da97a4daf10414509799
after,train,labels,dataset_clean/train/labels/16_png.rf.2529311e1e8d1f7bcd86c5961c33b9ad.txt,68,fc893fad10c20c9a0ebe6144e5e5ab36aac21eede75cbbfd4c6d724b0c7cdd35
after,train,labels,dataset_clean/train/labels/16_png.rf.7d4cf680e544374b155c8e88ca81f7b6.txt,67,0bfa36683b45f87f6284decdc0a574ca97ebca577692926b65be38a984b4ab8e
after,train,labels,dataset_clean/train/labels/16_png.rf.aed3e3d64377f20aa4a576d30022911f.txt,68,fc893fad10c20c9a0ebe6144e5e5ab36aac21eede75cbbfd4c6d724b0c7cdd35
after,train,labels,dataset_clean/train/labels/170_png.rf.0d6dd3307900f39f318d78fbcc5a96be.txt,63,bdf9ef2637045c786ef8df5f1c30f040b544ce16a32811b02ce742570dd21d3b
after,train,labels,dataset_clean/train/labels/170_png.rf.2fd2bb3332e7e5c5b3291ff9a4b0aa9f.txt,57,f0a4c0bd9647ba85b00312c21dee9d1155d1366d2a30721068884c63894371b9
after,train,labels,dataset_clean/train/labels/170_png.rf.a50cf3633b798a544279e9680daf8258.txt,57,f0a4c0bd9647ba85b00312c21dee9d1155d1366d2a30721068884c63894371b9
after,train,labels,dataset_clean/train/labels/171_png.rf.22bb3469fcb31d61f3b627e79332c679.txt,55,d1213484d868682f26475d11fcfda4153cd9b1ee63c8c522ac35c5c7f788eec9
after,train,labels,dataset_clean/train/labels/171_png.rf.570fb224249cbfeaf339a5c677eb67f1.txt,55,d1213484d868682f26475d11fcfda4153cd9b1ee63c8c522ac35c5c7f788eec9
after,train,labels,dataset_clean/train/labels/171_png.rf.9a086668ad859e105730a1b46398f722.txt,55,d1213484d868682f26475d11fcfda4153cd9b1ee63c8c522ac35c5c7f788eec9
after,train,labels,dataset_clean/train/labels/172_png.rf.26639acdf54798b56d2161298c5a1d83.txt,58,d4bfe91e68e5ecc8bbec4377096da567e67d9e8dc1ca3b2b488f61cd8f0b0deb
after,train,labels,dataset_clean/train/labels/172_png.rf.7099a77531a9df311059ecaf7cabfca6.txt,58,d4bfe91e68e5ecc8bbec4377096da567e67d9e8dc1ca3b2b488f61cd8f0b0deb
after,train,labels,dataset_clean/train/labels/172_png.rf.a8b69b7d395e68502344c181d3506cd0.txt,63,651206db0652b44958bc529608164744beeb330dd656fdebba89973a2f301d8d
after,train,labels,dataset_clean/train/labels/173_png.rf.19b0502f1f4bfc034709eb6fc6674d8e.txt,55,1abc025169d5679045643e0cde4ff28f8fb7df3a0ddd0c89efe96f08d085082a
after,train,labels,dataset_clean/train/labels/173_png.rf.73c37bba4d976a324c9843779a5538ac.txt,55,1abc025169d5679045643e0cde4ff28f8fb7df3a0ddd0c89efe96f08d085082a
after,train,labels,dataset_clean/train/labels/173_png.rf.a9bcf3231841747145a81ac7ecf6c64c.txt,55,1abc025169d5679045643e0cde4ff28f8fb7df3a0ddd0c89efe96f08d085082a
after,train,labels,dataset_clean/train/labels/174_png.rf.70ea198fe483ea22cd992f03bd378a67.txt,51,29c90f5642271ca85de5fcd34123668548cd30148c2a0deafcf1e643e2efb277
after,train,labels,dataset_clean/train/labels/174_png.rf.921089e24494788724ea6e7a4eb6a093.txt,51,29c90f5642271ca85de5fcd34123668548cd30148c2a0deafcf1e643e2efb277
after,train,labels,dataset_clean/train/labels/174_png.rf.e6ea4dd930021d9db9589933b61f8eed.txt,50,857f23b3c09fdc63170080bef2641cd7f4122699607c01e9b359ae12b14d934f
after,train,labels,dataset_clean/train/labels/175_png.rf.363e945c22fa8d142744899e711f2b16.txt,55,3d79801a3e84949d5caabd5eae8faed5e9c7bde8ab35a59d2018c1a897966d60
after,train,labels,dataset_clean/train/labels/175_png.rf.3b5195f9422d9b726512dcfef7587a7e.txt,61,252708830cc410fd87f40d4dc3325de0b2e8bd69aba544fc36d8ac5aa5ddc3b0
after,train,labels,dataset_clean/train/labels/175_png.rf.886e3d470d2eb32f7500d75a7fc40f6b.txt,55,3d79801a3e84949d5caabd5eae8faed5e9c7bde8ab35a59d2018c1a897966d60
after,train,labels,dataset_clean/train/labels/176_png.rf.13a22e777c66192a72e290137656244e.txt,62,c046682b6dcc3ac0c8b984fa7d7d2faf8e8c7acf797da1850a4a831ad4c4d8ab
after,train,labels,dataset_clean/train/labels/176_png.rf.c9edfc1505ff111f86377e6462fa5780.txt,62,c046682b6dcc3ac0c8b984fa7d7d2faf8e8c7acf797da1850a4a831ad4c4d8ab
after,train,labels,dataset_clean/train/labels/176_png.rf.d0680314d37ecc7a71759aec7ca9f7b4.txt,53,a29a159371b9500033d787792587eb103049172ba62c0541259223802dcb15d6
after,train,labels,dataset_clean/train/labels/178_png.rf.300adfca7de4b9b2b82f1381978cebf3.txt,66,cc601562dd6047285239dabd8e16db4c408b6a774d85e9cd3709a9219315983f
after,train,labels,dataset_clean/train/labels/178_png.rf.b287b77444d48fb4a4becd6beca8c575.txt,67,e6722057ad51d757142b16ec27fc9fd777ab05d286dca470fbfe6e6e57dc135b
after,train,labels,dataset_clean/train/labels/178_png.rf.e1be98701bcccf8cbe5748364287110d.txt,67,e6722057ad51d757142b16ec27fc9fd777ab05d286dca470fbfe6e6e57dc135b
after,train,labels,dataset_clean/train/labels/179_png.rf.44fedd2461353809cee34b9e5d1fcb32.txt,53,3abc27aed93f834deb06b8104c2ad9155ada040649a52424ab83774a7e3752df
after,train,labels,dataset_clean/train/labels/179_png.rf.55a0b7ca9c70aefbd4182149da0dc4a3.txt,53,3abc27aed93f834deb06b8104c2ad9155ada040649a52424ab83774a7e3752df
after,train,labels,dataset_clean/train/labels/179_png.rf.8479a84993d0d0595621700bd37e90a4.txt,52,c76a405441d24aed8b77d805b564aa3e46d85c8802a125c42fa23c04285fa75a
after,train,labels,dataset_clean/train/labels/17_jpg.rf.0cd2c1d3365399dd862abe6b3696a26d.txt,77,71561aed268c638bd90e7b6d7bc45638864c038dd9c8af98c251949c3c0912a3
after,train,labels,dataset_clean/train/labels/17_jpg.rf.2ccfb6ddb67159af72e2fde6f3a48957.txt,79,a9a4af51e9167efcdb19748f36c692aeeeb4a12fcf0006c3709f42ad717fb176
after,train,labels,dataset_clean/train/labels/17_jpg.rf.7f69b4e62f5ab635196b58d1089bc6f4.txt,67,605d1df8315f09ee1d5393f659c7c6144cf3c41ea1acbe1ce7b14279cdd023fb
after,train,labels,dataset_clean/train/labels/17_jpg.rf.9df6580000f9c549d60714031e5d982a.txt,79,8c46c261885ec9f478d933b5292276ad65acb9305c49b82c2a9f5a520af5c3fe
after,train,labels,dataset_clean/train/labels/17_jpg.rf.b9b95d7c3c78cc9503735299f3af16dc.txt,79,a9a4af51e9167efcdb19748f36c692aeeeb4a12fcf0006c3709f42ad717fb176
after,train,labels,dataset_clean/train/labels/17_jpg.rf.e65ab2e85605453693bb6c479f3ae34a.txt,77,1498ab9e55ff3743dec7b6484cd61d3dce95741d087c83b8b325f8972de878bd
after,train,labels,dataset_clean/train/labels/17_jpg.rf.fb8b336fe63e3575ef82e8cc03361bbf.txt,77,71561aed268c638bd90e7b6d7bc45638864c038dd9c8af98c251949c3c0912a3
after,train,labels,dataset_clean/train/labels/180_png.rf.02f25c50688be534232a7b30350bc1e3.txt,67,12fc317193864cbe4f2d7fe4607c5e7a3dfbd6067ba0efab42b375070b2ebec0
after,train,labels,dataset_clean/train/labels/180_png.rf.d30f48b1a73158d3947234c36284d02d.txt,62,1515d092bb2d38c27cee11153bfead2e013632dfb5b2b1b3f0d2b2685feed2b6
after,train,labels,dataset_clean/train/labels/180_png.rf.d7181216223f0bde2086d563e278ab7d.txt,62,1515d092bb2d38c27cee11153bfead2e013632dfb5b2b1b3f0d2b2685feed2b6
after,train,labels,dataset_clean/train/labels/181_png.rf.1285de5d5298905b01da99085b8e6e06.txt,53,254a54d74f3f5adba519d081947efea388849f29df29d316e9b2482906d4395e
after,train,labels,dataset_clean/train/labels/181_png.rf.7015cb878c76479ae8d404e984352b53.txt,52,b539dd65db5d67141414e5f85361a1ba6520fd77f9a7c1420a48683ae92f2bcc
after,train,labels,dataset_clean/train/labels/181_png.rf.87f59a90ab48a9e2ecd9e79adc7f89f4.txt,53,254a54d74f3f5adba519d081947efea388849f29df29d316e9b2482906d4395e
after,train,labels,dataset_clean/train/labels/182_png.rf.29d610196c9f91774dc60690238d3a05.txt,59,9d22fd34cda074276c051636613aa35611ad33592b5019ea3246b8e0fdc1c429
after,train,labels,dataset_clean/train/labels/182_png.rf.3f01f28c5c88aaaee74dd45c66b9fcf0.txt,59,573516822f77b21341388076124dc5eed7c47dc2990a4c92ff80349cad9260aa
after,train,labels,dataset_clean/train/labels/182_png.rf.f217ddc8fa3544799492bfdaccc6d180.txt,59,9d22fd34cda074276c051636613aa35611ad33592b5019ea3246b8e0fdc1c429
after,train,labels,dataset_clean/train/labels/184_png.rf.06ca18aab21ccd1d998e80896c636dc1.txt,57,517e87c9e5a7abb8147aa06d5765f469bcbb7c00f87385544a6fc4e66dbfc689
after,train,labels,dataset_clean/train/labels/184_png.rf.5a421793e255315e6a25269316d381f7.txt,58,2392acb3ad58ed60c4c75b4d702fd72605f6a3f9e9bd7fc644d3f40c0d16521a
after,train,labels,dataset_clean/train/labels/184_png.rf.9929fcd65e09d1d022a9aaf7bb33e46b.txt,58,2392acb3ad58ed60c4c75b4d702fd72605f6a3f9e9bd7fc644d3f40c0d16521a
after,train,labels,dataset_clean/train/labels/187_png.rf.0e115b218d51caa6750a6339e1d77ebf.txt,57,5fc52d4e451d14ef9618e5de519ef619179a7825f258ee3118201207fbe1120a
after,train,labels,dataset_clean/train/labels/187_png.rf.c39287e7adc7ac0ae11c5e9e6c6a1e49.txt,57,5fc52d4e451d14ef9618e5de519ef619179a7825f258ee3118201207fbe1120a
after,train,labels,dataset_clean/train/labels/187_png.rf.c9bf03d27a48240500fea0078667a147.txt,49,95eb0f448624c40992ba0ed95f9e76f81587ec89fb297ace474a75f9bba5379a
after,train,labels,dataset_clean/train/labels/188_png.rf.1e6e7b581242fb7b2cfe759045c31f4d.txt,64,c17ccef177114e0b6d0638615e08e1e6279b1c8f520dc592b0110d8b7c785561
after,train,labels,dataset_clean/train/labels/188_png.rf.6d7c9792fffffbf47997ecb665babfef.txt,64,c17ccef177114e0b6d0638615e08e1e6279b1c8f520dc592b0110d8b7c785561
after,train,labels,dataset_clean/train/labels/188_png.rf.a17653771a432e6e5220fcf5d45b0d57.txt,64,c17ccef177114e0b6d0638615e08e1e6279b1c8f520dc592b0110d8b7c785561
after,train,labels,dataset_clean/train/labels/18_jpg.rf.16a33553cdb8f8a0198dfb996d17b237.txt,78,fb09743e249543d38016544bc8fc996bd2288d01d751f2c55c67256afce44e92
after,train,labels,dataset_clean/train/labels/18_png.rf.99651d8c22ad24653d568fea65b0ac78.txt,56,1e6433ca57753817f832429486b60fe93d14f69caf8d688785157d3044cf7f11
after,train,labels,dataset_clean/train/labels/18_png.rf.e2192145f9c79a22e87102ebbdedf761.txt,57,0f47416a1bc6eb0b77edfa04bcb356353e86adaa34806a2bd73b3af760aade16
after,train,labels,dataset_clean/train/labels/18_png.rf.ec839151fa5e00a75ad6916cda3c03e8.txt,57,0f47416a1bc6eb0b77edfa04bcb356353e86adaa34806a2bd73b3af760aade16
after,train,labels,dataset_clean/train/labels/190_png.rf.d84a5dfb965abf1051e0ec37ee8154da.txt,68,776fe80fd45b67b82afb9f408848be203535afa039d9f01aad66ae81e4bde358
after,train,labels,dataset_clean/train/labels/190_png.rf.dcf199ac8d8d5681a891107a769c9680.txt,68,776fe80fd45b67b82afb9f408848be203535afa039d9f01aad66ae81e4bde358
after,train,labels,dataset_clean/train/labels/190_png.rf.fa0e42682d7dfb854c7dadc4ee82234d.txt,67,e385f724a3cfa2f55a270cb72cf0784f1afa489934038af153d26f689854ced1
after,train,labels,dataset_clean/train/labels/191_png.rf.13458fa33846079c228c6b8f986dd03b.txt,67,9ee14c85e420074447b1ea8a1d8e9972b58a2e45aca61465ed9171de255a9fc9
after,train,labels,dataset_clean/train/labels/191_png.rf.9a6701947c8951f1d49653b0c192ea35.txt,66,2b549b20ae89cc874461f5f96e71752db0f85e2d401137d189828bc256242e5d
after,train,labels,dataset_clean/train/labels/191_png.rf.e790a14e89389c79d64dfb5c3167221a.txt,67,9ee14c85e420074447b1ea8a1d8e9972b58a2e45aca61465ed9171de255a9fc9
after,train,labels,dataset_clean/train/labels/194_png.rf.3e9846344a42698e0249c7a4d53c14a3.txt,67,e150e47a37dd94f0d70ca1325cea8d75a72e033eadea72fc8b546606b8a8abae
after,train,labels,dataset_clean/train/labels/194_png.rf.9428b6845a38c73d446eef6e6e728f27.txt,68,03ef0189080a2315709487a231f12f6fe9aae197c13ce9f53036b8609bbb7714
after,train,labels,dataset_clean/train/labels/194_png.rf.b78d5050b5d16b055653c1e1ec4c4a74.txt,68,03ef0189080a2315709487a231f12f6fe9aae197c13ce9f53036b8609bbb7714
after,train,labels,dataset_clean/train/labels/195_png.rf.304c54e500b8ec780345eb9418233cc0.txt,69,24ed08518f9d720b6182e925a8298f576d443bf21eb71034a96318bd6ec13f51
after,train,labels,dataset_clean/train/labels/195_png.rf.54f5de028e94cd29857183a60ef0b07f.txt,69,24ed08518f9d720b6182e925a8298f576d443bf21eb71034a96318bd6ec13f51
after,train,labels,dataset_clean/train/labels/195_png.rf.b60748dbebed770e0fefbd10fbb7b782.txt,68,48ea0feab9f0881240f284054fda1530810b201e50128c4f0b81868001dfeb1f
after,train,labels,dataset_clean/train/labels/198_png.rf.0fd34c775144e739c6a092c84d1fd0b3.txt,65,ef190a61e6b64f92309f6d5e91643d08536654d742101ed5f92f3c2822ca4e7c
after,train,labels,dataset_clean/train/labels/198_png.rf.f4d36cd86110927e09ccdf930bf1e08b.txt,65,ef190a61e6b64f92309f6d5e91643d08536654d742101ed5f92f3c2822ca4e7c
after,train,labels,dataset_clean/train/labels/198_png.rf.ffe5dcf5226d96fdfebd37a8c7e1754d.txt,64,11448d6d627a0544503d8766626be85fab6aa6ebe0a348215ebf7463cd091308
after,train,labels,dataset_clean/train/labels/199_png.rf.a15a9935d4a05fe7a0a90393d08c08a8.txt,61,8a58d5697f959f1ea06cb24b39af81a02402fb21196215625562c3e79b1596e1
after,train,labels,dataset_clean/train/labels/199_png.rf.c1faab59cb0708f0458756d4eb7d7b32.txt,61,8a58d5697f959f1ea06cb24b39af81a02402fb21196215625562c3e79b1596e1
after,train,labels,dataset_clean/train/labels/199_png.rf.ec84f4bd2ce2b27f549a9ab44fde1da1.txt,61,8a58d5697f959f1ea06cb24b39af81a02402fb21196215625562c3e79b1596e1
after,train,labels,dataset_clean/train/labels/19_png.rf.02b92ca6ba82f0b553e3ec69168ad454.txt,67,ce954f7117ca82083e3f90626be531f16e83602aeddd2ddf564c960169bf622a
after,train,labels,dataset_clean/train/labels/19_png.rf.528509e4f27b004568add180a89ed7a1.txt,68,05139ed93e203cc744bb4009f8de5a904ebf0fec24655313a9ac4ad8f28ead19
after,train,labels,dataset_clean/train/labels/19_png.rf.e2d0ff7dbf2f230de48d37070ba477fd.txt,68,05139ed93e203cc744bb4009f8de5a904ebf0fec24655313a9ac4ad8f28ead19
after,train,labels,dataset_clean/train/labels/1_jpg.rf.7974c956e6a35fb99300a78d47cb5f3a.txt,79,d4587a1c1e528ea8fc433f0a5a79463d532ec012107be967b95818d3e98d478e
after,train,labels,dataset_clean/train/labels/1_jpg.rf.7c6057410a04330c333fb4033113e20d.txt,78,3b9802ead36e7380ebe69c5eb2b255562ee453936db2f1c3eaf1c3c2344861a2
after,train,labels,dataset_clean/train/labels/1_jpg.rf.8b0bbd587821b1ebc1c8eb302d6d1416.txt,78,f3072f0578ec3a20ebfd6bad62f7c2ee0f1ce7d00f24ac688b5dd591d2532ff5
after,train,labels,dataset_clean/train/labels/1_jpg.rf.9aeb9cdc88766f7fd052c84d9190d30b.txt,78,3b9802ead36e7380ebe69c5eb2b255562ee453936db2f1c3eaf1c3c2344861a2
after,train,labels,dataset_clean/train/labels/1_jpg.rf.d67fff33e22f432ba82ad5ce2d80ede5.txt,78,fc0531e082ac8f64b8a528ae70fc2386e27a58bccbe878190fad5267aca36ed2
after,train,labels,dataset_clean/train/labels/1_jpg.rf.dcb817b9d6f28014be449b9b18a212ac.txt,79,fcb8dd0dc723cfa4ced6ca0f1885d6e1e3142d473d3cc260e8bf18b1e62cca3b
after,train,labels,dataset_clean/train/labels/1_jpg.rf.f70df8b7b35d1c95626a3145e1dbdf8f.txt,78,f3072f0578ec3a20ebfd6bad62f7c2ee0f1ce7d00f24ac688b5dd591d2532ff5
after,train,labels,dataset_clean/train/labels/1_png.rf.4da576993858247b27a92bdea5353245.txt,69,ee3c011e007571bc545db5d460045f80cbb4157026440427a46127c24c18f2e5
after,train,labels,dataset_clean/train/labels/1_png.rf.78b43a7b4411008585c3ff4a65cd89ab.txt,69,ee3c011e007571bc545db5d460045f80cbb4157026440427a46127c24c18f2e5
after,train,labels,dataset_clean/train/labels/1_png.rf.cc4067ae2ad14307143fcfab276ccccc.txt,68,b03cce59b5076266059c9377858b027ca6c0c11fa87d0200f033c51b7a1ad6bb
after,train,labels,dataset_clean/train/labels/200_png.rf.305d60cd405f2d48706d9afe8399393a.txt,67,3f747e3621806be3ba4e82f605c9c61b42664dacbab4be96014600289ca40cf2
after,train,labels,dataset_clean/train/labels/200_png.rf.5788c3b8865eb914ecd06c39a61896f2.txt,67,3f747e3621806be3ba4e82f605c9c61b42664dacbab4be96014600289ca40cf2
after,train,labels,dataset_clean/train/labels/200_png.rf.968c446e4aa33133d9e3d6d9119a0f8f.txt,67,cc99f8de6448d8098639b297d0b19a244c8657ec1b198daaff97a40c8a32b132
after,train,labels,dataset_clean/train/labels/201_png.rf.0c587872e2a281ae2c0c33a23932905a.txt,62,427a7298b6ee28e0c42dfc7ebfbf5aea7210cd440b6229c1a2fcfdcf35a39e2f
after,train,labels,dataset_clean/train/labels/201_png.rf.6b1523157d3618568c19e0e5b9c4d448.txt,62,427a7298b6ee28e0c42dfc7ebfbf5aea7210cd440b6229c1a2fcfdcf35a39e2f
after,train,labels,dataset_clean/train/labels/201_png.rf.9e8ef8729c738226f2dedcbd225607e7.txt,62,427a7298b6ee28e0c42dfc7ebfbf5aea7210cd440b6229c1a2fcfdcf35a39e2f
after,train,labels,dataset_clean/train/labels/20200118_164733_jpg.rf.0a091bee163a6db861919e6ecd104a82.txt,77,3b2ea0f162ad00bc89fb5ae3a2fde8e85f6478a85d6c9196627183ca07c728c6
after,train,labels,dataset_clean/train/labels/20200118_164733_jpg.rf.3ba9d068a255ac12a7d660f44c77fe91.txt,79,3ffa88a88730d6c2333d9ed21e250bc2eead3f5df544ef6ce30fcc450b29bf48
after,train,labels,dataset_clean/train/labels/20200124_155418_jpg.rf.35e49a7dd4a9156190f1131d3efda287.txt,77,3715546e1718a2978eecfb010c17f07565c994120fdd33a5eed845c9d746e6ec
after,train,labels,dataset_clean/train/labels/20200124_155418_jpg.rf.37e2b83f347f57f01c41060b92063eb4.txt,67,2e6a1a2efd03ac77cbd98195a3c5a6d90823ca37c9fd54b31eae819f956a8313
after,train,labels,dataset_clean/train/labels/20200124_155418_jpg.rf.5ffb0d5cb6dd6af2725b8c1e538b2c8d.txt,66,a4e8ee9f735cb3c459f2e788b1b139f08f989118f743a8c473fa6ce97a010acd
after,train,labels,dataset_clean/train/labels/20200124_155418_jpg.rf.8afcb5e2a2d9f52d1ac6baf4529279bf.txt,80,919aa1cebb0536cb0e1068e1ebe980461bf7be9ed28e7d88ba11a0dc0b087d14
after,train,labels,dataset_clean/train/labels/20200124_155418_jpg.rf.8d6253630e81762635afe658c53ac515.txt,77,3715546e1718a2978eecfb010c17f07565c994120fdd33a5eed845c9d746e6ec
after,train,labels,dataset_clean/train/labels/20200124_160522_jpg.rf.0eb44d65a1befd87814590762a0ccfe6.txt,78,19513c239507db5ada8f343d9bd4c7a82493a7a51d9103b667dfb4039f3a3443
after,train,labels,dataset_clean/train/labels/20200124_160522_jpg.rf.29638fc0b75b64f6a8a9d24473693c18.txt,78,e62c5fdc61d03749fe32a90cd5320d91126dbda32f013b94678a43c6436d3c04
after,train,labels,dataset_clean/train/labels/20200124_160522_jpg.rf.73d84e603501db17582a383d6b87bc3b.txt,77,9d70071a6b9253423c7ee3a6b5d05fb00b7c50d498589d549280bdc182a186d7
after,train,labels,dataset_clean/train/labels/20200124_160522_jpg.rf.c1cbd19f35b9bfb2a2cf4593a158650f.txt,77,9d70071a6b9253423c7ee3a6b5d05fb00b7c50d498589d549280bdc182a186d7
after,train,labels,dataset_clean/train/labels/20200124_160522_jpg.rf.c98ced831f88007bb4b8651431f6acfe.txt,78,11368f8bad691962a542ef5f51f1fb2dd542d10dbd4cf28e2ca05d88c82d6981
after,train,labels,dataset_clean/train/labels/20200124_160522_jpg.rf.e01308c436b954dc0aec64823d218927.txt,78,19513c239507db5ada8f343d9bd4c7a82493a7a51d9103b667dfb4039f3a3443
after,train,labels,dataset_clean/train/labels/20200124_160522_jpg.rf.fbbe329d813bc6cba09c8c5127a1f0ee.txt,79,196209f67a93675df04e5ae0032de0f62682855571a5bf15f9fb843e6f956d31
after,train,labels,dataset_clean/train/labels/20200124_161452_jpg.rf.1fa7cfe9e6a1a51bb8c0920060b2555b.txt,79,7772a5c7a5d757f9039a3d7ac3fa5d31eb1de1eb81a291b578e7ab78de2ce6f0
after,train,labels,dataset_clean/train/labels/20200124_161452_jpg.rf.83dd14b84422d3116a759aa0abb461c2.txt,77,7ab835b8568ce81799ae8c2badde279a82111a178c30d4b10daa9fc69b9d8270
after,train,labels,dataset_clean/train/labels/20200124_161452_jpg.rf.9b60799120a96ecdf9328d376067319b.txt,79,3103319a4c9d5409a4879ee335d6235ee7fdd28354accaa29414310e52e4cd65
after,train,labels,dataset_clean/train/labels/20200124_161452_jpg.rf.b5bb947e7af9c351076e65cc9950cd94.txt,79,09e8a1b3128eb4fd2ac1407e2dfc594a584b0fd0cffdf1a5977eaed8e873241b
after,train,labels,dataset_clean/train/labels/20200124_161452_jpg.rf.c57bf0145ee779446bf8dd66fd08a4f8.txt,79,7772a5c7a5d757f9039a3d7ac3fa5d31eb1de1eb81a291b578e7ab78de2ce6f0
after,train,labels,dataset_clean/train/labels/20200124_161452_jpg.rf.d78a3c835431b8fe08043934accd569f.txt,79,09e8a1b3128eb4fd2ac1407e2dfc594a584b0fd0cffdf1a5977eaed8e873241b
after,train,labels,dataset_clean/train/labels/20200124_161452_jpg.rf.f4775d7ccf7d819128e3649e62fad677.txt,78,8c3bbddeebccaf755786e7b699e0fd6f7352a120166912a08ab056d59a527f0d
after,train,labels,dataset_clean/train/labels/20200124_184029_jpg.rf.4c21e819de352f76dc4dec87ae40035e.txt,68,df896cb86e2a629bd60a7f1cc53b2005501f6b7f3da9a7299e56b6e4d385dc90
after,train,labels,dataset_clean/train/labels/20200124_184029_jpg.rf.7f890aa7b75dcfab4d9a644a3351478d.txt,78,5f8888e673c2b9c76ec1ea06c548106db21a0c2d33d1dd7d0458d4b6dd348336
after,train,labels,dataset_clean/train/labels/20200124_184029_jpg.rf.a5990e7aa906f422d3dd521d2e5128e7.txt,78,5f8888e673c2b9c76ec1ea06c548106db21a0c2d33d1dd7d0458d4b6dd348336
after,train,labels,dataset_clean/train/labels/20200124_202058_jpg.rf.35318f92d43f0a042122ad546c8fbc90.txt,78,34248ecb2846d240c5c1c387a049da803f9a25a06566bb624c3da5818f0cd892
after,train,labels,dataset_clean/train/labels/20200124_202058_jpg.rf.43c3586c04b7f789abb5d8bd77f0cf12.txt,77,4ba1165ac68c7c31baa81b11bba46852b94a4d3c18bd9ddc635b0c3edd00a48b
after,train,labels,dataset_clean/train/labels/20200124_202058_jpg.rf.b7e53811bf42ca943a5a44eae50791ea.txt,77,c3502f1c1ac2f49beefebf8478c512708ea8ff00bc177508e178d4d02364199c
after,train,labels,dataset_clean/train/labels/20200124_202058_jpg.rf.d0cb9ee3b042df95126342b0ddbb0d20.txt,78,34248ecb2846d240c5c1c387a049da803f9a25a06566bb624c3da5818f0cd892
after,train,labels,dataset_clean/train/labels/20200203_091841_jpg.rf.b6349bf6b88fff0321dfb1bc99749805.txt,77,c978eccf8d1b5cacbcee8fda5af06c0fed9e926564a10bc7323603053c1197b2
after,train,labels,dataset_clean/train/labels/20200203_094523_jpg.rf.a7def27d73fb5804d4f78394995a1fbf.txt,78,fb967cec4cd444e6027b3748c9e4a2985cfd085b982043da9af694c6fb8cee68
after,train,labels,dataset_clean/train/labels/20200203_094523_jpg.rf.b95e57e9497051e9123cac2ceed9b9d3.txt,78,f4c556be3d8ada1101c9f70a5f14830581054fdfe9f26f41796ba32e864d1200
after,train,labels,dataset_clean/train/labels/20200203_094523_jpg.rf.bbede53bd03e76ca1a1cd29935f5f6d8.txt,78,fb967cec4cd444e6027b3748c9e4a2985cfd085b982043da9af694c6fb8cee68
after,train,labels,dataset_clean/train/labels/20200203_094523_jpg.rf.cee3f916956dc888ed99ee0be4fc3f40.txt,68,5061ccab38bdb9df966ded84deee54a0cc04e6db617ac3ad52d062c3ddbe8fa0
after,train,labels,dataset_clean/train/labels/20200203_103722_jpg.rf.809b978699ae3277e5a24f348f088a5a.txt,78,1636ee3b73bdc19f7dca347cfacef9310cb8996045404ca0a3ee40dcaf3305f4
after,train,labels,dataset_clean/train/labels/20200203_103722_jpg.rf.80e6dcee24117e5b4fd4884a14f6599b.txt,78,99a0f7cdd9db209413ccb1b4b8611cc7903c599bcee0c6ee24137ed6af5d378a
after,train,labels,dataset_clean/train/labels/20200203_103722_jpg.rf.ecb1c632c2e641663dca65f060de5162.txt,78,1636ee3b73bdc19f7dca347cfacef9310cb8996045404ca0a3ee40dcaf3305f4
after,train,labels,dataset_clean/train/labels/20200203_190841_jpg.rf.0bbbe67457faf09784a3c86530536f22.txt,78,5d25310809eb2ae04935c2cb98930ad621ab25b3c22243f641b3d41a0883d638
after,train,labels,dataset_clean/train/labels/20200203_190841_jpg.rf.414c35efa2dcb2076cc78a1a1ba54a98.txt,79,91dcf3ccd5a491185729cdc51780aa5f626f2ce88be44b9fcec2b60e7dbf90d2
after,train,labels,dataset_clean/train/labels/20200203_190841_jpg.rf.50657f65545bb8ef9e2a1ec141fdad1d.txt,79,e5d21514ff336749e66d28bfd36ab35fd78bdd9886346f80ac198a4d83cfbbd5
after,train,labels,dataset_clean/train/labels/20200203_190841_jpg.rf.76dff1f3ac71cc80d18321c590443724.txt,78,5d25310809eb2ae04935c2cb98930ad621ab25b3c22243f641b3d41a0883d638
after,train,labels,dataset_clean/train/labels/20200203_190841_jpg.rf.a14a03d8915f8d434d3f5f2cb62deb88.txt,79,e5d21514ff336749e66d28bfd36ab35fd78bdd9886346f80ac198a4d83cfbbd5
after,train,labels,dataset_clean/train/labels/20200203_190841_jpg.rf.c9758faa64c37228f889798eb5390e32.txt,79,29f77e8d1a35b84beeb58f6f412bf04c739727d697d08452d5b5e9233a5bd0fb
after,train,labels,dataset_clean/train/labels/20200203_190841_jpg.rf.d3a33ea198745e8c519b1ba20d91a1a7.txt,70,d9458b6a451159ad2ebff6b4690e09f8bf75bf03cb0dfacccc327e99e7e5f446
after,train,labels,dataset_clean/train/labels/20200203_190841_jpg.rf.f51fe0db96537fd44726ce6abec3427d.txt,79,4bc913605eade67a278ebfb2121eebf3b23020f1711dc240ac670b9099bb8a62
after,train,labels,dataset_clean/train/labels/20200203_190841_jpg.rf.fe0ff78efa8352f929db07e2dc475aad.txt,79,4bc913605eade67a278ebfb2121eebf3b23020f1711dc240ac670b9099bb8a62
after,train,labels,dataset_clean/train/labels/20200204_154215_jpg.rf.23dc7ce681243892e7db3d3131fe89a3.txt,78,66ac24abcb1fe00978dd351f5e30844c82844b31ed205de179c51b0c964c2695
after,train,labels,dataset_clean/train/labels/20200204_154215_jpg.rf.cfc3d4b629554766986b9d22964dfa62.txt,77,afe48d034607e865a16079eb033d89dd891cdc290cfc48d94060f1e44cffd8f0
after,train,labels,dataset_clean/train/labels/20200204_154215_jpg.rf.f02ac7e38f15f5bf30ff8fc054f86855.txt,77,afe48d034607e865a16079eb033d89dd891cdc290cfc48d94060f1e44cffd8f0
after,train,labels,dataset_clean/train/labels/20200204_155221_jpg.rf.059e248e493383e851fee31eb118ddf7.txt,77,75f736c310e53811e3f29e47df55f2c9b4789f444dcbba298924b7ea2d77347c
after,train,labels,dataset_clean/train/labels/20200204_155221_jpg.rf.089ed5b243c2d2ff5344e6ef88ebd3c1.txt,78,681bddd218c85fb8388df1ca1f3a8b9397609ea697cdfe01a5f58ab783583baf
after,train,labels,dataset_clean/train/labels/20200204_155221_jpg.rf.1b3d59b63720129f6868884f1c13c8d8.txt,77,75f736c310e53811e3f29e47df55f2c9b4789f444dcbba298924b7ea2d77347c
after,train,labels,dataset_clean/train/labels/20200204_155221_jpg.rf.3b645da98cdb01f719295011f39a97a2.txt,78,794281d11b940bde0ba68cf28e663999acd3a96aec83e3f5e0966696d0335b29
after,train,labels,dataset_clean/train/labels/20200204_155221_jpg.rf.85d525fd2f4ffa5779fbce018bd891ab.txt,78,794281d11b940bde0ba68cf28e663999acd3a96aec83e3f5e0966696d0335b29
after,train,labels,dataset_clean/train/labels/20200204_155221_jpg.rf.b4c3162f87778ea1baff9c2fb0e21d37.txt,77,2a33f88123322fa553cd9f177afc4ffe04ba36f464a148df500bafc0a1a241b2
after,train,labels,dataset_clean/train/labels/20200204_160737_jpg.rf.9f97dd828cf2f5b4e64cba33d3c63a61.txt,68,998a8749be495c96420f5c9bb49bf26a3676619df63a36e3a0c367f2198d5b08
after,train,labels,dataset_clean/train/labels/20200209_132714_jpg.rf.61c57f57b0b175cf0246c7eb5a8a9efb.txt,77,58044acc068eaaec051abaa15b1bffbda5f667871d44a0d750f0a5101d3ea503
after,train,labels,dataset_clean/train/labels/20200209_132714_jpg.rf.67536106592a4f495b9872832571bd4e.txt,78,d90a794bf7c3cee0bd58fdd91b4c92bc9d694f24ac69980120262b21f0ea959b
after,train,labels,dataset_clean/train/labels/20200209_132714_jpg.rf.8dc3316b9367d5fc0372caa835e101ec.txt,78,3402c09b68254c8f4f19f6f3f955b5c2ab5310110b5e0ea0cf27241c9fb18853
after,train,labels,dataset_clean/train/labels/20200209_132714_jpg.rf.8f80c97fa2c29455ff3a75cb0a959452.txt,67,8d7e0c293dc5e121c5adfa458aa65db523c74374c04a83a5ed3da7c631560ac4
after,train,labels,dataset_clean/train/labels/20200209_132714_jpg.rf.ac79b06c765dc37bf8e71090e8c2e770.txt,78,3f9d1f9cf4dd784d3efafce97a2417936b842b2053c05f0a25a30b4c93f37077
after,train,labels,dataset_clean/train/labels/20200209_132714_jpg.rf.ae208a310ebb499851898f49f35eabce.txt,78,d90a794bf7c3cee0bd58fdd91b4c92bc9d694f24ac69980120262b21f0ea959b
after,train,labels,dataset_clean/train/labels/20200209_132714_jpg.rf.f83734940bf8ed40a68a1b12464f0654.txt,78,3f9d1f9cf4dd784d3efafce97a2417936b842b2053c05f0a25a30b4c93f37077
after,train,labels,dataset_clean/train/labels/20200211_140525_jpg.rf.06284cb01cc00ccc8891d9e31e338db7.txt,79,01270a50bda116fc1ba86dc17118e2580ca5c3e681974f5d8a69148e78bab449
after,train,labels,dataset_clean/train/labels/20200211_140525_jpg.rf.52f327f0e52a18b72bc3425966da5c2c.txt,79,01270a50bda116fc1ba86dc17118e2580ca5c3e681974f5d8a69148e78bab449
after,train,labels,dataset_clean/train/labels/20200211_140525_jpg.rf.af72cd9c0feecca37c62230699b2be44.txt,78,b8a808231a1a7190915ff3e6b42cf6a6b71882453b993d2f1ff5019665d7ce15
after,train,labels,dataset_clean/train/labels/20200211_143315_jpg.rf.049f4c46a4f9e32fa3e1bd5a49bfc236.txt,77,64165f71ad1134e3f0349c8faad5da8512de731fbfec1d0430758b1527f8b5fd
after,train,labels,dataset_clean/train/labels/20200211_143315_jpg.rf.7ad07f2fa376eb2f001c5f35385b1f3e.txt,77,08a8ff0f5ab2addc9bff39f4689efa35067bea9b9aa7dfd513c9c21f820eac81
after,train,labels,dataset_clean/train/labels/20200211_143315_jpg.rf.8a780882fc0226e2f7068773bdd10c95.txt,77,08a8ff0f5ab2addc9bff39f4689efa35067bea9b9aa7dfd513c9c21f820eac81
after,train,labels,dataset_clean/train/labels/20200211_145200_jpg.rf.0ac658eb56ce11404594f594c7470c82.txt,79,a3a13e86daf6efa102750ddbac481fc8f962397acd6bbcb2e1026e18bb804f88
after,train,labels,dataset_clean/train/labels/20200211_145200_jpg.rf.2b9e95ba096ffe5f3f3dcb856c5f2f77.txt,77,9d2244f488c47a9d3b5a2d40de52d5b872abb7d6d23261e363679185ecf22a07
after,train,labels,dataset_clean/train/labels/20200211_145200_jpg.rf.5c85182f4155c70cdfd23942503a30a2.txt,78,0762c09c342692a548a30b7421e7d574004eb95a7a5b11648975c51d47c7e35d
after,train,labels,dataset_clean/train/labels/20200211_145200_jpg.rf.9e4541322d28aa26206619fb8ea2956b.txt,76,f618b02f549d193e6284ebc702bbd75adf07149d705c0b8afaecc453dc268295
after,train,labels,dataset_clean/train/labels/20200211_145200_jpg.rf.b12792fd569ae792ef794314043b5c5a.txt,78,9dec6c25bdac0952eaa184d392fe2962a168c4da39a7b5298ca6a1dcdc97ee70
after,train,labels,dataset_clean/train/labels/20200211_145200_jpg.rf.d5986f16e1d6038177d0a996a11e82e6.txt,78,9dec6c25bdac0952eaa184d392fe2962a168c4da39a7b5298ca6a1dcdc97ee70
after,train,labels,dataset_clean/train/labels/20200211_145200_jpg.rf.fd751db3bd1a69a34a82ff4a9ec2ed93.txt,76,f618b02f549d193e6284ebc702bbd75adf07149d705c0b8afaecc453dc268295
after,train,labels,dataset_clean/train/labels/20200213_120556_jpg.rf.3285b8e1e269e14555d178d5e8a1f404.txt,78,37b92815a69e2ce3e2f2c2f3338e801aae33b3e0d8ef3fd6281f8cdcdbc259a7
after,train,labels,dataset_clean/train/labels/20200213_120556_jpg.rf.3fb962f50f3841514f89850f21d0508c.txt,78,30e6b18a7ee481e989e1eb0f7bfd3c6367bc5ef7ed773eb2d151f722f5728754
after,train,labels,dataset_clean/train/labels/20200213_120556_jpg.rf.55a71fda62239e3545ed0f2025ddda4a.txt,78,30e6b18a7ee481e989e1eb0f7bfd3c6367bc5ef7ed773eb2d151f722f5728754
after,train,labels,dataset_clean/train/labels/20200213_120556_jpg.rf.61fe6f4402bc2d0983d899b7175a8439.txt,78,050622d332732edb2df6c4a8afdffb54805b68687bc37825f96ee6b2d152cfb7
after,train,labels,dataset_clean/train/labels/20200213_120556_jpg.rf.745f5e93f586cecf2a92ec8cae44cb22.txt,80,9d1c304da4c520acabb45f39ec4818a1b86f96f26688fe130ab5a5577b1e7c03
after,train,labels,dataset_clean/train/labels/20200213_120556_jpg.rf.a7a5b607b70536dbc37caa293d2e7ade.txt,79,d73bea17ab8dd035ea2ac81ca3c7753458203ba9cbd3043af58fb5db6dfa9765
after,train,labels,dataset_clean/train/labels/20200213_120556_jpg.rf.b9a8179da732b4e8aa693eae8e31ac21.txt,79,d73bea17ab8dd035ea2ac81ca3c7753458203ba9cbd3043af58fb5db6dfa9765
after,train,labels,dataset_clean/train/labels/20200213_121216_jpg.rf.013ace50de41f6518a17e5a702293039.txt,77,8cf1d5611e5615824389757329e73e8432ae83a8ebf69cbfe2b27e8a77e7c203
after,train,labels,dataset_clean/train/labels/20200213_121216_jpg.rf.1dfba93c6ed69a1c434ddb71008aa349.txt,78,e37a12e2c478158f5cca8568d92c271331e06f95a96ed640a6a799d7c1fbff90
after,train,labels,dataset_clean/train/labels/20200213_121216_jpg.rf.40bcfef92e839d16cbb193e1debd8b0e.txt,77,8cf1d5611e5615824389757329e73e8432ae83a8ebf69cbfe2b27e8a77e7c203
after,train,labels,dataset_clean/train/labels/20200213_134128_jpg.rf.f046a1b673366a4ef5c22bb638a3660b.txt,78,5b41097905a9ff2be734d3bbc83de2bd9ba78a4d38233b5ba2515b8d3e0e577c
after,train,labels,dataset_clean/train/labels/20200213_150536_jpg.rf.2b79c103f74d5d3e3c7945289f84eff7.txt,78,1ceefbcf5c7e711d3170493c321113fdb20a817bedb3b1486159406b6e3438cb
after,train,labels,dataset_clean/train/labels/20200213_150536_jpg.rf.94c5bd3fb1d77500a1dbacd552e0d437.txt,78,577822a08d582b325cc6280625305a7607cdd4d1e12eecd4b876f1701ce2a3bb
after,train,labels,dataset_clean/train/labels/20200213_150536_jpg.rf.b749ca8b77613eef1d651d5c5fb31c6b.txt,78,1ceefbcf5c7e711d3170493c321113fdb20a817bedb3b1486159406b6e3438cb
after,train,labels,dataset_clean/train/labels/20200213_152924_jpg.rf.02df643a5818b09eb648327a59e12a55.txt,76,4af4571a9a14329adf08eaf87d7ead553797039f6949f2645c8894e220443ff6
after,train,labels,dataset_clean/train/labels/20200213_152924_jpg.rf.27e92553946cab1175f1d42567f30820.txt,78,1b59d29e8363f53cdcc188371bc106703ce01260ec1678c3f60f1bb8fa5cf59e
after,train,labels,dataset_clean/train/labels/20200213_152924_jpg.rf.475cb2d1208e3468f5086e71dc784be7.txt,78,7d457f37ce50931c3be02c0dd964a54831d58823fe5ff8972cadae1cbdd14381
after,train,labels,dataset_clean/train/labels/20200213_152924_jpg.rf.4af64a283db32768dfc49d6e3e7c6619.txt,78,1b59d29e8363f53cdcc188371bc106703ce01260ec1678c3f60f1bb8fa5cf59e
after,train,labels,dataset_clean/train/labels/20200213_152924_jpg.rf.b9fc838ac0e6891646ff958bd1b4dd77.txt,76,4af4571a9a14329adf08eaf87d7ead553797039f6949f2645c8894e220443ff6
after,train,labels,dataset_clean/train/labels/20200213_152924_jpg.rf.cd8ac1600af007b63a500ca14b448db9.txt,78,047e18423b2f39d4245249115cce53f22a538e75cd48c68241f173d97b97341a
after,train,labels,dataset_clean/train/labels/20200213_152924_jpg.rf.e961515f3a35563dea4e93f056eff5a9.txt,77,f55d9a9e169867862f538371ade2c799b4896b76d6b7cd99a0479754791f56dc
after,train,labels,dataset_clean/train/labels/20200213_153536_jpg.rf.028998abdcf4bc7feb9e64406f8b38ff.txt,79,ef52a23505d20791e17efaef97456274e53548fc9af012a00486d504d639e5aa
after,train,labels,dataset_clean/train/labels/20200213_153536_jpg.rf.096f8ee52a5fe5e9f6506cbd26c0e5bd.txt,80,433fddaf5819be83b2ea09896a2ddff439ffbf405a679e1071dcedbbe0fee250
after,train,labels,dataset_clean/train/labels/20200213_153536_jpg.rf.176ecf5d8ae0f225b8828cd9e69253d6.txt,69,f3432fba7c5eb3ffc9ee6244f58110bfcefe835cbb9da93a2cbd107b5e28ee36
after,train,labels,dataset_clean/train/labels/20200213_153536_jpg.rf.bfb073961c171ef9437d4a34429bdb62.txt,79,ef52a23505d20791e17efaef97456274e53548fc9af012a00486d504d639e5aa
after,train,labels,dataset_clean/train/labels/20200213_153536_jpg.rf.d26889e2503b1b04ca6848bb843d02ce.txt,79,bc5b347f593516dd1acb44aa86bd48491d7f5839524bdf9fd54293579f2423cb
after,train,labels,dataset_clean/train/labels/20200213_153536_jpg.rf.ddc855dda6d19f8e9df9895c130e1fce.txt,69,f3432fba7c5eb3ffc9ee6244f58110bfcefe835cbb9da93a2cbd107b5e28ee36
after,train,labels,dataset_clean/train/labels/20200213_154129_jpg.rf.425f6beb3fa43980e179aa8269001e28.txt,77,99e9b29a336ad5bf02e3ea2ed84f058c6a96a667a3b939bd1a932a661f2c7b76
after,train,labels,dataset_clean/train/labels/20200213_154759_jpg.rf.26cc4b5c3db8cd3750834103b680f149.txt,78,0e0f80df5d153e7f7932664ac2b30f8c7cd4a6d4405e33a34f7fa9ecc49e88af
after,train,labels,dataset_clean/train/labels/20200213_154759_jpg.rf.3fa99a7b4b023068e5518740ff1b0855.txt,77,eca8af0eb18184bf16c214ad8df4e455daff1b1badeb94b2a903552611adc769
after,train,labels,dataset_clean/train/labels/20200213_154759_jpg.rf.55ff44960431dc98321986003d99ff10.txt,77,eca8af0eb18184bf16c214ad8df4e455daff1b1badeb94b2a903552611adc769
after,train,labels,dataset_clean/train/labels/20200213_154759_jpg.rf.5f98a13e1f54eb385335e32cfb1f2c1c.txt,79,f35e79900b437f5d3d08b560164547ced2307a3942ac3137b4aa8739a087ad01
after,train,labels,dataset_clean/train/labels/20200213_154759_jpg.rf.7d77c248acee40aa767eb041b4f489d3.txt,79,cd937ef6fef84e444fef72254dd9a539e11c4268f5b76050127e110ffe35a40d
after,train,labels,dataset_clean/train/labels/20200213_154759_jpg.rf.b6a0e607cf6bdc245bd21855311059ac.txt,69,c77cd082b2496824b5615f37181cbea1871a847accc3e78f8ce28cf6723f0952
after,train,labels,dataset_clean/train/labels/20200213_154759_jpg.rf.c5da010e4b20c06714b6cd96026b7cae.txt,77,bec7c0cec18d9d1838d63a170cc16c60cbe0964ac4ab7a91a7b61e6c9b5f0fef
after,train,labels,dataset_clean/train/labels/20200213_154759_jpg.rf.cbc8f5cd885497cfc00d74cc7908da55.txt,79,cd937ef6fef84e444fef72254dd9a539e11c4268f5b76050127e110ffe35a40d
after,train,labels,dataset_clean/train/labels/20200213_154759_jpg.rf.ea6093fe3f6b94665100e40e7020412c.txt,77,bec7c0cec18d9d1838d63a170cc16c60cbe0964ac4ab7a91a7b61e6c9b5f0fef
after,train,labels,dataset_clean/train/labels/20200213_155456_001_jpg.rf.2b3a3c214358246f8c515457a486c565.txt,78,649d6f1f602ac92c50a60a6eecbf5c5c51787957163d9588ae759cb0744e4ac2
after,train,labels,dataset_clean/train/labels/20200213_155456_001_jpg.rf.4bad9cb7f17ba347c79fbd76ab5584ec.txt,77,598211e973f401192d57d0ab4d3c608809f38693ec0dc0684805c903cef05b92
after,train,labels,dataset_clean/train/labels/20200213_155456_001_jpg.rf.8d9663eeba0994276cd212fab2cd96fb.txt,78,c62c3cefac6f434d28f4b3e102478b3d8b89303ffe5e5d26be121dfa60c1fbfc
after,train,labels,dataset_clean/train/labels/20200213_155456_001_jpg.rf.a85698d7b7f6224d251b7135aa788d48.txt,78,e975669c7c6b518d18cf8e322eba9c324ee6f02699a912409eb7a6203c22e75f
after,train,labels,dataset_clean/train/labels/20200213_155456_001_jpg.rf.aa2e17c965d6fe7becb803b8feadd05b.txt,77,598211e973f401192d57d0ab4d3c608809f38693ec0dc0684805c903cef05b92
after,train,labels,dataset_clean/train/labels/20200213_155456_001_jpg.rf.c1538e4638ec808bebfa77de03f4e215.txt,78,54d4bde8169a46e06321d2a6f5f5c1eeb05ee9979e578e66ad9df792c52fecbe
after,train,labels,dataset_clean/train/labels/20200213_155456_001_jpg.rf.db26311d905347ccd30a6c5c556907b0.txt,78,54d4bde8169a46e06321d2a6f5f5c1eeb05ee9979e578e66ad9df792c52fecbe
after,train,labels,dataset_clean/train/labels/20200213_232040_jpg.rf.39c98e081118122cdb99550f702aa8a7.txt,78,252c892c98246cc6f005450d52f07c60cd5801204a2d9f1086aa361a2afbdbe6
after,train,labels,dataset_clean/train/labels/20200213_232040_jpg.rf.72a65df56b94d88cab44371cc39956b1.txt,78,53adee11041a10f2e08f95e7ac12f9dd28a6bb8b09b29feceea7e612f45e5aa2
after,train,labels,dataset_clean/train/labels/20200213_232040_jpg.rf.fbc26a453e411e2933301873d3a224f3.txt,78,53adee11041a10f2e08f95e7ac12f9dd28a6bb8b09b29feceea7e612f45e5aa2
after,train,labels,dataset_clean/train/labels/20200214_122915_jpg.rf.13cf5c8a1a90d94244ec48ed53336aab.txt,69,03931f735e8db679c428db1e27e39c9d689617d4d0ed1738b1007538dc24eec1
after,train,labels,dataset_clean/train/labels/20200214_122915_jpg.rf.8fa1d71c28021040fe6fbc4561f2bbce.txt,78,d3218f388a3ee9d388032ad67b6db31c7e0efd2208ba56d739ef0f034a2fc23b
after,train,labels,dataset_clean/train/labels/20200214_122915_jpg.rf.aacb5f4b87ab02ce3507a165119c6b25.txt,78,e838062450cfb1f57afd85b4753c1445aa4f10d2fd32e424644f4574709635f5
after,train,labels,dataset_clean/train/labels/20200214_122915_jpg.rf.bae4d4fbe5c45741f7a5705a8f42eb60.txt,78,d3218f388a3ee9d388032ad67b6db31c7e0efd2208ba56d739ef0f034a2fc23b
after,train,labels,dataset_clean/train/labels/20200214_122915_jpg.rf.e8650915793c0c607472244c7c131bf8.txt,67,69ffbdb6dae3d1a8a1dd77a36e41164a4d73bcba42531a5a14219d83183fdeb8
after,train,labels,dataset_clean/train/labels/20200214_134745_jpg.rf.08486d7b772161243afb729bce33f6ad.txt,77,340c9374f6f9ff8a3bc456150490e4c016da03b89cf798a1ba8ead216752058c
after,train,labels,dataset_clean/train/labels/20200214_134745_jpg.rf.1501796a87120858f91bcfb744cdaabe.txt,77,d5534ed393fd480167da6cabd6bed9a80d1177071f413f9eb6edfca13be50653
after,train,labels,dataset_clean/train/labels/20200214_134745_jpg.rf.34b8cebf5ed29b88a7b0d365c5c52787.txt,78,b8bd76fdd35123724b0264a596044ec674d13b349e769cb3b0de085cfbae81e4
after,train,labels,dataset_clean/train/labels/20200214_134745_jpg.rf.360703c668ffb16517f84ef136671717.txt,77,340c9374f6f9ff8a3bc456150490e4c016da03b89cf798a1ba8ead216752058c
after,train,labels,dataset_clean/train/labels/20200214_134745_jpg.rf.6a8108133546b63cc3a7595e6e3cacf5.txt,78,4ab9eafac8ada05d5126b8c6924d31f33b5655387bea0ba516734dd3b46941fa
after,train,labels,dataset_clean/train/labels/20200214_134745_jpg.rf.7180ceb4770be27e59ebc8b1e58bb142.txt,78,b8bd76fdd35123724b0264a596044ec674d13b349e769cb3b0de085cfbae81e4
after,train,labels,dataset_clean/train/labels/20200214_134745_jpg.rf.b62233bb04e54c4aa04e034120bbef65.txt,78,83c0e764e3a8b917c788d793d3f74c5e3a138f81fd79f81988fd9f9e0647979c
after,train,labels,dataset_clean/train/labels/20200216_223744_jpg.rf.5aa780a364d0c64df2bc0693da087a98.txt,77,b14e8a2d4f2fddd50492bd73c80fdaac61b8ffc324629d28045409d72866e129
after,train,labels,dataset_clean/train/labels/20200216_223744_jpg.rf.8e0e8a934baafec07b45bf58985efc65.txt,77,b14e8a2d4f2fddd50492bd73c80fdaac61b8ffc324629d28045409d72866e129
after,train,labels,dataset_clean/train/labels/20200216_223744_jpg.rf.98fb3961e6568edfe99a3836e22063b9.txt,77,be5dd90eaef4b8cd4bd397f786919e67eeaefb7763ec61c34f7c6e836c865864
after,train,labels,dataset_clean/train/labels/20200216_224452_jpg.rf.228ac224908d4b3a474b5a20fe60f8e6.txt,76,5407f42c42971bf5ded45c2b8ddf46c35d3b1cbcf692b681b1e0b9c1619f55ef
after,train,labels,dataset_clean/train/labels/20200216_224452_jpg.rf.336ce5c4ccd34a7b99466aac838219b1.txt,76,5407f42c42971bf5ded45c2b8ddf46c35d3b1cbcf692b681b1e0b9c1619f55ef
after,train,labels,dataset_clean/train/labels/20200216_224452_jpg.rf.3ab7856d7c48fc9d7d694f952cf83f79.txt,79,1dc5037c0f3c544f2fd4089f68d8d1047c3889f3d60dc0b63b60cc330462a94a
after,train,labels,dataset_clean/train/labels/20200216_224452_jpg.rf.75d7684bba0b3dfe67c6042ad64209fb.txt,79,b50595e87c738658fd078de69bbb35e90f557f0369661f3723d028a159f951b7
after,train,labels,dataset_clean/train/labels/20200216_224452_jpg.rf.a1b9fc196578d9d0d336a59705c82173.txt,78,46702956dad6e3d4384d2ec69e8b73897893ffa08d2a5e72826d5a46d970bb69
after,train,labels,dataset_clean/train/labels/20200216_224452_jpg.rf.ab6eeb9feaeeb23ddd97885b59343fb6.txt,78,46702956dad6e3d4384d2ec69e8b73897893ffa08d2a5e72826d5a46d970bb69
after,train,labels,dataset_clean/train/labels/20200216_224452_jpg.rf.c99cfa6c3a33d806df454a60da0c12b5.txt,79,b50595e87c738658fd078de69bbb35e90f557f0369661f3723d028a159f951b7
after,train,labels,dataset_clean/train/labels/20200216_224452_jpg.rf.cd333746e7967c0e667ecc1a66df0788.txt,78,f655d04c6e98bd64d45d0cb1334b74aeb5bc61e23d43112943029ab55f89b2fa
after,train,labels,dataset_clean/train/labels/20200216_224452_jpg.rf.fc687a9ed85fdb14a3a5db57a8a7cc24.txt,77,1be39f02952e1e67a166b5ff9c3e7446bc682fe47a022bef3e6c6d9118fb77bf
after,train,labels,dataset_clean/train/labels/20200216_232931_jpg.rf.ed4d59901fc58f4278d13a6754c9fe07.txt,77,841493242c1c65ea7af98964662a5b4a35b796e571706c31eba2e5679ef46dc4
after,train,labels,dataset_clean/train/labels/20200217_141804_jpg.rf.8dd2ce45f60b7c4dedc5a3ea897935cc.txt,77,1295b4ec220e00046d3981a47bf4e61c1e2e9f7bf03dc32991678e8e4f5791a1
after,train,labels,dataset_clean/train/labels/20200217_141804_jpg.rf.9986c3b56d909488f5bb0eb0f0818847.txt,78,9f5fd161baa0fbc4c3832e8564f676ff6e5e136fbb46af9f007a55b33ae29d72
after,train,labels,dataset_clean/train/labels/20200217_141804_jpg.rf.f6591e8efb91be2c78042abb9a3364e3.txt,78,0220779eb6172b2c08e0e41ee5d304422f98b9b5cd9b495fb55a9b9ff5027e0a
after,train,labels,dataset_clean/train/labels/20200217_152107_jpg.rf.08be6fd61272761c3cab908fa56c6189.txt,80,055bd3978d2be337c7128425a177207e8c4384e9470698b0a99a4cd9ec55f2d9
after,train,labels,dataset_clean/train/labels/20200217_152107_jpg.rf.57922c46ba38b60a763b694b320ce404.txt,63,3a021dd23266662ddb0ee8f47b4eb0324c6c2bb7d07a63de7473903716d7423c
after,train,labels,dataset_clean/train/labels/20200217_152107_jpg.rf.9756a3e5c730d69568b6e4ef8ebcc6a2.txt,78,740687998633afb37ff68474df1a4dcdd206ed2b2c2626ab42753801a38ded6d
after,train,labels,dataset_clean/train/labels/20200217_152107_jpg.rf.99b63b146bc9a025b1c07adf22b9dd83.txt,78,740687998633afb37ff68474df1a4dcdd206ed2b2c2626ab42753801a38ded6d
after,train,labels,dataset_clean/train/labels/20200217_152107_jpg.rf.a48a02a19f914d68dad0df287af35750.txt,68,0c134d814f18d73d5c25f26d97ab29494ec86fe9a953f24d933d75aea6b70314
after,train,labels,dataset_clean/train/labels/20200217_152107_jpg.rf.bb530b3e04f1c042acea2d516af70bca.txt,80,ee34ca34524f9422b61716f236d41b40321e04bcac0a1b0f8080249713b6295c
after,train,labels,dataset_clean/train/labels/20200217_152107_jpg.rf.c1f354612d83a4b79e18dd441f777968.txt,80,055bd3978d2be337c7128425a177207e8c4384e9470698b0a99a4cd9ec55f2d9
after,train,labels,dataset_clean/train/labels/20200217_154641_jpg.rf.b81719ab4a37b54a257536957f6b25b9.txt,78,3718edfd524c5a8eb263e18ce441898229f27535e74b7f9cac707dd7b2b8aee0
after,train,labels,dataset_clean/train/labels/20200217_154641_jpg.rf.f6175116308a61ee67f10d57158cce0a.txt,78,3718edfd524c5a8eb263e18ce441898229f27535e74b7f9cac707dd7b2b8aee0
after,train,labels,dataset_clean/train/labels/20200217_154641_jpg.rf.f96df3566bf0a96716b050cb9d47e368.txt,78,70ab3ffa0728284fb80620245c549392b3e51507f322e71006460c01a5a80993
after,train,labels,dataset_clean/train/labels/20200218_210419_jpg.rf.0a65686058cf5c9410530c74f88a1d78.txt,79,7e9b1517e3cf0c7e6a632a4a4d32d5706e33614c4690de1f23032090f3a7c59a
after,train,labels,dataset_clean/train/labels/20200218_210419_jpg.rf.1e34485fb09b6d954f853e91490a4ddd.txt,70,0eeeb1c4afafb7950951cd4a844413681e20568f4cb98ae9e00e3b4ef254055c
after,train,labels,dataset_clean/train/labels/20200218_210419_jpg.rf.3eb8045ac19e9757bd719801ef6c5bef.txt,77,cad051599d5a6d19b12aca8f5e2f106922c2e463cde9dae3a5570c0adb9526d5
after,train,labels,dataset_clean/train/labels/20200218_210419_jpg.rf.3edce04c0b2967451803ad4461366e24.txt,79,7e9b1517e3cf0c7e6a632a4a4d32d5706e33614c4690de1f23032090f3a7c59a
after,train,labels,dataset_clean/train/labels/20200218_210419_jpg.rf.61db07c762e855a4d7e2e9b01084b9b2.txt,77,cad051599d5a6d19b12aca8f5e2f106922c2e463cde9dae3a5570c0adb9526d5
after,train,labels,dataset_clean/train/labels/20200218_210419_jpg.rf.a19a12c679a41597c0fb6e102d8c0625.txt,78,7cb26e2f5d6328efb76120bef9e0ac62da9e366b770a094aead4875a57e10775
after,train,labels,dataset_clean/train/labels/20200218_221400_jpg.rf.002395b50146fafd28360beac15b3faf.txt,77,c772f032527e5a1f464e0e8c5eb01f90ee34f3bf00de2380659b58ea19e54430
after,train,labels,dataset_clean/train/labels/20200218_221400_jpg.rf.0240f2b843bc8666df2a4b10866f5450.txt,77,c772f032527e5a1f464e0e8c5eb01f90ee34f3bf00de2380659b58ea19e54430
after,train,labels,dataset_clean/train/labels/20200218_221400_jpg.rf.07fb1b7b5187ed7eb1f9c250288f7249.txt,78,1e12338c6bad5e12bbc5b5c2e1eecaa16ff0dc13a85d3d4f120720181385d0cd
after,train,labels,dataset_clean/train/labels/20200218_222325_jpg.rf.2795d2bfed73a1399d00c2c9841b389d.txt,59,6116782d6ce31ad3351ece2e1c91c57142c51c400d6b0900c37d44161fa4bbb7
after,train,labels,dataset_clean/train/labels/20200218_222325_jpg.rf.4a2e19fff8c7f4e496263eea19725d89.txt,78,e9bff4b45ca2e0246d3c2ac87a6d06cba9990abeaccfb02d77db13ee6b4b0e46
after,train,labels,dataset_clean/train/labels/20200218_222325_jpg.rf.4c4c30e93e6e92a2029e19d1a1e1f948.txt,77,7739dd0d73fbdedd92a23dd2ef5dbc4e688a151b3a54aa5a588a8c12b803f97d
after,train,labels,dataset_clean/train/labels/20200218_222325_jpg.rf.785cc266f882e2b14a2cb03afcbb4758.txt,68,c1243e1a586f776b7c96a6504e4a8bd6d32a9ea683cae65492882e73b3a00918
after,train,labels,dataset_clean/train/labels/20200218_222325_jpg.rf.e3790f8f7ad649b4af700939f502d39b.txt,68,c1243e1a586f776b7c96a6504e4a8bd6d32a9ea683cae65492882e73b3a00918
after,train,labels,dataset_clean/train/labels/20200218_222325_jpg.rf.e93dd5b9d129889f771c6f448ebaf4b1.txt,78,d735ead93cc538c1fea37d5f3fafbaf5063de544a58ab49ec4424b5e2a9714c3
after,train,labels,dataset_clean/train/labels/20200218_222325_jpg.rf.e9dccb486e22425775d5aa7a81afe454.txt,78,e9bff4b45ca2e0246d3c2ac87a6d06cba9990abeaccfb02d77db13ee6b4b0e46
after,train,labels,dataset_clean/train/labels/20200219_140311_jpg.rf.0a77c4f73f1815cd67e989320ea7f4c0.txt,77,c934f56985067c24b403b485fc44cece60eca7e5e4ef9033b2692ccfcbeec1b2
after,train,labels,dataset_clean/train/labels/20200219_140311_jpg.rf.2150da902ed46127b6f7fae73b8d69a3.txt,78,46d180801eb62483ae80b279599d89c498b01291d2e370b40265c7bc4b334fb3
after,train,labels,dataset_clean/train/labels/20200219_140311_jpg.rf.4446159c0f3897dec87f39a7417208d1.txt,46,32c6c63c9e2269453dd2891b5873dcd8b8507dfc84fc09063724e87ec2d2f47b
after,train,labels,dataset_clean/train/labels/20200219_140311_jpg.rf.8ada6c7d96a899835eb7175c1bac792f.txt,46,32c6c63c9e2269453dd2891b5873dcd8b8507dfc84fc09063724e87ec2d2f47b
after,train,labels,dataset_clean/train/labels/20200219_140311_jpg.rf.eaa73a8f7e15ea30f2b586459cae116c.txt,45,35e194f24d638307499a19322a0301cc0c52a5fa998fd0214f82cb65b070a15e
after,train,labels,dataset_clean/train/labels/20200219_140311_jpg.rf.ff4ef028906bfcfe10e8fa6a8821caf6.txt,78,46d180801eb62483ae80b279599d89c498b01291d2e370b40265c7bc4b334fb3
after,train,labels,dataset_clean/train/labels/20200219_180148_jpg.rf.022cdbd17fcd7c7ea4b83811b0ff75ea.txt,77,4c829967bf8d9a631ec57ca61803b8910890bb6c1e567d8540264496d4fa3f78
after,train,labels,dataset_clean/train/labels/20200219_180148_jpg.rf.0e5c3e6aa75f956ef6e4536765fdbd79.txt,78,effab62b2142887f2e9125629dc03d6bfa2009cb68539f0a33576355a1d28ef8
after,train,labels,dataset_clean/train/labels/20200219_180148_jpg.rf.4a5138821abe7ee16a0efdf73e95ce11.txt,77,4c829967bf8d9a631ec57ca61803b8910890bb6c1e567d8540264496d4fa3f78
after,train,labels,dataset_clean/train/labels/20200219_180148_jpg.rf.cbeba27caa4f9a4a7e95252b111ad85c.txt,78,7592200f1fd9f37898f0cc0791ad2fb681f1af833e45545bc37a39031fb4f6c3
after,train,labels,dataset_clean/train/labels/20200219_182849_jpg.rf.24f34fdc961557815834d4bec9d1673e.txt,77,baf91dd1392ffddf550f1e7fa1860008f0e6b80e9b27d1c6942524854e8b4ea1
after,train,labels,dataset_clean/train/labels/20200219_182849_jpg.rf.cf34795b5c8c25364163cd10a40986fd.txt,77,1f89dfb74f2a1ce26c28dba0f2e855896d6411ac5eb59b8507d6d6a238ffd506
after,train,labels,dataset_clean/train/labels/20200219_183506_jpg.rf.0e8d6fe764abc750c6dbba0b1e758f1c.txt,78,95a4e203eadda9398107eb321f63b48f93791c4bfe5363f14f723db1286554c1
after,train,labels,dataset_clean/train/labels/20200219_183506_jpg.rf.12bde213fd6efce94ad7565301f2968c.txt,78,3a22439235782a717199dd1a6b3429800cc3e487528f0fa9a05ad4f7c32654c9
after,train,labels,dataset_clean/train/labels/20200219_183506_jpg.rf.463fa176739278c0ff3cbe2e446f2010.txt,78,c1d687ee8ce26cd5cbd37139e820830b30eae5e656e7850b113b4307d63ea7d1
after,train,labels,dataset_clean/train/labels/20200219_183506_jpg.rf.9fbdd4fcdeb6243c83c4c1f2710893da.txt,78,95a4e203eadda9398107eb321f63b48f93791c4bfe5363f14f723db1286554c1
after,train,labels,dataset_clean/train/labels/20200219_183506_jpg.rf.e1a8874b68b8aa525d170c63df902ae7.txt,78,8707702358b0da708188e297738c3029497e5f4bae7522815aca9a8c4c283e23
after,train,labels,dataset_clean/train/labels/20200219_183506_jpg.rf.ecc84c2f586ee8a893ddb235c338e4bb.txt,78,3a22439235782a717199dd1a6b3429800cc3e487528f0fa9a05ad4f7c32654c9
after,train,labels,dataset_clean/train/labels/20200219_195511_jpg.rf.2b6e7baa29bea96865bc7d7a1c8681b9.txt,79,8b66d661aad1c9565028eaa0e1f002ee2b7999189ae54c176cfc131f5049aa7c
after,train,labels,dataset_clean/train/labels/20200219_195511_jpg.rf.aaf41834059472717e58e6bba9f47c6c.txt,79,31f7e8d8a8ea30dfed22d235fae083be65ea3a1d641ce79d5283f123bd858c9e
after,train,labels,dataset_clean/train/labels/20200219_195511_jpg.rf.b5abfc5a720813b755546780bcf8d8f0.txt,78,768adc1d001faf86c46b57eda0b8ae6c5fa9998e797152a6ee126f7ab3540d9f
after,train,labels,dataset_clean/train/labels/20200219_195511_jpg.rf.d75eff44ee33e8dc8fe9271c19da0681.txt,79,8b66d661aad1c9565028eaa0e1f002ee2b7999189ae54c176cfc131f5049aa7c
after,train,labels,dataset_clean/train/labels/20200219_195511_jpg.rf.e81c1304faf57c8964be541728c45100.txt,68,014f664cf89509ef830da2b3e7904325c6a439dc830ec0ccaed6dbaaa4e410a6
after,train,labels,dataset_clean/train/labels/20200219_201501_jpg.rf.229670727add56d2a9e797a6fc083373.txt,69,cb1d303fe55eef11ea78d50b7130143f1e68ae2917a77f87540b58ce58f49c34
after,train,labels,dataset_clean/train/labels/20200219_201501_jpg.rf.47aef1910bdda9b03545dcda32db05fe.txt,70,929d915593e6b3a925ed95d5751960b5a77a2f7a5cc67b16d7f387c6b9e6807e
after,train,labels,dataset_clean/train/labels/20200219_201501_jpg.rf.4d01d5f9df0dc78634e241256b6436f3.txt,68,eb4a7b5f8d961c56eb2cbaa049c08bc8e73f3287bb6c90a662230adf685c9119
after,train,labels,dataset_clean/train/labels/20200219_201501_jpg.rf.5db6021246dee47df645573c7f69a2d0.txt,79,1a60fd4f29ed95eb351c1c3ab74d9ffbdf88c677f8903101cb513676a3477673
after,train,labels,dataset_clean/train/labels/20200219_201501_jpg.rf.c7ecde7c6a11d3d85ef25246f5769217.txt,69,cb1d303fe55eef11ea78d50b7130143f1e68ae2917a77f87540b58ce58f49c34
after,train,labels,dataset_clean/train/labels/20200219_201501_jpg.rf.cf1b602b68c264fc98dd668ec20d254f.txt,78,a2d4273474868df520c88ccd492aa25b3b59f16ba9684ed83d1146ff80d47da7
after,train,labels,dataset_clean/train/labels/20200219_201501_jpg.rf.e66cfad1aa3d69e17809f93b5401fbc5.txt,79,1a60fd4f29ed95eb351c1c3ab74d9ffbdf88c677f8903101cb513676a3477673
after,train,labels,dataset_clean/train/labels/20200223_184734_jpg.rf.240fcdb99141f4767b08bd3695ec8b9a.txt,79,62e32fe2fdc65f32a19d24578c0750d789450b26c4bd7bd84fa6ff2724ca6185
after,train,labels,dataset_clean/train/labels/20200223_184734_jpg.rf.33afdf9190dc1b6cf0e5e196a8adb634.txt,78,0abee6aec42fbe6048439da89ece08d4155e1b4de9c2f2799245215111c42ab0
after,train,labels,dataset_clean/train/labels/20200223_184734_jpg.rf.4a0559f4b361dc3a9a72c67733412112.txt,78,4c483b40ccb2b52c9a05dd2a08135ebff658e4b8e7dfb6a8aa704f11c34597a6
after,train,labels,dataset_clean/train/labels/20200223_184734_jpg.rf.54fe2808ecedef6bfad08f0d915e9a5f.txt,68,b456b92e4bdf32d68c05c3539f1674c0d809f7eeffbf5205556ed2a112db9a0d
after,train,labels,dataset_clean/train/labels/20200223_184734_jpg.rf.631c81ad0d809201169cf146b47273ca.txt,79,9dedf04b23c6fcfc4389cfffce77953f8dd66a91af3a534edfeb4b48b31b58e1
after,train,labels,dataset_clean/train/labels/20200223_184734_jpg.rf.6539704d7a5c3610e36c09ab8625c830.txt,78,0abee6aec42fbe6048439da89ece08d4155e1b4de9c2f2799245215111c42ab0
after,train,labels,dataset_clean/train/labels/20200223_184734_jpg.rf.d50ffd5b2987e51f9d835a1b0b920aac.txt,79,9dedf04b23c6fcfc4389cfffce77953f8dd66a91af3a534edfeb4b48b31b58e1
after,train,labels,dataset_clean/train/labels/20200223_190638_jpg.rf.0e48cee1e5f4fd8405c6450f5776853d.txt,78,b0d645605dee913b752b2c15198f0fc02e9723195839596d9cccf9680040c0ba
after,train,labels,dataset_clean/train/labels/20200223_190638_jpg.rf.223b2e5bf59f7407ae0b679eb410201f.txt,77,e964146b2f3e3d0fbe39a9006b9a14d9ebb8a42b4f62e40049aef186559ea2d1
after,train,labels,dataset_clean/train/labels/20200223_190638_jpg.rf.359a0740c230842dcc9b7b5597b793f8.txt,77,e964146b2f3e3d0fbe39a9006b9a14d9ebb8a42b4f62e40049aef186559ea2d1
after,train,labels,dataset_clean/train/labels/20200223_190638_jpg.rf.4638f385fc8c6d623ebfa7a238d5b770.txt,77,b1b1b612dc26d6475c491e657e09b80c72d5f9a1100293df2679b4aa54e254cb
after,train,labels,dataset_clean/train/labels/20200223_190638_jpg.rf.9990592d72ac6bea0abf5b330fa1290f.txt,78,b6a5673556cd060925ab91a2dea7c6128fa4e947eee74f476421e85d4f45d3ab
after,train,labels,dataset_clean/train/labels/20200223_190638_jpg.rf.e41e1cac4bb88b49937d86bf180ba55a.txt,78,b0d645605dee913b752b2c15198f0fc02e9723195839596d9cccf9680040c0ba
after,train,labels,dataset_clean/train/labels/20200223_191233_jpg.rf.1688c2e9a3205d3f2f77603cd41d023c.txt,77,3b9f8350087c5446f05cdeaa9a56df88ae60e28dbec678a99c837105b94c071c
after,train,labels,dataset_clean/train/labels/20200223_191233_jpg.rf.45c062ae503e8c6e3c86218f12d6af5e.txt,79,956e6058b41043bef897d1d19530f15d2950e780fbf4720956b4a78050a13907
after,train,labels,dataset_clean/train/labels/20200223_191233_jpg.rf.467eacd5735db8fd0d6296286eb763df.txt,69,69f14c06d665e310c6f5faf17494d648e793b2b7f6f924f7b72e58018ac94c85
after,train,labels,dataset_clean/train/labels/20200223_191233_jpg.rf.50dd4b7aee8f9b428f5f06cc6f5b5026.txt,77,3b9f8350087c5446f05cdeaa9a56df88ae60e28dbec678a99c837105b94c071c
after,train,labels,dataset_clean/train/labels/20200223_191233_jpg.rf.71d9c083e651df73a459d71307080fb8.txt,69,69f14c06d665e310c6f5faf17494d648e793b2b7f6f924f7b72e58018ac94c85
after,train,labels,dataset_clean/train/labels/20200223_191233_jpg.rf.aaa4e0b453e1af1dfbb680da16fbd38b.txt,60,9d698006bded3dc7f790e278ef0acdab5512a59680d71a1f7fd186c135af4bd7
after,train,labels,dataset_clean/train/labels/20200223_191620_jpg.rf.073cd5e24f2a5673a199d0c98d95c9eb.txt,79,3a133b7cd3f0532c63c9ed975f163d8bb420003517da90802703225beedfcc2e
after,train,labels,dataset_clean/train/labels/20200223_191620_jpg.rf.13019ead913b1e7bc13e4d84684464b5.txt,78,178de5ec7e0115deadd6c49960a3c8dfa3e373b44e4cb9ce49d30ee4e0419c56
after,train,labels,dataset_clean/train/labels/20200223_191620_jpg.rf.8d0d07cb5fb9a0062ed943e957afe87f.txt,78,04d9433b9b372d6658f7a6201cbce019cd088b272ac42809730bbec6660f4668
after,train,labels,dataset_clean/train/labels/20200223_191620_jpg.rf.d17ce3b715c47cbec0c55a746e05ffaa.txt,79,3a133b7cd3f0532c63c9ed975f163d8bb420003517da90802703225beedfcc2e
after,train,labels,dataset_clean/train/labels/20200223_191620_jpg.rf.e09c6befe9a749c628142487ec0cdd96.txt,77,a4a8734ef98c3c93f2c5189f471f23ad94ab7f9016d8d6109c64ac75d920e899
after,train,labels,dataset_clean/train/labels/20200224_114700_jpg.rf.2c4264e994e5c6f9797dc45d2fc7bb61.txt,78,ab0b42907e13afdb9267e42f3d3c856e1f182b98a10915ed7f2ff8d82a4db24d
after,train,labels,dataset_clean/train/labels/20200224_114700_jpg.rf.b2d8002f2bdda030e1e4249ce75602aa.txt,78,ab0b42907e13afdb9267e42f3d3c856e1f182b98a10915ed7f2ff8d82a4db24d
after,train,labels,dataset_clean/train/labels/20200224_114700_jpg.rf.fd56d0dacf391f6836f63ff9bac62a08.txt,76,31efb510bfe295612f92c99be50cc09cc4bb3757790ef815fca949f9c11fad52
after,train,labels,dataset_clean/train/labels/20200224_115853_jpg.rf.091dbabb405b2633638837d8bb522535.txt,77,def7009f125ae2e7c0e56d71f2e272b3e3fe33360a0b2790eabe5ea20e33fd3c
after,train,labels,dataset_clean/train/labels/20200224_115853_jpg.rf.0c28f96f6798d1fe822761bec8f1a7e0.txt,80,2238b25983dc6140902a455fbc0200b4f7bba8f9f614e7c10904fa900d7e235e
after,train,labels,dataset_clean/train/labels/20200224_115853_jpg.rf.327e8ae2b72c09202471c0d9bc4973d9.txt,77,8fda73e93168ef647dd52986f5a6b3fc38b1a3f5101f683f59734528a8d0d3d0
after,train,labels,dataset_clean/train/labels/20200224_115853_jpg.rf.58953d676323f44b1115fa70b0693a01.txt,77,9446f94c724af0b4727788c4cc07cd6361a2c6d4a8dbc14bc28605a104a8533a
after,train,labels,dataset_clean/train/labels/20200224_115853_jpg.rf.9c8583972ed7b6e1b84574416ed649f1.txt,77,def7009f125ae2e7c0e56d71f2e272b3e3fe33360a0b2790eabe5ea20e33fd3c
after,train,labels,dataset_clean/train/labels/20200224_115853_jpg.rf.cbcad6710c334f341175dd7e979c0b59.txt,80,61c81901c4eb0e227781433ae69919908e2e7f660a5e04f1541b00e0d9d77ded
after,train,labels,dataset_clean/train/labels/20200224_115853_jpg.rf.da7ac2f1b47880ca60b248a2c283d757.txt,80,61c81901c4eb0e227781433ae69919908e2e7f660a5e04f1541b00e0d9d77ded
after,train,labels,dataset_clean/train/labels/20200224_115853_jpg.rf.dea1eb7048ffe557c0f248a687946a44.txt,78,800dc330e90ae4b9ff08d2732f799984a28fde69484d9031838a1616f85dd590
after,train,labels,dataset_clean/train/labels/20200224_115853_jpg.rf.fe7e49f64b3be288b805eebc67171e1d.txt,77,9446f94c724af0b4727788c4cc07cd6361a2c6d4a8dbc14bc28605a104a8533a
after,train,labels,dataset_clean/train/labels/20200224_120426_jpg.rf.03ac4026b5c756a394012393faa8e73d.txt,78,8e512739db51557e5adb08a46cf93b428e476d9ad372c7f019e78346f6786ea4
after,train,labels,dataset_clean/train/labels/20200224_120426_jpg.rf.5423cb8c186fed8a97d9cf269a54ecb5.txt,78,5d0b4d2e09d65bd0664cf2d5bb44131679d05e49133f5c82063e1ad68ff6aee1
after,train,labels,dataset_clean/train/labels/20200224_120426_jpg.rf.6a9a3eb86809c4464650d759392ac62b.txt,78,5d0b4d2e09d65bd0664cf2d5bb44131679d05e49133f5c82063e1ad68ff6aee1
after,train,labels,dataset_clean/train/labels/20200224_120426_jpg.rf.7bf3fd4145f1d593c554c458e4dce3f6.txt,77,f7f02065c7f650f7f0f2537c6c7798aaf219dbdc2d11d37d488c2e4fd1651a99
after,train,labels,dataset_clean/train/labels/20200224_120426_jpg.rf.7d53b75eb1d4e0e6681a59eb8be6500f.txt,78,a48cc209f54a316d8f79e7defd8036c52317b159c3557f19d4a3ba9938d1320a
after,train,labels,dataset_clean/train/labels/20200224_120426_jpg.rf.8c0774c6ab950217c7eb2a3b9882f12c.txt,77,f7f02065c7f650f7f0f2537c6c7798aaf219dbdc2d11d37d488c2e4fd1651a99
after,train,labels,dataset_clean/train/labels/20200224_120426_jpg.rf.af6e5b685bb306bc7cb64d0332388bed.txt,78,a48cc209f54a316d8f79e7defd8036c52317b159c3557f19d4a3ba9938d1320a
after,train,labels,dataset_clean/train/labels/20200224_120426_jpg.rf.e3f16c8b66b5f89b6716fedf09693bf8.txt,67,59dcc370669f0fba2687d28eeb632427cf53afccbcd068aa2de7003d673b14b2
after,train,labels,dataset_clean/train/labels/20200224_120426_jpg.rf.ecd7068eee0177d71479fdb258f9d226.txt,68,18ff152abbb3436dfa1276dff4565fe0050a5143a6265648513e5032550a09b5
after,train,labels,dataset_clean/train/labels/20200224_123714_jpg.rf.564b9594ddbe15508ef5c81ba9af0356.txt,77,2345b12dd646fcf0be80f307023559c94b90d736605a2957c5c0f6cf90a7a3a1
after,train,labels,dataset_clean/train/labels/20200224_123714_jpg.rf.6480a8beda4872c1c2c839fc2348e2df.txt,77,2345b12dd646fcf0be80f307023559c94b90d736605a2957c5c0f6cf90a7a3a1
after,train,labels,dataset_clean/train/labels/20200224_123714_jpg.rf.83a33e33b648f987ba9766359dac548d.txt,76,dd9dd5a60f51dc220e8988b3cf9dba5347c9a4bbfee8714c7626875709932bf2
after,train,labels,dataset_clean/train/labels/20200224_123714_jpg.rf.af355322b0001bf94023ae588d6bf289.txt,78,f927a3460da52f9d79200bb459828c381ba33638cf19d7925b36724551b233a3
after,train,labels,dataset_clean/train/labels/20200224_123714_jpg.rf.d304ddcf468c0aeb1ba500c7d15f136c.txt,77,cd43c1109bcc29f1aaf5776bd317c0e1090ec8ec9c3ce48dff40dd324a6fe0a0
after,train,labels,dataset_clean/train/labels/20200224_123714_jpg.rf.d35c3d8b6a2bc1e086cbfcd88fed9e4d.txt,77,cd43c1109bcc29f1aaf5776bd317c0e1090ec8ec9c3ce48dff40dd324a6fe0a0
after,train,labels,dataset_clean/train/labels/20200224_143301_jpg.rf.0addd6e43d78ca1b2c644a6ef8c0eed9.txt,66,bff7d0d22f39ee742757e6b45d87e06b7447b7e6a15af44ede8f965a5461caed
after,train,labels,dataset_clean/train/labels/20200224_143301_jpg.rf.0caed1e21432363a8973f6bd69c24808.txt,78,b47c346f8d3582b1fdbab53d39b83baa808c1b255ce5bf19218eec4b96dd70ae
after,train,labels,dataset_clean/train/labels/20200224_143301_jpg.rf.7b3a99d63aa6917adec984e555ed3d4b.txt,65,5832288aa25cd17bdec69f9b840f65355bad1ec108be120c2058ceb260b60354
after,train,labels,dataset_clean/train/labels/20200224_143301_jpg.rf.7dd35dc5ee60819d49e0fe97a648357d.txt,78,b47c346f8d3582b1fdbab53d39b83baa808c1b255ce5bf19218eec4b96dd70ae
after,train,labels,dataset_clean/train/labels/20200224_143301_jpg.rf.c945b22381cc41e40db9e62c63ab6c6a.txt,65,5832288aa25cd17bdec69f9b840f65355bad1ec108be120c2058ceb260b60354
after,train,labels,dataset_clean/train/labels/20200224_143301_jpg.rf.d1f115790960d54bf44da765231d776a.txt,63,815c18fb34ef0a7392ea07eb7064df9e39c0a0591ba9233e87ef94dd579577f6
after,train,labels,dataset_clean/train/labels/20200224_144551_jpg.rf.4df66f71c55336060d0258293061dc47.txt,69,6c1e9dfddddb694fd1861a80e6e06485eb7ff50bdee29d9d2680338ececb971f
after,train,labels,dataset_clean/train/labels/20200224_144551_jpg.rf.6ab0433478e60fd7483a57b5fb94012f.txt,79,e86bc6a3a8cf51f65dea54e9aff0cb26a4858166422008e49152b155d40fd62e
after,train,labels,dataset_clean/train/labels/20200224_144551_jpg.rf.a9b4b79b0883927174ae8a5191671e3d.txt,69,fdfcfd462fb89728c718bda4c82b9686816e9f8be899bcd433e0974e58f728fe
after,train,labels,dataset_clean/train/labels/20200224_144551_jpg.rf.b6f763f040968d76dbfd16e2d9ead2f4.txt,78,5e6384bbf7b2ccb2ed9487c7450c99180348cfcb280d564c865d2929653dd443
after,train,labels,dataset_clean/train/labels/20200224_144551_jpg.rf.c6c53d56dc05b21dcdbbf88faa6ac6e1.txt,78,98c24ea4cd0fdf63cb36cff695bc832143cacba7488f65e4de2773c5cee422f0
after,train,labels,dataset_clean/train/labels/20200224_144551_jpg.rf.ce80f00b129213b41aed58376faa0b27.txt,78,98c24ea4cd0fdf63cb36cff695bc832143cacba7488f65e4de2773c5cee422f0
after,train,labels,dataset_clean/train/labels/20200224_144551_jpg.rf.e7cbfd40e49f0fc6adac1116fa132b1d.txt,80,4f2fa9731cfb437e4c549f367712096750090c8726cabf34b6b23008db6f2398
after,train,labels,dataset_clean/train/labels/20200224_144551_jpg.rf.f030c647b67ba11ced9bf6e8c5303ada.txt,79,e86bc6a3a8cf51f65dea54e9aff0cb26a4858166422008e49152b155d40fd62e
after,train,labels,dataset_clean/train/labels/20200224_144551_jpg.rf.f4a568a4e19f8b07d0b26b9c7d212a1a.txt,69,fdfcfd462fb89728c718bda4c82b9686816e9f8be899bcd433e0974e58f728fe
after,train,labels,dataset_clean/train/labels/20200224_145301_jpg.rf.8b3b6b98e7b9872d81988ea68b25c27e.txt,78,7f5a6ada9c03ef74ea45b56988c0c19d86bfa400ed5abbc62cfff34572d5fad2
after,train,labels,dataset_clean/train/labels/20200224_145301_jpg.rf.a47ec4fbdeec8c2bf00172ee55062d0c.txt,68,b0eba27da2b9835a4707028054da5c3e67891ca3120263689e63d59af47b78f1
after,train,labels,dataset_clean/train/labels/20200224_145301_jpg.rf.fd10f9733738098f4f43e726bbc36767.txt,70,48e0f7fa15cb3524ef8446eddfe0cb9ea4efd92177cf832da38ba0bab73b2c80
after,train,labels,dataset_clean/train/labels/20200224_150539_jpg.rf.14b9ae53fe5bbefb5e56fe6a1aaa9bdd.txt,78,095647cfe880242548dd7049d3c0192541322a3ca419da15bff99a80ed559c92
after,train,labels,dataset_clean/train/labels/20200224_150539_jpg.rf.4c29295f5f127edf375dedb38e97cb53.txt,78,095647cfe880242548dd7049d3c0192541322a3ca419da15bff99a80ed559c92
after,train,labels,dataset_clean/train/labels/20200224_150539_jpg.rf.591e14fcaabc6acd361f12717a1f41fd.txt,67,df428ee5b43ced2b127e35269b15982a8326b1386daaa94374c7154139f71c3a
after,train,labels,dataset_clean/train/labels/20200224_150539_jpg.rf.64b1517c5c3d3c5f14b0fd252c79ddf7.txt,77,31c762f2b9bae092ffb82192002f912f32d4edd6bb45ad4561877d0d02a7aab5
after,train,labels,dataset_clean/train/labels/20200224_150539_jpg.rf.b8286dd7e8ba58488cc25a85ccc99e0b.txt,77,31c762f2b9bae092ffb82192002f912f32d4edd6bb45ad4561877d0d02a7aab5
after,train,labels,dataset_clean/train/labels/20200224_150539_jpg.rf.d5394ee504e6e1fb18da708bc1d19fcd.txt,78,aca5b5fcec32a3572cbf07e4f5af4e7c4d7e8602021a1138e9fc73e2dcbb6079
after,train,labels,dataset_clean/train/labels/20200224_150539_jpg.rf.fde5676dd5ae3f90ded1e8c45f92d300.txt,78,f1c3dcdda9db741fb93b0138b34cf9ec8eeae2b86c7da5105e5988a1967aef43
after,train,labels,dataset_clean/train/labels/20200224_151450_jpg.rf.37c40ba52b09beaa09dcaf98f4460b4a.txt,78,8759b6e9a2d62bfd8f1f44d962e79b431a440d7214158a43db4e0fa4c268a6c4
after,train,labels,dataset_clean/train/labels/20200224_151450_jpg.rf.6ae696987f1709a296db30216114d902.txt,78,071ea5d12c1f0247e4de571cfe5b8700150931990f56551a399a52c5a59d742a
after,train,labels,dataset_clean/train/labels/20200224_151450_jpg.rf.9f90fe10dd9f7ebd77ee1afe7b4dfc3a.txt,78,cbc51c4202ec70de916afca0cab0a337b7b792d4a308ce09b657ab935a6b65e5
after,train,labels,dataset_clean/train/labels/20200224_151450_jpg.rf.cb0c49eab5acccd5f9dbe360bfd614c6.txt,78,cbc51c4202ec70de916afca0cab0a337b7b792d4a308ce09b657ab935a6b65e5
after,train,labels,dataset_clean/train/labels/20200224_154729_jpg.rf.7193943d32a2edbf2c29adbdf7db6a29.txt,79,603435e9142180ed9695431b080a0ab5c08e1f9abe707d58bf7887f082e1b210
after,train,labels,dataset_clean/train/labels/20200224_162916_jpg.rf.25fa886ff1953720ead8623f6e9b9528.txt,52,612d59a435fd492c7a994800498a6391b4631c574ab49294504d229ade43a4a4
after,train,labels,dataset_clean/train/labels/20200224_162916_jpg.rf.316f02b4226fa8f2aaccbe9d9b393342.txt,52,cc375bad38798cbfd6e0c48d5c36d16aadc548cab894e8ee5cb8a020d6fae5a6
after,train,labels,dataset_clean/train/labels/20200224_162916_jpg.rf.cec2fa9e20ed23d0b166881909bc38a3.txt,52,612d59a435fd492c7a994800498a6391b4631c574ab49294504d229ade43a4a4
after,train,labels,dataset_clean/train/labels/20200224_180925_jpg.rf.1399e5a6510f7a7666791a3e43652370.txt,76,eb1f06ac018f854a842061fe714150c1437b83dbedcc105e6f0d4a0957c53f78
after,train,labels,dataset_clean/train/labels/20200224_180925_jpg.rf.16e3d6d11bc056925c7a5701e0469955.txt,79,8124bc18e73c7e2a40eaa792b1d60674c0f091b810a6f6b45ba60412d17ad0cb
after,train,labels,dataset_clean/train/labels/20200224_180925_jpg.rf.30362cb2bd14380f0312adfa8b657ae1.txt,77,8773a6206da13d7d3fe75d2f92b42ed274d9b4eba43bc8e20681e2bd3cfe095a
after,train,labels,dataset_clean/train/labels/20200224_180925_jpg.rf.46f4277e34f9748dedd468cf6a142331.txt,77,8773a6206da13d7d3fe75d2f92b42ed274d9b4eba43bc8e20681e2bd3cfe095a
after,train,labels,dataset_clean/train/labels/20200224_180925_jpg.rf.86ac85613afa7e156e3db390c603a8a5.txt,77,dc075deeb0ce2f8fa33e0712a32dee845f6df655f758b94a9565e9a34ac5d337
after,train,labels,dataset_clean/train/labels/20200224_180925_jpg.rf.abf4e95e0cdc9d60fbf45d05183bc797.txt,76,eb1f06ac018f854a842061fe714150c1437b83dbedcc105e6f0d4a0957c53f78
after,train,labels,dataset_clean/train/labels/20200224_180925_jpg.rf.dfba7cd41c77aff85c945fa43e41ff55.txt,78,d96cf2fc49123e39f0d7b3fd9a4d0a4a4ca6bac2b4c52fb1d6fc225833ebd015
after,train,labels,dataset_clean/train/labels/20200228_190130_jpg.rf.32ebd129a2da900ed7d867f0a7fc1350.txt,77,13ba805e91fb655481170a83314bd9f9f4dc2c3fa43d9956329d59c26776eb52
after,train,labels,dataset_clean/train/labels/20200228_190130_jpg.rf.33010a5918b5d6b25d421d6a4c2c6980.txt,79,5642c60a1642cf0664d6620d9f60d56b0dd600025cc232afb1f5164a1a2e5ae3
after,train,labels,dataset_clean/train/labels/20200228_190130_jpg.rf.5f9139b7baa95059eb7c56c1f1893da5.txt,78,2cf260bbb1e30f079e99aece9c1d31a44f55950957607f64ef104bb59f802d13
after,train,labels,dataset_clean/train/labels/20200228_190130_jpg.rf.af58a07cdafabff4198d30317f75ac5e.txt,78,07deebe6bb10a8c0db2b446ef0ce9f819bf18ba6adbd873458dfa19260642d29
after,train,labels,dataset_clean/train/labels/20200228_190130_jpg.rf.c48aeda8696c559d6979f3e46352a5e5.txt,79,5642c60a1642cf0664d6620d9f60d56b0dd600025cc232afb1f5164a1a2e5ae3
after,train,labels,dataset_clean/train/labels/20200228_190130_jpg.rf.f0fe95821c5e660542b9cc652b66fa19.txt,69,23b84579562f81eeeaf28e969997277c015bf58e901e0f4de2993c2bb3e75775
after,train,labels,dataset_clean/train/labels/20200228_190130_jpg.rf.f818635e6d582984a200ef98b758679c.txt,77,13ba805e91fb655481170a83314bd9f9f4dc2c3fa43d9956329d59c26776eb52
after,train,labels,dataset_clean/train/labels/20200228_190334_jpg.rf.79721d806457dad0e2ba2b6f3d185240.txt,77,ebc2213b93f093d3d81520eea149eeda7b4502549ff62c84a4ba8789e4b1bbe4
after,train,labels,dataset_clean/train/labels/20200228_190334_jpg.rf.7f60b23eedede2c684aba9b73ca4fe45.txt,78,e1ebdf37a7605a9a70b69035bcfec333b04bd4ed2e680833ac56ef917035e239
after,train,labels,dataset_clean/train/labels/20200228_190334_jpg.rf.bd15653a35973e012665fb0f79f44228.txt,78,e1ebdf37a7605a9a70b69035bcfec333b04bd4ed2e680833ac56ef917035e239
after,train,labels,dataset_clean/train/labels/20200302_223503_jpg.rf.dded824a399d7e7175799c6650cc80fb.txt,77,2bed63f1e975420329ebbfecb60e87d362973723c271de869f7a828a5e16e25d
after,train,labels,dataset_clean/train/labels/20200302_223503_jpg.rf.f8135eeb629dc5b4555cf8287c43534e.txt,78,9b4a3ab15d2efbdeea143ca3fce8068bcf1c72cc86c303030ee87e825e985a41
after,train,labels,dataset_clean/train/labels/20200302_223503_jpg.rf.feb8da7f278175c51b297cbdf8aa7039.txt,77,2bed63f1e975420329ebbfecb60e87d362973723c271de869f7a828a5e16e25d
after,train,labels,dataset_clean/train/labels/20200302_224240_jpg.rf.0323edfa699d876f6b21ec8ab963567b.txt,79,b6e802a14450a493485f1ccb438eac80e094fb6e2503abf1d836a7f232025e5e
after,train,labels,dataset_clean/train/labels/20200302_224240_jpg.rf.4059577f9535762a04de8eb2c088283c.txt,79,b6e802a14450a493485f1ccb438eac80e094fb6e2503abf1d836a7f232025e5e
after,train,labels,dataset_clean/train/labels/20200302_224240_jpg.rf.511a3117962ad0070b26957be18776c1.txt,80,20ba7d1625fee13670568e80b34de6fb71c36d555f7c1ccbeff10af46768c6f7
after,train,labels,dataset_clean/train/labels/20200302_224240_jpg.rf.6ad9cc17cba22138a9c86d0682adfe43.txt,77,d4421a6f7ffa4f733e53d6eae613aa9670a81b48440848431fef7a6a8584ceed
after,train,labels,dataset_clean/train/labels/20200302_224240_jpg.rf.70c46fcacc71cf49c090f565274c4560.txt,77,7efad7a0bfd2bc9e00e3440bebd09c66c54d9d62ac0080758a5529d8f5e6100d
after,train,labels,dataset_clean/train/labels/20200302_224240_jpg.rf.bfcc69d429cabc17de1e57c1251c584a.txt,80,4f7c9a38466917026fdb9190ebb0ba955feeb758a6043f4f6f7120c1a65568bf
after,train,labels,dataset_clean/train/labels/20200302_225922_jpg.rf.66d89a6635e357cc7ff98ae4d2f7b551.txt,77,68dfb807db04a25cd7cc3f7850e9c60710e0bf48991cb229d6ffb480eaf2759f
after,train,labels,dataset_clean/train/labels/20200302_225922_jpg.rf.6a7124eb6cfdeb58bb0e8466ed8e3eb9.txt,77,68dfb807db04a25cd7cc3f7850e9c60710e0bf48991cb229d6ffb480eaf2759f
after,train,labels,dataset_clean/train/labels/20200302_225922_jpg.rf.d801f72dc571435bed4da546bad00382.txt,78,1faaa7e768c7c228cedbd7dec42f412898f24974d1c45ddc0951b5ba3ec8ac25
after,train,labels,dataset_clean/train/labels/20200302_231050_jpg.rf.07300147858099e77875fedc9d265eb9.txt,79,ea8f3b85d38f23287bfa3ad1447a52d574bef08d2da7b9453e99440c84287700
after,train,labels,dataset_clean/train/labels/20200302_231050_jpg.rf.42d038bb344c0468a19bd01dbdbbde73.txt,78,ee0fcb1a546f7fc3e8612c4b809e1fb95a7c08c63145d88e46b3a6adbf83a339
after,train,labels,dataset_clean/train/labels/20200302_231050_jpg.rf.82f43279c66eeb102da9a07d3e0f2d8d.txt,77,c2da4d0abe7d164a45487776c507d5108f89b6cc15ac58c5ef6370334dcc41b0
after,train,labels,dataset_clean/train/labels/20200302_231050_jpg.rf.8b8e96bf6b245c5a82b043de903c0dc2.txt,77,00799f3e37edda8bf66315220293f052892dfa11200410428380986249f8655d
after,train,labels,dataset_clean/train/labels/20200302_231050_jpg.rf.b0ef451b823145fc9ca9f6b66e6e860b.txt,77,00799f3e37edda8bf66315220293f052892dfa11200410428380986249f8655d
after,train,labels,dataset_clean/train/labels/20200302_231050_jpg.rf.b86bfd6d5a3229ff55512fc102b85e1c.txt,77,5d5a06b8068e62df967513294056e5ad8da1b5833d812869b7fad34749e68f5a
after,train,labels,dataset_clean/train/labels/20200302_231050_jpg.rf.d15dfac6a1567a1c40461fcf4011d3a6.txt,77,c2da4d0abe7d164a45487776c507d5108f89b6cc15ac58c5ef6370334dcc41b0
after,train,labels,dataset_clean/train/labels/20200318_130148_jpg.rf.811586194459bf67de20679502fd2e38.txt,77,317ad518828321707572c363d71d010290fa3f3a534bb2397f0bfcb2c8586595
after,train,labels,dataset_clean/train/labels/20200318_130148_jpg.rf.9ecc73fbc81c9a98ad14c6355538f91b.txt,70,c0a87dc279fbf19deef4a29bb62de799fd2013d9e335cbc9fcd4fc24f7a41803
after,train,labels,dataset_clean/train/labels/20200318_130148_jpg.rf.a8c3271251b222cb21e3195ddf610447.txt,78,6b36be9e1cfc464edbb2c4dc6cbf6746184c0337c30624c020fa458a844439b1
after,train,labels,dataset_clean/train/labels/20200318_130148_jpg.rf.bcac4d3ee56ccbc089c421a24c7615d6.txt,70,c0a87dc279fbf19deef4a29bb62de799fd2013d9e335cbc9fcd4fc24f7a41803
after,train,labels,dataset_clean/train/labels/20200318_130225_jpg.rf.1d43bbde408f2f7b219b85ba5aa3ac80.txt,67,2c84b5533cedfb6f0605f1dd118480716fb5fdd0a4ac0289ebeb9069ab44fd0f
after,train,labels,dataset_clean/train/labels/20200318_130225_jpg.rf.b23730ff33f8e0ecd4f4d553d185f15e.txt,78,e4f819e062f3669db6a4e96edc38ee588187e66dd0bc09c162e5263c72f9d653
after,train,labels,dataset_clean/train/labels/20200318_130225_jpg.rf.b716356401c56d8c642c191a0b2d4087.txt,64,53caac7060b4df5c8d202e532ba1aa74146474bf45c3dbe2bd1e2457e5b55675
after,train,labels,dataset_clean/train/labels/20200318_130225_jpg.rf.d73e25b8c47be32ec9286b6aff8ad6cf.txt,78,e4f819e062f3669db6a4e96edc38ee588187e66dd0bc09c162e5263c72f9d653
after,train,labels,dataset_clean/train/labels/20200318_130225_jpg.rf.f69943b9ead8dcb5a4616f1ec19db01c.txt,64,53caac7060b4df5c8d202e532ba1aa74146474bf45c3dbe2bd1e2457e5b55675
after,train,labels,dataset_clean/train/labels/20200318_130225_jpg.rf.fffd8e76e8b5faaf13a6958a10e8bb4e.txt,77,f120fdccc08c7b5cb09a0f2c77cbb04adcc3e7a1cc740b8c4f9e8382212d9758
after,train,labels,dataset_clean/train/labels/204_png.rf.593f78090a71457c334ee4e3bf956b90.txt,68,410e4ee08323ab234f38bc58a0e2e8d1022be93b4cd315ed867a7744b3e1885d
after,train,labels,dataset_clean/train/labels/204_png.rf.9b24a92892bbfeb62fe58f0550c5c2cc.txt,68,410e4ee08323ab234f38bc58a0e2e8d1022be93b4cd315ed867a7744b3e1885d
after,train,labels,dataset_clean/train/labels/204_png.rf.a0f9651b203f932dcce7f8aa5fcc7d01.txt,67,4dc1b2175757f6702026ae183c7d21f490bf6bd4b27898c38f7312b1740a8100
after,train,labels,dataset_clean/train/labels/206_png.rf.36959d040700c20d28574777377a76f7.txt,63,012359efd88654282aa123d17fbbcd39fe58b4cdcac9ce354b5da17727080124
after,train,labels,dataset_clean/train/labels/206_png.rf.9dfd782359e6dc7825ca2f38c91ac0cd.txt,63,012359efd88654282aa123d17fbbcd39fe58b4cdcac9ce354b5da17727080124
after,train,labels,dataset_clean/train/labels/206_png.rf.c960b215ba88d5e3a6d019161dd442a7.txt,63,012359efd88654282aa123d17fbbcd39fe58b4cdcac9ce354b5da17727080124
after,train,labels,dataset_clean/train/labels/207_png.rf.32f02f61dce2eff0feced7ed64b99ada.txt,66,fde5a0310414008e17efc6e0e23508771316e655a815f3462b172151797fc569
after,train,labels,dataset_clean/train/labels/207_png.rf.ad9add39708be9794d817cce8eecbaf7.txt,61,058f231a84b74ac8738f5da0ac0c98821e7699c96144b4ab5d0d05cc6bff2218
after,train,labels,dataset_clean/train/labels/207_png.rf.f5a758570d209ab4fd4e8e934d6c2ab9.txt,61,058f231a84b74ac8738f5da0ac0c98821e7699c96144b4ab5d0d05cc6bff2218
after,train,labels,dataset_clean/train/labels/208_png.rf.76d0983cc79af32591ce4ee4d397b64d.txt,67,8a8480055b0ae403e26c71ef631550349064c623a54b8901803655918c17fd67
after,train,labels,dataset_clean/train/labels/208_png.rf.88e7d95b2689ab5abb9c5c608f5765dc.txt,67,8a8480055b0ae403e26c71ef631550349064c623a54b8901803655918c17fd67
after,train,labels,dataset_clean/train/labels/208_png.rf.fa4b0f622337f1cc0d39e352d6f46eb5.txt,67,8a8480055b0ae403e26c71ef631550349064c623a54b8901803655918c17fd67
after,train,labels,dataset_clean/train/labels/209_png.rf.731831cfaa0b919cdf40456ef6c7c779.txt,77,c09855fa0b11e37aae0307087896831f0b85472b4a9c2452e93bf1317a105a55
after,train,labels,dataset_clean/train/labels/209_png.rf.93f8f7454e098799073b85fa91d8a43e.txt,79,1e0f138dd999ff639a403c49ef87e55ab0d4078d4e4193ab54c40b9b8b7de6da
after,train,labels,dataset_clean/train/labels/209_png.rf.fb8e6c0ebc6a09d12d2e31e40afe68f5.txt,79,1e0f138dd999ff639a403c49ef87e55ab0d4078d4e4193ab54c40b9b8b7de6da
after,train,labels,dataset_clean/train/labels/20_jpg.rf.03d162cae547b9677d755d0825ecf680.txt,79,4bdfeed7266aaf386c78701cc95497ec4d90198297670f927d33a8520007eae0
after,train,labels,dataset_clean/train/labels/210_png.rf.640d7d203b058b02d83824dd0066fbd2.txt,68,29b4b751e9d6869dfefff65e3ab3c2c4131a8c66217f350e239f0a1b65d77187
after,train,labels,dataset_clean/train/labels/210_png.rf.bc494647c32d11f3e04cfdd97dd5fcec.txt,67,eced8ac9dde3418b36f24e851aef0919668e935c7b78f2c67e5ba0ae08af358f
after,train,labels,dataset_clean/train/labels/210_png.rf.d69834a3d41de73f9f5b035b9dca2bad.txt,68,29b4b751e9d6869dfefff65e3ab3c2c4131a8c66217f350e239f0a1b65d77187
after,train,labels,dataset_clean/train/labels/211_png.rf.231ebf1fbf68311c6800169bc1ee606e.txt,56,0a9877fecc62363ca8fbf8d0f8000a3ffb3871b1fd4272a82c514a4a44263260
after,train,labels,dataset_clean/train/labels/211_png.rf.740abe1e9f81740a986100377961e02c.txt,56,0a9877fecc62363ca8fbf8d0f8000a3ffb3871b1fd4272a82c514a4a44263260
after,train,labels,dataset_clean/train/labels/211_png.rf.c63aefb567516db8397f96a39fa09842.txt,56,0a9877fecc62363ca8fbf8d0f8000a3ffb3871b1fd4272a82c514a4a44263260
after,train,labels,dataset_clean/train/labels/212_png.rf.0c6edc9602459a825bc3348e70297ca8.txt,58,5c34f719a35286ec3cc6762dd53e0fce44d28deeaa03b62f34914ebcbadf44c8
after,train,labels,dataset_clean/train/labels/212_png.rf.baedf59b9bd9fa557b1d9b3e8c951c77.txt,58,5c34f719a35286ec3cc6762dd53e0fce44d28deeaa03b62f34914ebcbadf44c8
after,train,labels,dataset_clean/train/labels/212_png.rf.bde2a715d6d4e2f9009d4ed26829bfcb.txt,58,5c34f719a35286ec3cc6762dd53e0fce44d28deeaa03b62f34914ebcbadf44c8
after,train,labels,dataset_clean/train/labels/213_png.rf.2f0d9cb770bbb47a53efe232187dedcf.txt,51,e559500226d03bc2762b905c1990d98b48a8c73397585cedd033a08f5dd9f2be
after,train,labels,dataset_clean/train/labels/213_png.rf.43d8476b0313b814662c774bd0bd99a8.txt,51,e559500226d03bc2762b905c1990d98b48a8c73397585cedd033a08f5dd9f2be
after,train,labels,dataset_clean/train/labels/213_png.rf.fb1226ac34becc7b3f4c5850d12e2ffa.txt,51,e559500226d03bc2762b905c1990d98b48a8c73397585cedd033a08f5dd9f2be
after,train,labels,dataset_clean/train/labels/214_png.rf.3021c444e655219b2b9c1fa38247c7bb.txt,66,a74ca3f31e8e186f38160b3d2548367617baff4263cb113fdb9d38e950c17a18
after,train,labels,dataset_clean/train/labels/214_png.rf.879dba7cce74ac873d08f66e358a7866.txt,58,96b6a7bd36ce96e2ef10615e44ac787e9050a6f83d4835f057a95e15f5f7347b
after,train,labels,dataset_clean/train/labels/214_png.rf.a5e6f786d3189bdef65163e4cd08da18.txt,66,a74ca3f31e8e186f38160b3d2548367617baff4263cb113fdb9d38e950c17a18
after,train,labels,dataset_clean/train/labels/215_png.rf.811267a3967dfab75635bab85306e28c.txt,61,ad3f471b5768e92978939662742511cf95f6e66a422849afe79baa36f6f574d1
after,train,labels,dataset_clean/train/labels/215_png.rf.d0dba43c2bd83f3c21db636ba126eeec.txt,60,3ec599b3cd23200845d01fe19cc748189b5d3a21cfa529085a49d9f871166f8f
after,train,labels,dataset_clean/train/labels/215_png.rf.f97baa897c8656770f254e40ea8caf8f.txt,61,ad3f471b5768e92978939662742511cf95f6e66a422849afe79baa36f6f574d1
after,train,labels,dataset_clean/train/labels/216_png.rf.3153b158d69d0fda500584fbc9f8e3cb.txt,67,b5241edbb7a7f3f0461741799039f83a1dc6da4a8e712b49e7b0eca0a72b21a1
after,train,labels,dataset_clean/train/labels/216_png.rf.68355dd9f510c183e95d0d22e306cc63.txt,68,a844b6f3642357e92915dbabc1b850475ab87060805eec5cfd3a96e43eecff0e
after,train,labels,dataset_clean/train/labels/216_png.rf.dcd89a5ea6613c9560dfdad19c538c85.txt,68,a844b6f3642357e92915dbabc1b850475ab87060805eec5cfd3a96e43eecff0e
after,train,labels,dataset_clean/train/labels/217_png.rf.548247f46e6d9aee011465e3674cfc0b.txt,54,6569106226ff88a5b316918707738f66f18b6d44ebdb9b8277dd3375b8472ca7
after,train,labels,dataset_clean/train/labels/217_png.rf.9ffa1e7faf266ff72942ea4266568476.txt,54,6569106226ff88a5b316918707738f66f18b6d44ebdb9b8277dd3375b8472ca7
after,train,labels,dataset_clean/train/labels/217_png.rf.d307cd42f53ade7f037a6a839a6dde83.txt,54,6569106226ff88a5b316918707738f66f18b6d44ebdb9b8277dd3375b8472ca7
after,train,labels,dataset_clean/train/labels/218_png.rf.2dc95fdef8734e950de7c7d749f4708d.txt,48,be126c63be0bcf1e3456f31202a7393f44a4ff0527c138c2bb5d2a38cc4a8a7f
after,train,labels,dataset_clean/train/labels/218_png.rf.31e55737045018547b815123351e97a4.txt,48,be126c63be0bcf1e3456f31202a7393f44a4ff0527c138c2bb5d2a38cc4a8a7f
after,train,labels,dataset_clean/train/labels/218_png.rf.696fe672cc24febf0a835627f90a7bce.txt,48,be126c63be0bcf1e3456f31202a7393f44a4ff0527c138c2bb5d2a38cc4a8a7f
after,train,labels,dataset_clean/train/labels/219_png.rf.126ea087da392cb723b54be3fc21b045.txt,59,b51fc7447e2cd182117878415152c781cad8e97f0f5ace5573464994d2a2c9b8
after,train,labels,dataset_clean/train/labels/219_png.rf.65346742d8f9e345a2fddad118db27bc.txt,59,b51fc7447e2cd182117878415152c781cad8e97f0f5ace5573464994d2a2c9b8
after,train,labels,dataset_clean/train/labels/219_png.rf.e5459ef8d231411fb7f7ef6f4dac99b0.txt,52,f6219e4e70386b31477bad5847c8e488e05c6a5e7ccadaa6f370b7e57d20d0c9
after,train,labels,dataset_clean/train/labels/21_jpg.rf.145f954d89d86634a80449857bd02e47.txt,78,dcd5eeea571781feb868d67c3fdb4c6c64a9f31eb6a0e14a8987645cffcb4fd3
after,train,labels,dataset_clean/train/labels/21_jpg.rf.4563d0c7f930cb35ea5125dc39b6f222.txt,78,dcd5eeea571781feb868d67c3fdb4c6c64a9f31eb6a0e14a8987645cffcb4fd3
after,train,labels,dataset_clean/train/labels/21_jpg.rf.692800660be577f0d2743ffb6e00490f.txt,78,1f565db3037cd53dceedd2aa34f45bdad36995b7aa5e3352eff2475ba8e98830
after,train,labels,dataset_clean/train/labels/21_jpg.rf.f50c1f80c6efd1da851141917bff04de.txt,78,8ac33da2cdb169eb9cb40a34069feb676ceed4751012fadd94131c20017c7099
after,train,labels,dataset_clean/train/labels/21_png.rf.046cfb6825a02d9ea3cf9d5884049b4c.txt,66,169be4fc94caab3030468f0ce8089db8f71863a42b56384102d077ed66fff920
after,train,labels,dataset_clean/train/labels/21_png.rf.2f65ae73113bc6d4046a5d1625c21ae4.txt,66,169be4fc94caab3030468f0ce8089db8f71863a42b56384102d077ed66fff920
after,train,labels,dataset_clean/train/labels/21_png.rf.eadd1629fba06e602b37b2f1d6e33e9d.txt,59,eff566b65d61cc29a5043a424faf2e866c1a6356845f8ad20ad6725d35791987
after,train,labels,dataset_clean/train/labels/220_png.rf.1e1cdf1d6832b636a31164366581c888.txt,62,e697f7fd44a5adcd4f7d7ab2bb607f0c6568009c54dcd5ebf2ac753c0249ec1a
after,train,labels,dataset_clean/train/labels/220_png.rf.23a76089220ee8ba2b84bcc4aa4bba06.txt,62,e697f7fd44a5adcd4f7d7ab2bb607f0c6568009c54dcd5ebf2ac753c0249ec1a
after,train,labels,dataset_clean/train/labels/220_png.rf.9d41f0a61f8d541869533d7745c16906.txt,67,3d15e9bd7b5f4a88b4dfcc0686e631e6eddb0cc57e5376e11eb8b0271369a89f
after,train,labels,dataset_clean/train/labels/221_png.rf.18956cf46c91479ecdc3982f52ac63c5.txt,51,8af597bc2f39503152ef1e9dc68d00ea7673e3c285dc534e77c4078be96a5f98
after,train,labels,dataset_clean/train/labels/221_png.rf.88e5f9bf18e13da874ec93ef74ba55de.txt,51,8af597bc2f39503152ef1e9dc68d00ea7673e3c285dc534e77c4078be96a5f98
after,train,labels,dataset_clean/train/labels/221_png.rf.9920cab2fd279b992c53c1257dde2141.txt,50,8adc123de63a7760399535c6aaf04c128d62dd223026742904161967d2843670
after,train,labels,dataset_clean/train/labels/222_png.rf.0faef84464d4f245fd65c7ffa8370ae6.txt,56,a0da56637d47029044d2c1b2f01151a27aa21a8fb8aa0dcfc013f3ae13655e5c
after,train,labels,dataset_clean/train/labels/222_png.rf.5d799d9a4689a65daf013210fba9cbdf.txt,56,a0da56637d47029044d2c1b2f01151a27aa21a8fb8aa0dcfc013f3ae13655e5c
after,train,labels,dataset_clean/train/labels/222_png.rf.a9e956d586731779605ce4af02c2cf10.txt,56,a0da56637d47029044d2c1b2f01151a27aa21a8fb8aa0dcfc013f3ae13655e5c
after,train,labels,dataset_clean/train/labels/224_png.rf.218c4f4e963be8e0850c5f90f4e84097.txt,58,463286cc1f11f8514cec453dd3a7867c08cd97ffba02178ea1fef7048048b075
after,train,labels,dataset_clean/train/labels/224_png.rf.2bb30ffff814dd3041434523b6b9fd7f.txt,64,f5ce77dd5ad191cce367743e7dc837481627f2e0e7bdd8e364641ece9dda40fc
after,train,labels,dataset_clean/train/labels/224_png.rf.b209c92577fd14ea0237d2007c21493a.txt,58,463286cc1f11f8514cec453dd3a7867c08cd97ffba02178ea1fef7048048b075
after,train,labels,dataset_clean/train/labels/225_png.rf.198af4e1e95630bc3497f4b0d5ecfa02.txt,64,1efaac4c13e2628c55f5dc9f4a0a630ea669b826099091b39be9e142784d62c6
after,train,labels,dataset_clean/train/labels/225_png.rf.3870593d1aad29807bfb53882afcc737.txt,57,68ffff6ebe8dd9e7fa21941d0e5b59d02ada9e192216cf9168393c8a8a8cd54e
after,train,labels,dataset_clean/train/labels/225_png.rf.44d36ca14cff5e0e1b9a90f8afe51c01.txt,64,1efaac4c13e2628c55f5dc9f4a0a630ea669b826099091b39be9e142784d62c6
after,train,labels,dataset_clean/train/labels/226_png.rf.7a5a114ad65c13b817c95e8b0ea11d1b.txt,62,920ba8188d93fcd6be467840d950e329dcf35083bb63e0b252827d706bc46215
after,train,labels,dataset_clean/train/labels/226_png.rf.bd895ad1c5a0975e7de7f20632692c3b.txt,62,920ba8188d93fcd6be467840d950e329dcf35083bb63e0b252827d706bc46215
after,train,labels,dataset_clean/train/labels/226_png.rf.e97af2d45ff5fc573e319cf7ecad9466.txt,62,920ba8188d93fcd6be467840d950e329dcf35083bb63e0b252827d706bc46215
after,train,labels,dataset_clean/train/labels/227_png.rf.a50e80013e60075960530e0d0f8753b5.txt,72,b4722868d9d90143b00ce731de165e07998cb9aa4865dc27d54b0f8886ebf39e
after,train,labels,dataset_clean/train/labels/227_png.rf.b720e88dbc9f1aa2a804f8b24acde29b.txt,71,17166e7aff4e1fee15162e6e8525801b207bc9c3af33bfdeb0ad4fe71d774859
after,train,labels,dataset_clean/train/labels/227_png.rf.eefb19f6351e3039995325f97452fbfe.txt,72,b4722868d9d90143b00ce731de165e07998cb9aa4865dc27d54b0f8886ebf39e
after,train,labels,dataset_clean/train/labels/228_png.rf.5192025a0032e7bedb08f77ef960939e.txt,56,5226fb8169354606039b1419ee95d937532f2a48eb63e6118bb116d8a3144082
after,train,labels,dataset_clean/train/labels/228_png.rf.98e4b57ada19da0b4979d8240aad5b75.txt,55,a89eb2f795de120e25e5a8666d470e5abce52893d1b639300b3c7e5ed66fc5d0
after,train,labels,dataset_clean/train/labels/228_png.rf.b4df2fa11f94d739abf52ba00664dabb.txt,56,5226fb8169354606039b1419ee95d937532f2a48eb63e6118bb116d8a3144082
after,train,labels,dataset_clean/train/labels/229_png.rf.09531ea5c3a77613408f5cf2518fe84b.txt,70,3f4a8798b44119a1444a19cad2aeec895a0e587e9b1ab2b23547070853d576b5
after,train,labels,dataset_clean/train/labels/229_png.rf.45f360954f5d949dfe628632eac453fa.txt,70,3f4a8798b44119a1444a19cad2aeec895a0e587e9b1ab2b23547070853d576b5
after,train,labels,dataset_clean/train/labels/229_png.rf.53e9234a2ec0ee1c92b6061e7ff1c10e.txt,69,a182aeede9fe28a84f7dfbcadacb51403b38aa0cc932e095434f5b3b87ae61fe
after,train,labels,dataset_clean/train/labels/22_jpg.rf.191811cf98863e1c90f5c20882847e4f.txt,78,a5cb72a52b7df13ecd85351ce0ab00205ecd7b845e8119eb2e1464fd808478cd
after,train,labels,dataset_clean/train/labels/22_jpg.rf.525c49e137e58bd8041a1cb84f9897c4.txt,77,ec8e4c90b9f5f5ef8a4d35a6bddc8a3ca57f4c1b922a4f4a229f62bb5acd9294
after,train,labels,dataset_clean/train/labels/22_jpg.rf.988e560d56725cd935c540c3a5b367e5.txt,78,e01dae5aa0539b0faa9c7514087d6b5a5ea1ee7d6739ba3eccfb8d8d766e1ab7
after,train,labels,dataset_clean/train/labels/22_jpg.rf.aaaed5aa2c28b136a050e07618fffe28.txt,77,0552abdb5d35066ac46e174f16066f98107efdaa157e1e1496aecdf03592c8f1
after,train,labels,dataset_clean/train/labels/22_jpg.rf.bf95867604983584410d9aeebc7fe449.txt,78,e01dae5aa0539b0faa9c7514087d6b5a5ea1ee7d6739ba3eccfb8d8d766e1ab7
after,train,labels,dataset_clean/train/labels/22_png.rf.b50dde18589069e88ebb174d21a5a9ec.txt,65,09a6c1db7ce05de71fc29f01ed912c3aaaf43f11d1f2115ec04179f28fef0a00
after,train,labels,dataset_clean/train/labels/22_png.rf.bcd7ccef8a0798fe88c939ed5682e932.txt,65,09a6c1db7ce05de71fc29f01ed912c3aaaf43f11d1f2115ec04179f28fef0a00
after,train,labels,dataset_clean/train/labels/22_png.rf.c7ad497aa776d6eb6ecbcbd18c95f13e.txt,57,e76970222af481f3a230296bae29acf0b5033a01c9e03bf6693953836f89cf8a
after,train,labels,dataset_clean/train/labels/230_png.rf.af0ecd01eae48dc6b99e0a05b3a01f68.txt,71,613f96356df7b7921165cd550097ef7fd63470664ba34636a0fcbff9a99e9b2f
after,train,labels,dataset_clean/train/labels/230_png.rf.b36fb0836f754ef46572c2804862806a.txt,76,547957e8e4d15c46eb525006fd0882f878956303d7919708cbf6b90d0a8d8271
after,train,labels,dataset_clean/train/labels/230_png.rf.ef387734efc086eb055f6d0ade07cada.txt,76,547957e8e4d15c46eb525006fd0882f878956303d7919708cbf6b90d0a8d8271
after,train,labels,dataset_clean/train/labels/232_png.rf.0f6fe386c701fefe21a7b7411e855ec0.txt,62,33bd27426fca4e406b9751362b150816373285d40e0c34e14d4cd0d99641d193
after,train,labels,dataset_clean/train/labels/232_png.rf.bb76c6f5a54fcb4a7a9a7927659250e8.txt,63,164a35d2e6359e43badb47c915d9fa6a0ab40820041aaa546873b7b42ec0bf54
after,train,labels,dataset_clean/train/labels/232_png.rf.c299233306dca89b8fab155858686250.txt,63,164a35d2e6359e43badb47c915d9fa6a0ab40820041aaa546873b7b42ec0bf54
after,train,labels,dataset_clean/train/labels/233_png.rf.0d5acdcfbce3ba511e9cbd97eae965f8.txt,63,fed7827054de9ce5eb6fb283c21d77e1969f9fbcf99d43893c250c9b87cc9f0a
after,train,labels,dataset_clean/train/labels/233_png.rf.27c3136418d5ce9729093f37d3214567.txt,71,f1d69d5761d46880a893a8ac034e347b488862ea594bb7824b2abe770f6f45f8
after,train,labels,dataset_clean/train/labels/233_png.rf.f6d9747c678b952c755a9bb91dfb731b.txt,71,f1d69d5761d46880a893a8ac034e347b488862ea594bb7824b2abe770f6f45f8
after,train,labels,dataset_clean/train/labels/236_png.rf.586cfd186e98e9e67aab3c360f19a04b.txt,63,7d177678c70124c11dfd84dff7e6b895eca00eb481f67ebcbb4b5e012512efa3
after,train,labels,dataset_clean/train/labels/236_png.rf.737a31c86e8f69a3f9eb74a04266ce0d.txt,56,3a0b3fe64959d8e56e978c427008b10aca81c7b9404fa130bd80835f8025dfda
after,train,labels,dataset_clean/train/labels/236_png.rf.c7e7b33e8acb4f98eca10ee3e9ac928f.txt,63,7d177678c70124c11dfd84dff7e6b895eca00eb481f67ebcbb4b5e012512efa3
after,train,labels,dataset_clean/train/labels/237_png.rf.3ddeef785eca8aa80253c1b831b20c99.txt,66,e903dfadf5dc53414760378a1fd67deda4867f2fd89eca1083b1c82fe54a0082
after,train,labels,dataset_clean/train/labels/237_png.rf.48c2beffcfe8e048d7278e563fc85607.txt,72,0cef8606facefab16aa5d4467c520f1156b0b1fdb453186d91106c96033da007
after,train,labels,dataset_clean/train/labels/237_png.rf.ba22fd65431564567f31d8217b88e20e.txt,72,0cef8606facefab16aa5d4467c520f1156b0b1fdb453186d91106c96033da007
after,train,labels,dataset_clean/train/labels/239_png.rf.217ca2be282d4b297f992a0a9bf9f45a.txt,73,333d7fa69ef6f82492c12486b9b1bafe046ea059fb0b4a14e07ef4a9717d92b6
after,train,labels,dataset_clean/train/labels/239_png.rf.8ddcfcd70b411616978be138ad328225.txt,69,ea28725db0699729a74a8599c0ee5bed9541b21f06df7657b4543d8ce5ecba8d
after,train,labels,dataset_clean/train/labels/239_png.rf.db52a4ccc7a962402ee1b9ddbe78db10.txt,73,333d7fa69ef6f82492c12486b9b1bafe046ea059fb0b4a14e07ef4a9717d92b6
after,train,labels,dataset_clean/train/labels/23_png.rf.78556c33949e8a9b380e45c45f91341e.txt,70,5189d6dadd719363796172b891915502aa3d676e60fd2f506721c82e9d786081
after,train,labels,dataset_clean/train/labels/23_png.rf.7ef21374ec0b2a1a1a16c51631b0e36d.txt,70,5189d6dadd719363796172b891915502aa3d676e60fd2f506721c82e9d786081
after,train,labels,dataset_clean/train/labels/23_png.rf.bf77bd4d739b5ac887fcf854d709e3f2.txt,68,cac743290fef68c8463df5101b46ff2661e910778e98da8ddce97c97de7a9769
after,train,labels,dataset_clean/train/labels/240_png.rf.28d0a3a422514b8e690cbc69c68c2244.txt,66,1a1a3e9ff90cdf81baf2cfad550562e1cc652a6b4391f73d43337825c6537049
after,train,labels,dataset_clean/train/labels/240_png.rf.353864fb1738a67cf280c22fc537e340.txt,58,054d21d5b536322f52638d187c6b5e8959574bb51eaa2f4d370aebc013c9b398
after,train,labels,dataset_clean/train/labels/240_png.rf.5d83ff26d37ef770fd6c8597381bd32a.txt,66,1a1a3e9ff90cdf81baf2cfad550562e1cc652a6b4391f73d43337825c6537049
after,train,labels,dataset_clean/train/labels/241_png.rf.1a5cc4b42c3216de8c65c5f9109b1c94.txt,62,90f9bc076365ca067f8dd770e82b5487a2c4c90cc11fe561e96591f46d7829eb
after,train,labels,dataset_clean/train/labels/241_png.rf.85354e5aa18acfa6a200466108bb41dc.txt,62,90f9bc076365ca067f8dd770e82b5487a2c4c90cc11fe561e96591f46d7829eb
after,train,labels,dataset_clean/train/labels/241_png.rf.d83ebb8c5dfc8c3a769c223e247b1a42.txt,61,42a6b1bb70f9590e496398b531b97f8791384fc982ecdf7a96318917e07d0428
after,train,labels,dataset_clean/train/labels/242_png.rf.3afbc5c562203c908cec9f9a4925e2aa.txt,52,5b120cb76e576a8e2a3ad0c7d886dc69eb9ff46fdd64d4283c8e0f7a6a95ac02
after,train,labels,dataset_clean/train/labels/242_png.rf.6ff7847482f9712ac742fb93fd194c20.txt,53,dccf5c185ab886baba4166c9536de25a8efa3592472741190e507b7c8459901e
after,train,labels,dataset_clean/train/labels/242_png.rf.b0687a2b1835805a3fc35f09f75f2f64.txt,53,dccf5c185ab886baba4166c9536de25a8efa3592472741190e507b7c8459901e
after,train,labels,dataset_clean/train/labels/243_png.rf.78e2ce4e50ae185db761b96a5e1a19b4.txt,69,bde5f84633e25167ab5b2e4353dec8074324a3986451744a9883f7d32be78b6f
after,train,labels,dataset_clean/train/labels/243_png.rf.d5bd68b31ce47416dfff84b337d5ba66.txt,69,bde5f84633e25167ab5b2e4353dec8074324a3986451744a9883f7d32be78b6f
after,train,labels,dataset_clean/train/labels/243_png.rf.eb491d4a59f98ed2a9e5bfca9b3bef99.txt,70,7e294d200783efe826ff6efba7e5505c26835d321e2ab7726e743b702725cf17
after,train,labels,dataset_clean/train/labels/244_png.rf.2eeac60218b903f77377530e010b8345.txt,72,70cc0db0c8baa56c26981ce71abcf316023cf2d1f6cb6e11c59bbcc867ace67f
after,train,labels,dataset_clean/train/labels/244_png.rf.94f63d3932ff945fb156ddd8ca5d763d.txt,72,70cc0db0c8baa56c26981ce71abcf316023cf2d1f6cb6e11c59bbcc867ace67f
after,train,labels,dataset_clean/train/labels/244_png.rf.fa2bebef16810bae7ede4a35b9130289.txt,59,7e2eb62d92b5d12cfee276443c9303a59f52a50da8100b085f0dd9b67bca314e
after,train,labels,dataset_clean/train/labels/245_png.rf.13fc8440c7a159d88931edb7345f6076.txt,44,4fa1e0cc19c9cc4d732abdded3db01f98b261f4688dbd36cd11b9547971cb079
after,train,labels,dataset_clean/train/labels/245_png.rf.2d4d6ce45ced28ed6a70576e191d6dab.txt,44,4fa1e0cc19c9cc4d732abdded3db01f98b261f4688dbd36cd11b9547971cb079
after,train,labels,dataset_clean/train/labels/245_png.rf.e18392cf28f6ddeccb22680ec8f90ff8.txt,44,4fa1e0cc19c9cc4d732abdded3db01f98b261f4688dbd36cd11b9547971cb079
after,train,labels,dataset_clean/train/labels/246_png.rf.0a4e76d5ea683116a0e4ef1feb0ea161.txt,71,50b4812838fa0f2df60a1ba18599a459075e68811c7e61d129c0ad7a41cb7139
after,train,labels,dataset_clean/train/labels/246_png.rf.2bb3e10c745ebceab31e3c992272a9fe.txt,71,9f142c567e8d73bf652bd35cbf3cebe1c7825c6ed9803c6e51a7c36ecd20ad2e
after,train,labels,dataset_clean/train/labels/246_png.rf.338e1f26c34c43bc257f10021aad6246.txt,71,50b4812838fa0f2df60a1ba18599a459075e68811c7e61d129c0ad7a41cb7139
after,train,labels,dataset_clean/train/labels/247_png.rf.9a8d9c49206bb68aa3fcc3e221f1c75f.txt,69,207deeca1b13e2a681ec427b4feeb0b491f8e3f1413087b56bfb57190ae0d4b0
after,train,labels,dataset_clean/train/labels/247_png.rf.a72d9b2d2a5337aa2489eb160d59ee5d.txt,69,207deeca1b13e2a681ec427b4feeb0b491f8e3f1413087b56bfb57190ae0d4b0
after,train,labels,dataset_clean/train/labels/247_png.rf.e0f5efeb499b01cc42d7254fa4d32e6a.txt,70,0169f81f9baeffd10550ea740beb5fadf752599e4bb7c8eca026f86f980c4577
after,train,labels,dataset_clean/train/labels/248_png.rf.7f1802186edf3f763365559f9649e350.txt,78,88be692b3ffad41088544b76f9cb0c60aa4ffe2a9b6f7b673f583b57f93b750e
after,train,labels,dataset_clean/train/labels/248_png.rf.93af2a7677b6714c9c7059cb6a048638.txt,78,88be692b3ffad41088544b76f9cb0c60aa4ffe2a9b6f7b673f583b57f93b750e
after,train,labels,dataset_clean/train/labels/248_png.rf.b204b83c446c4d67e9d69d622ad0dcbc.txt,80,40140023b626e87026e5e7ef82b452913a9ef121b33390adf5073e610cdcaec0
after,train,labels,dataset_clean/train/labels/249_png.rf.0b5f84ac24e7f65f89b81d3b8b0ba7e3.txt,53,0d193c27583cfe664951f02e7014d43002c96f0c10cdeb99cb94dac24a71d706
after,train,labels,dataset_clean/train/labels/249_png.rf.46d30d33545b258644e07ff85ceede04.txt,53,0d193c27583cfe664951f02e7014d43002c96f0c10cdeb99cb94dac24a71d706
after,train,labels,dataset_clean/train/labels/249_png.rf.bec62931105ea5ad4925167260b06289.txt,53,0d193c27583cfe664951f02e7014d43002c96f0c10cdeb99cb94dac24a71d706
after,train,labels,dataset_clean/train/labels/24_jpg.rf.9b1972e33d038b6eb7787ee4418794dc.txt,79,42e87684f154caa226f1db4a00f7336ad47dfe91cb5b8f388b23eedd3c810fb8
after,train,labels,dataset_clean/train/labels/24_jpg.rf.c2dca3e92537e539330d82ee01d51d7d.txt,79,72fbbbfaf41bea11193a701eaa607a8c397ef3231c571de09235d9e997a2af39
after,train,labels,dataset_clean/train/labels/24_jpg.rf.dedeaf5ace255a89de384c56b0a8ce37.txt,79,42e87684f154caa226f1db4a00f7336ad47dfe91cb5b8f388b23eedd3c810fb8
after,train,labels,dataset_clean/train/labels/24_png.rf.32eb5305c8fb0622c106a11b8c8702c1.txt,55,f23bf761df6aafeea7f0386078cf838453377e3b79ce8e40b20b206c59b6a28f
after,train,labels,dataset_clean/train/labels/24_png.rf.360f6b63c47b3c666133c458c8521f32.txt,55,f23bf761df6aafeea7f0386078cf838453377e3b79ce8e40b20b206c59b6a28f
after,train,labels,dataset_clean/train/labels/24_png.rf.583937ee588eb07406f5b4039438d067.txt,61,777a624168d0e10737a458bcba03e158cd9d21602ca8a2cc04fb3ab4991ca437
after,train,labels,dataset_clean/train/labels/250_png.rf.25a62cba7a637213908d45f2821a1085.txt,58,06ec3a48de25a4c00650ec67afe2b3af6fdd1312f8ca4e00738a07ea4d861791
after,train,labels,dataset_clean/train/labels/250_png.rf.d1eb20fc9575be01629fa10e8fee713e.txt,58,06ec3a48de25a4c00650ec67afe2b3af6fdd1312f8ca4e00738a07ea4d861791
after,train,labels,dataset_clean/train/labels/250_png.rf.fa66943bfc4b7cc9940384b795ab3421.txt,58,06ec3a48de25a4c00650ec67afe2b3af6fdd1312f8ca4e00738a07ea4d861791
after,train,labels,dataset_clean/train/labels/251_png.rf.1745d7461e45f6985ed94f9fe13267fd.txt,67,08cf5afa8f8d130ac7ad1ad93f5c009c7b35e9e1fa798b9ae1448a7376f7a4f5
after,train,labels,dataset_clean/train/labels/251_png.rf.c7787a5c02bb47e46fad70271792a5af.txt,62,eb7af696d2b73e1aeca781a749190a32546081ba6aef57b49dfe2254f67bf8dc
after,train,labels,dataset_clean/train/labels/251_png.rf.e2ea60fe1c1e30b003ababf0737e70ac.txt,62,eb7af696d2b73e1aeca781a749190a32546081ba6aef57b49dfe2254f67bf8dc
after,train,labels,dataset_clean/train/labels/252_png.rf.3c9b7c39b4e2120d5ad3396f2dbc54c4.txt,65,9f74d0b439d57c44c36b8ad48fbc3f2afa359068a89931753bbe02c578d482e9
after,train,labels,dataset_clean/train/labels/252_png.rf.c2f169ef756e21350087f056ffc0a0e1.txt,65,9f74d0b439d57c44c36b8ad48fbc3f2afa359068a89931753bbe02c578d482e9
after,train,labels,dataset_clean/train/labels/252_png.rf.d25610c7e2a947871367a2e639bbce0d.txt,65,9f74d0b439d57c44c36b8ad48fbc3f2afa359068a89931753bbe02c578d482e9
after,train,labels,dataset_clean/train/labels/253_png.rf.3b7fde87e42019a3b081900b10b20a39.txt,64,22310edbbe333fb15da1f22c30cfd0e3b32e9341547af10f050a68dc341f217d
after,train,labels,dataset_clean/train/labels/253_png.rf.617a44195fc7bd7ff845cfe751da38ec.txt,64,22310edbbe333fb15da1f22c30cfd0e3b32e9341547af10f050a68dc341f217d
after,train,labels,dataset_clean/train/labels/253_png.rf.e31a9625aa39237254b3319aabc1e878.txt,64,22310edbbe333fb15da1f22c30cfd0e3b32e9341547af10f050a68dc341f217d
after,train,labels,dataset_clean/train/labels/255_png.rf.71614b88e9ebdbe2306c74350ef88463.txt,56,bbda0cb90666778e8d6ed085ec9d0f76d769885dffd4fd154d36eb72ab1cf939
after,train,labels,dataset_clean/train/labels/255_png.rf.94e8f12c5cb0d7984243ef266d84f3c4.txt,56,bbda0cb90666778e8d6ed085ec9d0f76d769885dffd4fd154d36eb72ab1cf939
after,train,labels,dataset_clean/train/labels/255_png.rf.ebe476dade4a79ffadf55eac10e28e40.txt,56,bbda0cb90666778e8d6ed085ec9d0f76d769885dffd4fd154d36eb72ab1cf939
after,train,labels,dataset_clean/train/labels/256_png.rf.3ec00a08d277b5d466533af9890eac23.txt,56,7d513442ff3daaf1f03d84d7e6636064cc40ac3efb7b5f205e590ef4b1227501
after,train,labels,dataset_clean/train/labels/256_png.rf.7e054da996c6149017270cd896b5d55d.txt,57,6858e7fb362a238a7bdd74805c07f6b1c5abedbad248c2e5331d46dbbbb873a3
after,train,labels,dataset_clean/train/labels/256_png.rf.f0d145d08ea17221acb7831340c105eb.txt,57,6858e7fb362a238a7bdd74805c07f6b1c5abedbad248c2e5331d46dbbbb873a3
after,train,labels,dataset_clean/train/labels/258_png.rf.7af46eeae66eeeac37f486266934ba76.txt,51,2217d2414cd034e64b6a5cf2907fd8fefad1e3cdf875b490668dc542b14bb043
after,train,labels,dataset_clean/train/labels/258_png.rf.a012567fefad7fc82b4d2ac2bb3cf620.txt,50,f28c17d1ab634658ec848529099cc987b094820c86a40370be033dcb6f6ce87a
after,train,labels,dataset_clean/train/labels/258_png.rf.b2bc92e225cab88a014f5e24e481417c.txt,51,2217d2414cd034e64b6a5cf2907fd8fefad1e3cdf875b490668dc542b14bb043
after,train,labels,dataset_clean/train/labels/259_png.rf.8e49592b890a1a9cff0f4369772f0148.txt,67,3031537271c64eb62cb20ea0105bcb1b0ab8a1c6d5940767d61d0614fafc5193
after,train,labels,dataset_clean/train/labels/259_png.rf.b6581340ee11d90ce9cac2118b76c9ee.txt,66,03f4d41ae0cad18da612aab65e8dc2b47c211e8bf67433407faba54026a43857
after,train,labels,dataset_clean/train/labels/259_png.rf.d934d3980d30f05361b3a4c067bda362.txt,67,3031537271c64eb62cb20ea0105bcb1b0ab8a1c6d5940767d61d0614fafc5193
after,train,labels,dataset_clean/train/labels/25_jpg.rf.f49141aedc2f94bb791bfdb814ec352e.txt,78,913071fc8430368859a763a5557efa7d684994ddc2dd8259a6527fc67107c4b0
after,train,labels,dataset_clean/train/labels/25_png.rf.1b603c84114612d7fc3f407d4c72f69a.txt,67,56a46a2fe8ff4190fddd6abb6a112a812fe4638d6445425a098a4f7bd7758e56
after,train,labels,dataset_clean/train/labels/25_png.rf.1fc1fc0b3b0fe87d3dcc2b010ce1478e.txt,67,56a46a2fe8ff4190fddd6abb6a112a812fe4638d6445425a098a4f7bd7758e56
after,train,labels,dataset_clean/train/labels/25_png.rf.76d779d1c65485945109b4068a3aeb00.txt,66,6df8a8edd6184cdfc6caefaf0b43b85cc077d0fa701556c9d584655c0ac881c0
after,train,labels,dataset_clean/train/labels/260_png.rf.631f357ea4df1fc94bf5e2e2ec8ee996.txt,66,031bdf4a925cdbf7123ae96929fed9496313dcdff14ca4f65dbb8b2025d32dd0
after,train,labels,dataset_clean/train/labels/260_png.rf.774a595264a1fe3b64000edbf3d4bc3d.txt,59,e7d5cd22a81d8a435f0aa270f6d4496565e0a30ce9deee70100d7cd43dd855b8
after,train,labels,dataset_clean/train/labels/260_png.rf.ed416862f18fd6595f22791ac2dfc2a4.txt,66,031bdf4a925cdbf7123ae96929fed9496313dcdff14ca4f65dbb8b2025d32dd0
after,train,labels,dataset_clean/train/labels/261_png.rf.19f1c2938eeda9e0543181386515bc39.txt,66,4d4c152eaeb710b4a0d03a941c924f5e1752116e284d4136a3aaed5bbf6f7c56
after,train,labels,dataset_clean/train/labels/261_png.rf.4a05a343dad55c7d0458bf3e7293a453.txt,59,c962e37eb61d655aac7daa4cd0976d56011088d580c906f380ce0b889a568699
after,train,labels,dataset_clean/train/labels/261_png.rf.85cac3a6682030e4e0e389a44138efb3.txt,66,4d4c152eaeb710b4a0d03a941c924f5e1752116e284d4136a3aaed5bbf6f7c56
after,train,labels,dataset_clean/train/labels/262_png.rf.83415cf19f5ede0cef8874832612f27b.txt,62,a5a034904a584f80d24960809ec15f1ecf69d1bbcf7ce4fa7772292343b9f4a8
after,train,labels,dataset_clean/train/labels/262_png.rf.d176a53c3dae14a519841c3a4b9ea1d8.txt,67,8a3f825d82a87ccc2946c9b4d50ad85ee194192d758f499c1dd6ada6aa64b2c9
after,train,labels,dataset_clean/train/labels/262_png.rf.dfafe3884b2b6bb324be4859017123d4.txt,62,a5a034904a584f80d24960809ec15f1ecf69d1bbcf7ce4fa7772292343b9f4a8
after,train,labels,dataset_clean/train/labels/265_png.rf.5164814549b3309af2f11509af293146.txt,61,c1bab89706242c0624f3c97901312b77cee3fa4aae256327b2b0b58bb37579bd
after,train,labels,dataset_clean/train/labels/265_png.rf.6838cb3872f7193cb32bff92a4e5acfe.txt,61,c1bab89706242c0624f3c97901312b77cee3fa4aae256327b2b0b58bb37579bd
after,train,labels,dataset_clean/train/labels/265_png.rf.acc34245efbc97f12093457f179b51bb.txt,61,c1bab89706242c0624f3c97901312b77cee3fa4aae256327b2b0b58bb37579bd
after,train,labels,dataset_clean/train/labels/267_png.rf.12fe74223d56073af2bbb69da2a0d6d6.txt,65,f4263d1b5c3ae3e3750f2341ffa5a2d33d328fdb5e77e14afc40ccaacb3f99af
after,train,labels,dataset_clean/train/labels/267_png.rf.568dc02aae856e94886c27727f86ff60.txt,58,158dab68914550ffc2a52b3501c0c81ec858ea7ebb0613e2091220b4e9c41c9d
after,train,labels,dataset_clean/train/labels/267_png.rf.bd68357ca6471c6204a9a48451b31b61.txt,65,f4263d1b5c3ae3e3750f2341ffa5a2d33d328fdb5e77e14afc40ccaacb3f99af
after,train,labels,dataset_clean/train/labels/268_png.rf.8b607b8101248369f6df91e497b0d2cb.txt,64,194cdcd084ec5fafe39b196cd6a075a735d974b562668fb8cce929e90c9c89d5
after,train,labels,dataset_clean/train/labels/268_png.rf.8da33232c914c59bc459b12bfcafee08.txt,64,194cdcd084ec5fafe39b196cd6a075a735d974b562668fb8cce929e90c9c89d5
after,train,labels,dataset_clean/train/labels/268_png.rf.ad9795294219698cd4f98aa8bcd89f50.txt,57,5a89f0147272360784d9a3d6f709f1728321719556864709405169e97655e916
after,train,labels,dataset_clean/train/labels/269_png.rf.02fddc764544027515047fe4a727bfa2.txt,66,ae92674d75698f6ec9db972fdbc01d19b44c259b38a38690731bbdede37f7418
after,train,labels,dataset_clean/train/labels/269_png.rf.b0cf01f86870a23493919d81c2bc96bd.txt,66,ae92674d75698f6ec9db972fdbc01d19b44c259b38a38690731bbdede37f7418
after,train,labels,dataset_clean/train/labels/269_png.rf.dafb110ca75fce7c3087d89fb95a1f6f.txt,66,ae92674d75698f6ec9db972fdbc01d19b44c259b38a38690731bbdede37f7418
after,train,labels,dataset_clean/train/labels/26_jpg.rf.3a1de68e297f316598f863e967054e22.txt,79,4c4e01373a36cf5bf28dfce1bd54684bc1a18797213c9627e0c006d41c88e034
after,train,labels,dataset_clean/train/labels/26_jpg.rf.4de6100101aa7b9578a4bc4db9ebc534.txt,77,a8140b9443a0dd8eb859cab2ee399cb46b2dc6921d84044cdd2f0cacba0c7672
after,train,labels,dataset_clean/train/labels/26_jpg.rf.84637ef16f4c6680e44914e8083360a1.txt,77,a8140b9443a0dd8eb859cab2ee399cb46b2dc6921d84044cdd2f0cacba0c7672
after,train,labels,dataset_clean/train/labels/26_png.rf.2950df84ff727a9f94404e50ee7b1964.txt,54,8c9757d402297ad69e7f6d0f397c261d66c1c8b777c9dc2319c54621bfe5dc54
after,train,labels,dataset_clean/train/labels/26_png.rf.6182a1c2c067e3f9a6eac7150c18dc6d.txt,54,8c9757d402297ad69e7f6d0f397c261d66c1c8b777c9dc2319c54621bfe5dc54
after,train,labels,dataset_clean/train/labels/26_png.rf.fcce6d96a2ad754baa75c22d35b0f156.txt,54,8c9757d402297ad69e7f6d0f397c261d66c1c8b777c9dc2319c54621bfe5dc54
after,train,labels,dataset_clean/train/labels/270_png.rf.01fe54864b4f62a33e3e23baab52ac5f.txt,57,1f71685ae3e3e0f694a11f8297e48f6beb7630a52a811637f5408c9cd8816ce3
after,train,labels,dataset_clean/train/labels/270_png.rf.0cce7cf4ab956aef7461eef37bf24998.txt,57,1f71685ae3e3e0f694a11f8297e48f6beb7630a52a811637f5408c9cd8816ce3
after,train,labels,dataset_clean/train/labels/270_png.rf.302b26a25577f3a140ac6f6a9d6418ab.txt,56,a26b7382987666ba67b5ba0293d815eec66ec130f24221488bf26ad0177edd88
after,train,labels,dataset_clean/train/labels/271_png.rf.401e4f43c112f55779cb1326f3f0b7fe.txt,59,2ba9aa95733d4337a54836a886abec4f5a7f808c64f0c3b34136f229a4ac5ef5
after,train,labels,dataset_clean/train/labels/271_png.rf.5e48e1100234086b8c7197ac8023b3af.txt,59,2ba9aa95733d4337a54836a886abec4f5a7f808c64f0c3b34136f229a4ac5ef5
after,train,labels,dataset_clean/train/labels/271_png.rf.c687757770f74b479b41b52b16aa0c46.txt,58,16889cc71eaf13b0e055eaa0ffb1ced77edbbf6915bc18edede5f255942abeb8
after,train,labels,dataset_clean/train/labels/274_png.rf.0211423e5cce0ce2a0be9696ba31affa.txt,68,70daf844f8eaab89d2de3294e5e779fa2af98b62fb7cca245f5fd9c5d5440a5e
after,train,labels,dataset_clean/train/labels/274_png.rf.46ebe838d9a144ca348b91fa4d0b8b33.txt,67,7e867ac646af38c08c7681d506a256a447c3e1322c3616b72b1394702373b4b1
after,train,labels,dataset_clean/train/labels/274_png.rf.658dec388610d986632da894c41277d9.txt,68,70daf844f8eaab89d2de3294e5e779fa2af98b62fb7cca245f5fd9c5d5440a5e
after,train,labels,dataset_clean/train/labels/275_png.rf.64674dbce1f1fea390ad439810687026.txt,51,25fbfbdbdce0c138bf3ee395e7416a2e883324b6174f9a6922db399abf530259
after,train,labels,dataset_clean/train/labels/275_png.rf.c50f85fd21431f61d18b7876d827390b.txt,51,25fbfbdbdce0c138bf3ee395e7416a2e883324b6174f9a6922db399abf530259
after,train,labels,dataset_clean/train/labels/275_png.rf.f8931fed58a334e56070fab38b94467f.txt,57,12073659fa3bb4ff929cdf857772e1520035a91622a00d9d8b3204bedd552390
after,train,labels,dataset_clean/train/labels/277_png.rf.97515270a2274228102b03bce43c3f4a.txt,57,42c8e6d6cf68cac7064d0abad16e3e1b925f989d8b2665d7d5b4d943a86a70fc
after,train,labels,dataset_clean/train/labels/277_png.rf.b6491ceaa160e5f912ebc0cf77be0776.txt,57,4cc00ae271a80ea1ad7f5d3432137a6fb2fcb102401825d08cfaa72f145b048e
after,train,labels,dataset_clean/train/labels/277_png.rf.d9c1d58b2226cc6e717b20ab9dc8a2ea.txt,57,42c8e6d6cf68cac7064d0abad16e3e1b925f989d8b2665d7d5b4d943a86a70fc
after,train,labels,dataset_clean/train/labels/278_png.rf.480cf0e4cf88f1dcce746be5a3f572c5.txt,60,81c139fcdfb8a7bdba3ecd8b57657f3fdaee68e368b23b52e9e977be981be91e
after,train,labels,dataset_clean/train/labels/278_png.rf.cc28b0bdb9949986c70753b49e6ea71f.txt,59,367f5e7a6d688c6c54f16be1750ffd49b2a1d7b7bf6aaaf27348f11abe389e40
after,train,labels,dataset_clean/train/labels/278_png.rf.f62bdc7d728e939b6493a25cb00c06e7.txt,60,81c139fcdfb8a7bdba3ecd8b57657f3fdaee68e368b23b52e9e977be981be91e
after,train,labels,dataset_clean/train/labels/279_png.rf.5abe118e4aa0b6ab1f98088f27814dab.txt,52,563ef03dd2fa8b4a69699735cd9438e008113e23f5a81ccd908834c82818cb5c
after,train,labels,dataset_clean/train/labels/279_png.rf.688d70d66296d48d1585d60fedc819ff.txt,52,563ef03dd2fa8b4a69699735cd9438e008113e23f5a81ccd908834c82818cb5c
after,train,labels,dataset_clean/train/labels/279_png.rf.bac924f1b15b7b6b57d5320355e94c51.txt,52,563ef03dd2fa8b4a69699735cd9438e008113e23f5a81ccd908834c82818cb5c
after,train,labels,dataset_clean/train/labels/27_jpg.rf.20a189b0478ef9cbffdb4fd0aab91df0.txt,78,d746e665090caa75e5471a83450a13a2b7efbb98d82fba71d412b510a64158b0
after,train,labels,dataset_clean/train/labels/27_jpg.rf.2db5023ddcc44a77f804d0fc5808c694.txt,77,b362638491564b7fce6cf8702df7fef6f6ce844cdea81410f0d6338ac5812fe2
after,train,labels,dataset_clean/train/labels/27_jpg.rf.6b2e06fd5de3c6c82c56cacd73b8c806.txt,78,55b3fd18aebeb89366d51d444405e9660ad26ebe10e6bc34e4740b78025c3d9e
after,train,labels,dataset_clean/train/labels/27_jpg.rf.851baf35752154ccd783482dead519db.txt,79,27dfd009e472bf4ae4afd38cf925f64e13c3a818b72ac4189c580f1674127d87
after,train,labels,dataset_clean/train/labels/27_jpg.rf.b11e71c60e7174a6d08816006b69d30a.txt,78,bc745dc24651c245314baff1f9b2a5d31ad7b4aa636aa0353d1d2cded9695ae8
after,train,labels,dataset_clean/train/labels/27_jpg.rf.e944fdb9d5890cde3bc98ab1d5f8bf68.txt,78,bc745dc24651c245314baff1f9b2a5d31ad7b4aa636aa0353d1d2cded9695ae8
after,train,labels,dataset_clean/train/labels/27_jpg.rf.ee0bc5ee28dab4070beb6d7d77c688cc.txt,78,d746e665090caa75e5471a83450a13a2b7efbb98d82fba71d412b510a64158b0
after,train,labels,dataset_clean/train/labels/27_png.rf.5fc2665cec3b18f847403228ef77e1f4.txt,63,f7c8cce03c54a608a413bd2aa5c7a3b922cb91251970f6d5c08cdf663f6e2d5f
after,train,labels,dataset_clean/train/labels/27_png.rf.6857d55978178196f5271a2e1b18488c.txt,63,f7c8cce03c54a608a413bd2aa5c7a3b922cb91251970f6d5c08cdf663f6e2d5f
after,train,labels,dataset_clean/train/labels/27_png.rf.dda5d0e06e2d450ed103d1cc4210de61.txt,56,2c4d6db94918f0d35e5cd56926b86363e13529e0b9556d9a34ecb0e6a507b373
after,train,labels,dataset_clean/train/labels/280_png.rf.5b71999dcb82679b933976f3fa96412d.txt,57,e9cc5cd793dc979b1fd3dcc9f7000d5d6ec621dc2f7d28c45de2ce9b6dbf5d9d
after,train,labels,dataset_clean/train/labels/280_png.rf.aff9e797ed1891fa3162b1545b1a13a1.txt,50,af459ed73097e050d9529ed6adc74174d9861da1830dedc4336b820c7aa32ad5
after,train,labels,dataset_clean/train/labels/280_png.rf.b67f250840cb07d5499de2735bd8fb24.txt,50,af459ed73097e050d9529ed6adc74174d9861da1830dedc4336b820c7aa32ad5
after,train,labels,dataset_clean/train/labels/281_png.rf.8cb2614adf3b1650c96b8e94cf3abd7e.txt,59,a54147c6801c0d549ec40e28277ee7ca2dbc3fcee9b454827236a64ef7958084
after,train,labels,dataset_clean/train/labels/281_png.rf.b126d16946bb3f44ec91931cf4974dc0.txt,59,a54147c6801c0d549ec40e28277ee7ca2dbc3fcee9b454827236a64ef7958084
after,train,labels,dataset_clean/train/labels/281_png.rf.ccffdb5963844eea0b0d10c54e70307f.txt,66,cf8a756717a71fd730cee978197a2ce37dc173b1789918135889dc952a64a746
after,train,labels,dataset_clean/train/labels/282_png.rf.0c9afa03c15c14cedd9486e6e699a3b1.txt,57,2d07b8a082bc833926c71a49f3bfb45fc7f7b00c033775370e26cb30437cbaa1
after,train,labels,dataset_clean/train/labels/282_png.rf.0d54219192eb57d9096b6af42c55b69e.txt,57,2d07b8a082bc833926c71a49f3bfb45fc7f7b00c033775370e26cb30437cbaa1
after,train,labels,dataset_clean/train/labels/282_png.rf.bef2bf0377d2a5cca2789642b1004576.txt,57,2d07b8a082bc833926c71a49f3bfb45fc7f7b00c033775370e26cb30437cbaa1
after,train,labels,dataset_clean/train/labels/286_png.rf.4b2f8843ecea88cdd98824fc0d869002.txt,60,de3ecc14580c23bb1101969749e58e6ab258eadb7316551bf01b2521138d5ef9
after,train,labels,dataset_clean/train/labels/286_png.rf.524ca544ec87749c5b60824356a010d2.txt,68,bd6cbe0f4858fabb940712366ad9f37a95c40ab20787e5ede162c2803b6c778a
after,train,labels,dataset_clean/train/labels/286_png.rf.8ca0f4ac2d2fabac77ddf800e412d411.txt,68,bd6cbe0f4858fabb940712366ad9f37a95c40ab20787e5ede162c2803b6c778a
after,train,labels,dataset_clean/train/labels/287_png.rf.036805ae8f2c41926404ae0eba965cc7.txt,50,b5ea1c3470c4ee88cb67febde569892a3faf3b966e112236cf4507923a91cd25
after,train,labels,dataset_clean/train/labels/287_png.rf.1a5ed5e9cff1ee690d66fe24595b11de.txt,50,b5ea1c3470c4ee88cb67febde569892a3faf3b966e112236cf4507923a91cd25
after,train,labels,dataset_clean/train/labels/287_png.rf.2739400789e5f294a1af8f22bcfe0bc3.txt,55,04e52da5da6f99dd662510e13b4f497a73b7644e7513e2d6c1da6ecba5a869eb
after,train,labels,dataset_clean/train/labels/288_png.rf.73740fe7d5c446f1b65b2b334eed365a.txt,67,a916d66a5cb0f3723c6e76f8e99918280c5665e3d3cb404d2aefdb6733bd6480
after,train,labels,dataset_clean/train/labels/288_png.rf.9580788b3407fe7c586807aea67e2ded.txt,66,04c3ff74d179b0dd97862c0bccdd99ca5791b26bbec19b6b5fbe6080f117882b
after,train,labels,dataset_clean/train/labels/288_png.rf.bf4cde6d62537f943b82a5c607086738.txt,67,a916d66a5cb0f3723c6e76f8e99918280c5665e3d3cb404d2aefdb6733bd6480
after,train,labels,dataset_clean/train/labels/289_png.rf.3de812a87ec90bc2e4094b8013b18367.txt,53,53aeb20286d9ae82390cd56ded1cbc0965f46315d0f023f946d258e0757f03f6
after,train,labels,dataset_clean/train/labels/289_png.rf.8a1650c7bb9b7f08a46e90a3a5573b8b.txt,52,426bbd6b9636b28b4395e4941720594187fd881861b72154492520b47879a678
after,train,labels,dataset_clean/train/labels/289_png.rf.a13a5bd03beba5ea90040bf87fcd37b3.txt,53,53aeb20286d9ae82390cd56ded1cbc0965f46315d0f023f946d258e0757f03f6
after,train,labels,dataset_clean/train/labels/290_png.rf.559817749e34187a86316d08e16166bf.txt,60,0a35b7b1fbe3409df688e2808d6024c68d858921f689d64b7896662e9bfcd607
after,train,labels,dataset_clean/train/labels/290_png.rf.d5d65125d7a95e81b822cb2d2d78fda0.txt,60,0a35b7b1fbe3409df688e2808d6024c68d858921f689d64b7896662e9bfcd607
after,train,labels,dataset_clean/train/labels/290_png.rf.eafdf431bfa3f42d2f0b5d34eb1f32e0.txt,65,ef122a1d0e41f663fccbae27cea414ada3db3c4d1d8f4038db54049ec589031a
after,train,labels,dataset_clean/train/labels/292_png.rf.454dcd12a81e9568f66a85d2d7d13a1b.txt,53,06984a1f7ecbeb3b3556ba243dccb4ce6404f55558a8aa769202d6846227ba3d
after,train,labels,dataset_clean/train/labels/292_png.rf.4d69f74a7bad8e16cba2d803e0a79626.txt,54,242285dae2bfaeb1c80056a5cba4b90fd4b2a5c29fe26a434df81a7281641a3e
after,train,labels,dataset_clean/train/labels/292_png.rf.da3added60b8eff2e551144f404a02e2.txt,54,242285dae2bfaeb1c80056a5cba4b90fd4b2a5c29fe26a434df81a7281641a3e
after,train,labels,dataset_clean/train/labels/293_png.rf.570fd12c4ab2ebf57b17e7b2a671595d.txt,59,02a07de510d49fa03d29572c037d2ea10fd21a81976610e15524c603e86517d6
after,train,labels,dataset_clean/train/labels/293_png.rf.c2a092892be0e32a0ff6a416ac9db16d.txt,66,2e490ea459355373e232979d95cc30f2075498950fa53907f7156ad4c4a12914
after,train,labels,dataset_clean/train/labels/293_png.rf.d534d1ce5349af38df902c94e4aa461a.txt,66,2e490ea459355373e232979d95cc30f2075498950fa53907f7156ad4c4a12914
after,train,labels,dataset_clean/train/labels/294_png.rf.b90b35b3bbba15b14910e3524ac8867b.txt,54,0364380bb87e7ef9fed3500cf8abe70eca2010b2e911cd550d726a29ac34d2ef
after,train,labels,dataset_clean/train/labels/294_png.rf.d8220d3122a0ec63b8e14a514967f86d.txt,60,526fee4a1537b3fbb86500c19fbc2f599cc87a317de939efae141074e69ec99a
after,train,labels,dataset_clean/train/labels/294_png.rf.faeed8e779c271be418752cf02e7f54d.txt,54,0364380bb87e7ef9fed3500cf8abe70eca2010b2e911cd550d726a29ac34d2ef
after,train,labels,dataset_clean/train/labels/295_png.rf.40ba34f481c4df54d304b364b4154a3b.txt,65,743c3fc3ed67db4678e5d7a770dfa0b464b2915255ee9a08e8ac598436f186e1
after,train,labels,dataset_clean/train/labels/295_png.rf.4d3217c05df7793b051b9b70dd347f8c.txt,65,743c3fc3ed67db4678e5d7a770dfa0b464b2915255ee9a08e8ac598436f186e1
after,train,labels,dataset_clean/train/labels/295_png.rf.dfd7f298e8795fdc454a0e2a8195baff.txt,65,743c3fc3ed67db4678e5d7a770dfa0b464b2915255ee9a08e8ac598436f186e1
after,train,labels,dataset_clean/train/labels/296_png.rf.20506fb2904b9a6d318cfa4905482560.txt,69,55fb838e1046e9c0aa53876a916de1def301a667f04da23fbca90ac943c41e45
after,train,labels,dataset_clean/train/labels/296_png.rf.d3396bf7918d4aa317badddece74c468.txt,70,2cd037d7842a585e703b2270a8f39b8a586a607a2071f5feab4c9d0be202ce35
after,train,labels,dataset_clean/train/labels/296_png.rf.fa9e8a0c942c22ce85788954cca1cc86.txt,70,2cd037d7842a585e703b2270a8f39b8a586a607a2071f5feab4c9d0be202ce35
after,train,labels,dataset_clean/train/labels/297_png.rf.0f43d5c8f792c75bd50743afda4916d8.txt,44,919cec14fbf90cc0b99da2cc98b3a191d281a8b1b84fa0e25af502e4e94db1a3
after,train,labels,dataset_clean/train/labels/297_png.rf.473bccd0c5cc07621a1aa23dcfc0c8af.txt,45,6d6551e9e7f9fc31be6a6987da9a346301be4283eeb905a597e90e4de2301018
after,train,labels,dataset_clean/train/labels/297_png.rf.947064887c3076070b754cdb55a66cbe.txt,45,6d6551e9e7f9fc31be6a6987da9a346301be4283eeb905a597e90e4de2301018
after,train,labels,dataset_clean/train/labels/298_png.rf.5a36af0abdd1781f00209830a489a1e0.txt,57,01bb02657f3ac69fb0a98116296869a46d211dba68b36b3933c837b3bda8e980
after,train,labels,dataset_clean/train/labels/298_png.rf.663128816d43ba5c91ca1ca6ad8691cf.txt,57,6c2941f16b8e636b7745ebb9f3f6ae49d3b3d7877630873e0d5bbbf7bdfa13a1
after,train,labels,dataset_clean/train/labels/298_png.rf.d5d3dbe5301cdd895d5129c9c52071d9.txt,57,6c2941f16b8e636b7745ebb9f3f6ae49d3b3d7877630873e0d5bbbf7bdfa13a1
after,train,labels,dataset_clean/train/labels/299_png.rf.0e52b784af414b4887d5e470b6c1ac45.txt,54,990a55f01825c9c331371eb87e34a73ed37dfbec3ce78acf8642659bc2467817
after,train,labels,dataset_clean/train/labels/299_png.rf.81dcf7ace48cb247264110d3e9ecdacc.txt,54,990a55f01825c9c331371eb87e34a73ed37dfbec3ce78acf8642659bc2467817
after,train,labels,dataset_clean/train/labels/299_png.rf.ca450d39fa8526b1c9557317b8fbb490.txt,54,990a55f01825c9c331371eb87e34a73ed37dfbec3ce78acf8642659bc2467817
after,train,labels,dataset_clean/train/labels/29_jpg.rf.1f5e427255de9f562f6a42f13d74fbf8.txt,77,dcad3c911077caf49422d9a5841d56f2acc7ffd1a653f80e539c95a7a2c81875
after,train,labels,dataset_clean/train/labels/29_jpg.rf.4690698634b16bb6059812ab8b144935.txt,77,dcad3c911077caf49422d9a5841d56f2acc7ffd1a653f80e539c95a7a2c81875
after,train,labels,dataset_clean/train/labels/29_jpg.rf.4a126439e814c5799571bd6702356749.txt,78,23b00678ec24b4aa59574cd10430241e892525a4076fca5c8faa1182d78b05ea
after,train,labels,dataset_clean/train/labels/29_png.rf.a5c63092412c94172df0491acfccbcb3.txt,66,9d0f74b3d5333e9f3d8e19c3788583c264e37c2eb788420d5033b81c81bf43ea
after,train,labels,dataset_clean/train/labels/29_png.rf.ca58e455896dec72a18721aea4e4ecea.txt,66,9d0f74b3d5333e9f3d8e19c3788583c264e37c2eb788420d5033b81c81bf43ea
after,train,labels,dataset_clean/train/labels/29_png.rf.f48efa2c0116103cfc3aff7474336bfb.txt,66,9d0f74b3d5333e9f3d8e19c3788583c264e37c2eb788420d5033b81c81bf43ea
after,train,labels,dataset_clean/train/labels/2_jpg.rf.273b5c27a6b788630ad38170f24389db.txt,78,a964141da09a369947368eaa70051f40f96f883d7759fa25f3138c025343a4cc
after,train,labels,dataset_clean/train/labels/2_jpg.rf.3f77b99af90f36a3260afd6d9fdcf485.txt,78,8b5b1e491c37fd7b32e52aad3d103e3338ee8c08b4e0071c99b3cd1deff165a6
after,train,labels,dataset_clean/train/labels/2_jpg.rf.d7f2c39bd230bb6a48d618f03825bb3d.txt,78,a964141da09a369947368eaa70051f40f96f883d7759fa25f3138c025343a4cc
after,train,labels,dataset_clean/train/labels/2_png.rf.0eb49d97ecee56dfab08d24e6f9c51a8.txt,56,378b16002a0606dfc4ea5b6c7dd218deb153113e82d7c63342add9fe5b0306e2
after,train,labels,dataset_clean/train/labels/2_png.rf.71e9615ace8523596c84f5535727a079.txt,56,378b16002a0606dfc4ea5b6c7dd218deb153113e82d7c63342add9fe5b0306e2
after,train,labels,dataset_clean/train/labels/2_png.rf.b30b6048f61fd626665ffecdeb57bdcf.txt,62,4de9fe525075f0e689df7b13eee0a9d7ac3d13e3bf0d50b434ce593775aec43f
after,train,labels,dataset_clean/train/labels/300_png.rf.30598b242293e2a3f9361f3faba38e90.txt,61,88452c37f23660ddecb239bf3b4d56a902d4cb897948209feb3b5f6b0c9665ed
after,train,labels,dataset_clean/train/labels/300_png.rf.5c7dec1b189fcc0237a51640d8b3a4db.txt,61,88452c37f23660ddecb239bf3b4d56a902d4cb897948209feb3b5f6b0c9665ed
after,train,labels,dataset_clean/train/labels/300_png.rf.f8991490dce0448d8b1aef0ff899b7e7.txt,60,03c7856b011b9a5301f7ab97553addebce2fa15748c4e135c43496c240b1276c
after,train,labels,dataset_clean/train/labels/303_png.rf.8f3c66ae3e3e9ea39abded04cd3b97bd.txt,65,c8a066ed899d2f306b98a05dd1303964ec145b68715a15bd896b57a1269581fe
after,train,labels,dataset_clean/train/labels/303_png.rf.9db9431f8240adbf571f0b0dc16acb53.txt,65,67fb131e1bdef218567edc2dc4252cb18eda70d9fb3eb48865ef652543e97aab
after,train,labels,dataset_clean/train/labels/303_png.rf.a6c11c8df983d86cada0618ed6dfe2a8.txt,65,67fb131e1bdef218567edc2dc4252cb18eda70d9fb3eb48865ef652543e97aab
after,train,labels,dataset_clean/train/labels/304_png.rf.046e038a473d0e2041ab114674c16066.txt,65,b77dfd96381b4110c9a54e48cc9464134149f2f2bc23bfb8e9967882083899f6
after,train,labels,dataset_clean/train/labels/304_png.rf.a91471bbce2b80cd37b3ae57a875b480.txt,65,01711157981cd69775c0388d49eba41710965c34890e085e10a9b74644d0c70b
after,train,labels,dataset_clean/train/labels/304_png.rf.c0fa190aae3a617c90f35f5d22bcc0e4.txt,65,b77dfd96381b4110c9a54e48cc9464134149f2f2bc23bfb8e9967882083899f6
after,train,labels,dataset_clean/train/labels/305_png.rf.71e7508c39d96d62c976e551b904783b.txt,66,fd8c8e199e9b3e9da768460ad100292f7e1b0223f5c3d52d3d44e42e3ef459ba
after,train,labels,dataset_clean/train/labels/305_png.rf.b8647c014b85a4bd44a7898d89a3e722.txt,65,03a2241a6f6e8c4d80c13842200484a04d01f93c5f43e22ad85d8e66e4d107e1
after,train,labels,dataset_clean/train/labels/305_png.rf.c468d6439ba4ff1613e3e9bc050ce4d6.txt,66,fd8c8e199e9b3e9da768460ad100292f7e1b0223f5c3d52d3d44e42e3ef459ba
after,train,labels,dataset_clean/train/labels/306_png.rf.01b9657632423b631d4cf9968de245d4.txt,69,850c7e26261b47171a4ec6745a6bf13eecca05ec188d965e67b0a751f1b45d4f
after,train,labels,dataset_clean/train/labels/306_png.rf.165de09895ad465377d52c827622af43.txt,68,42d90ed2e438fc02ebbaafd91fa5329827c46e70a1a3d7519e9ff94ce23621d3
after,train,labels,dataset_clean/train/labels/306_png.rf.64e2cac9d6d4c5910422f3aa61566e7c.txt,69,850c7e26261b47171a4ec6745a6bf13eecca05ec188d965e67b0a751f1b45d4f
after,train,labels,dataset_clean/train/labels/307_png.rf.4314d77fc0cc64e42ccf2c1baf57ae33.txt,60,724d73485ce8c86bf6648e4c06b330d280a01574ab5d5086004567e33db7e8a4
after,train,labels,dataset_clean/train/labels/307_png.rf.5b38b1cde15f2fbeeec95dfc12f61464.txt,60,724d73485ce8c86bf6648e4c06b330d280a01574ab5d5086004567e33db7e8a4
after,train,labels,dataset_clean/train/labels/307_png.rf.cdf1b2dc405789d939171b99334fe3a3.txt,60,724d73485ce8c86bf6648e4c06b330d280a01574ab5d5086004567e33db7e8a4
after,train,labels,dataset_clean/train/labels/308_png.rf.16f836c21adc20165389019f84021028.txt,60,6482d143ad51ded7f41b6ed97d19b8b53fe4b27cad1cf0c409c4f9be8e8c7b69
after,train,labels,dataset_clean/train/labels/308_png.rf.48da3688b90777840964d3d6ffb0a35f.txt,60,6482d143ad51ded7f41b6ed97d19b8b53fe4b27cad1cf0c409c4f9be8e8c7b69
after,train,labels,dataset_clean/train/labels/308_png.rf.792dcaf311ae44db6421bc2102296bcc.txt,60,6482d143ad51ded7f41b6ed97d19b8b53fe4b27cad1cf0c409c4f9be8e8c7b69
after,train,labels,dataset_clean/train/labels/309_png.rf.43e7a6726a409c70f3c830be5964e1d6.txt,67,578146b3b67f024f31b77bb69a9e8b060d62a04410ac4d7e9db7fe6d3199e82c
after,train,labels,dataset_clean/train/labels/309_png.rf.cdc380530ae1e3ea2e719f4b39c4e33f.txt,67,578146b3b67f024f31b77bb69a9e8b060d62a04410ac4d7e9db7fe6d3199e82c
after,train,labels,dataset_clean/train/labels/309_png.rf.f3337652bc883afa66d3fc0fcb572a94.txt,67,578146b3b67f024f31b77bb69a9e8b060d62a04410ac4d7e9db7fe6d3199e82c
after,train,labels,dataset_clean/train/labels/30_jpg.rf.201e25a9090834ef023d388e2e5efacb.txt,78,e62eea0414842722552abeaa1a86096d287cc5c90bdcee803a5ab1ad2563362b
after,train,labels,dataset_clean/train/labels/30_jpg.rf.2b9e18e9eb7dccff28611ae0ead7f9f3.txt,78,8c6c99fcb92bc96fa297f8ba8ce702d7075b006da538b8700fa8819fff2c6322
after,train,labels,dataset_clean/train/labels/30_jpg.rf.c3b9b35c42735683781b79e07024f6e1.txt,80,ad79fad5c2b6b65dd9cb9731e8dc1929b046ef0bd32905261fea8bfbeba45336
after,train,labels,dataset_clean/train/labels/30_jpg.rf.f639be728089b2fc508e25949c2cb11e.txt,78,8c6c99fcb92bc96fa297f8ba8ce702d7075b006da538b8700fa8819fff2c6322
after,train,labels,dataset_clean/train/labels/30_png.rf.4a60410b0036cfa072b9f79dd039aef2.txt,55,03e21c5c0d8bc5a86343d23337e66bafbb01d9564dba82e20c5074da2747baa9
after,train,labels,dataset_clean/train/labels/30_png.rf.666b060e263f94ddcbe68a1cd0d51170.txt,48,c72e4aaf65ae5e8b61cc6f57b6dc7647a68ab8143e5583fec18e24785b9abf70
after,train,labels,dataset_clean/train/labels/30_png.rf.d86d28e443075a9599ad3556df98e8c0.txt,48,c72e4aaf65ae5e8b61cc6f57b6dc7647a68ab8143e5583fec18e24785b9abf70
after,train,labels,dataset_clean/train/labels/310_png.rf.117d1be5ebe91c51a695df29bb6f54f7.txt,66,f4758276dc265887044bc4ec2fe7becf3b020c9037771d8934997e853fdd3cdf
after,train,labels,dataset_clean/train/labels/310_png.rf.1fcdc4acb72b25676d7cd6c09a69c2b2.txt,66,f4758276dc265887044bc4ec2fe7becf3b020c9037771d8934997e853fdd3cdf
after,train,labels,dataset_clean/train/labels/310_png.rf.5cec3bc22837f1cb05105328a87bf21c.txt,66,f4758276dc265887044bc4ec2fe7becf3b020c9037771d8934997e853fdd3cdf
after,train,labels,dataset_clean/train/labels/311_png.rf.9cef645a92bccd1b50adee2f7720926f.txt,56,34c03d56520a460e9695f21798ca560b9cdc1c218aadcd2c5d08d60d855a7bcf
after,train,labels,dataset_clean/train/labels/311_png.rf.c729d0cf5abcc9905d48766071a82be9.txt,56,34c03d56520a460e9695f21798ca560b9cdc1c218aadcd2c5d08d60d855a7bcf
after,train,labels,dataset_clean/train/labels/311_png.rf.fb806c1942187cebea04294f71fdfa69.txt,56,34c03d56520a460e9695f21798ca560b9cdc1c218aadcd2c5d08d60d855a7bcf
after,train,labels,dataset_clean/train/labels/313_png.rf.a5402ddbca17f29aca4bf7930e2ec4e5.txt,65,49d6a25858d2751d75f845110c8e86109ddb6cd3aedd12f69971ec8bc53b1611
after,train,labels,dataset_clean/train/labels/313_png.rf.c03c3cc0df9acb502f71959becd6cf4e.txt,60,e93376c47bb2e25433890752a2cfe069fdd7d35db489c2a4d9fd3984c8fd2b9b
after,train,labels,dataset_clean/train/labels/313_png.rf.dec338ad324db219729c1976bd0edb5f.txt,60,e93376c47bb2e25433890752a2cfe069fdd7d35db489c2a4d9fd3984c8fd2b9b
after,train,labels,dataset_clean/train/labels/316_png.rf.83f24675e6683c4e79009afe2d8873fe.txt,65,049fd0442fc6a16d732f7e80127f6c1910b804c309f0bc68f9c0ba5620d031e6
after,train,labels,dataset_clean/train/labels/316_png.rf.a151cabaae9dcc463d9c5532940671bb.txt,65,049fd0442fc6a16d732f7e80127f6c1910b804c309f0bc68f9c0ba5620d031e6
after,train,labels,dataset_clean/train/labels/316_png.rf.ae9d7fa20d2c2330f431305515798e18.txt,65,049fd0442fc6a16d732f7e80127f6c1910b804c309f0bc68f9c0ba5620d031e6
after,train,labels,dataset_clean/train/labels/317_png.rf.13c029ec9a2485077dc7647c9572e5e2.txt,56,12b8694bc282608a202c3374dee11c0554f8f106db35feab45cd89fe21434038
after,train,labels,dataset_clean/train/labels/317_png.rf.34fc3692eec5aa9b91c27f0fa8860168.txt,56,12b8694bc282608a202c3374dee11c0554f8f106db35feab45cd89fe21434038
after,train,labels,dataset_clean/train/labels/317_png.rf.5f3c8586f1d281eb6b0e914f72d279b4.txt,56,12b8694bc282608a202c3374dee11c0554f8f106db35feab45cd89fe21434038
after,train,labels,dataset_clean/train/labels/318_png.rf.9f99cdd9a6b6d223d04792cc799e71bc.txt,55,479ae1299ec92a12516d54ceb08a3d5473f4743a04a1aafe8b0670de0a11f0d1
after,train,labels,dataset_clean/train/labels/318_png.rf.a92394bce7bb7346594896623c630137.txt,56,7fff7d5940b71a298fa4c9b0eeaf0b2715bd15dc7f1675f11ffea28b6db29f63
after,train,labels,dataset_clean/train/labels/318_png.rf.e1fbb297f4735f8c29e1bc40e1738797.txt,56,7fff7d5940b71a298fa4c9b0eeaf0b2715bd15dc7f1675f11ffea28b6db29f63
after,train,labels,dataset_clean/train/labels/319_png.rf.084f89854fecc1230dc56c2c1cd7204f.txt,59,46661b11c647e2e9bc13cb4dd3e258556b06141e8188895d9f792dc2f5c2de46
after,train,labels,dataset_clean/train/labels/319_png.rf.e763f50783836d92710df5ebe44920ec.txt,65,a0aaad92a7f00eee42b44c46ccf14ac1cc29d656fede38014acc5042ab29456f
after,train,labels,dataset_clean/train/labels/319_png.rf.f6ae909d149c48ef8b0bd50d7681d5a2.txt,59,46661b11c647e2e9bc13cb4dd3e258556b06141e8188895d9f792dc2f5c2de46
after,train,labels,dataset_clean/train/labels/31_png.rf.249aeda87864167815411115799d5b59.txt,69,a0dd4056992fd22ae0d531879e99218d98d8d3f4693cd933cdf62c33e032e97f
after,train,labels,dataset_clean/train/labels/31_png.rf.50410832ace0233a91d1ca1c70f67a7a.txt,69,a0dd4056992fd22ae0d531879e99218d98d8d3f4693cd933cdf62c33e032e97f
after,train,labels,dataset_clean/train/labels/31_png.rf.c3c8a8b2798e59caa9c4f37b7e2b4740.txt,68,9fb4fd22c4f062f5057aa1c9a36d3adcd7ae49d73fccf84aa9ec7546ef37513a
after,train,labels,dataset_clean/train/labels/322_png.rf.c08f3d89279cb3166771bd6c7594e720.txt,59,484d7b005faf257934674837db7bf4a4c9cd728ef6f5f2dcbbd3643b97a8fc27
after,train,labels,dataset_clean/train/labels/322_png.rf.eb70913093c342812915a4d464308ebd.txt,67,b36892240bee53fce6b33de429c5fafd0f555dcc321e8d41a1c2429d51683660
after,train,labels,dataset_clean/train/labels/322_png.rf.edc52c35469d1445e821e2c0e0bcb206.txt,67,b36892240bee53fce6b33de429c5fafd0f555dcc321e8d41a1c2429d51683660
after,train,labels,dataset_clean/train/labels/323_png.rf.05be3f24ea3d7d3d10334747677775fa.txt,60,5eabc116e8343af4b00c57e7cf3e9cffc976d59c1b83d26920e6096e7483519a
after,train,labels,dataset_clean/train/labels/323_png.rf.1787d4bf4d2b8b8beed3956a3808072a.txt,59,15200946c7b83cafc0fdb18a2c3cb55687727f061770cb91c1ca24474e81bc9e
after,train,labels,dataset_clean/train/labels/323_png.rf.8e3de80e19e8237f4e804f1747816c04.txt,60,5eabc116e8343af4b00c57e7cf3e9cffc976d59c1b83d26920e6096e7483519a
after,train,labels,dataset_clean/train/labels/324_png.rf.05ac9e50b8583d81c7a06027f289e9a5.txt,65,0d4affde48054e57d2c9b6f4273572282a6d07629f268408bfaa2cee9e3d8be4
after,train,labels,dataset_clean/train/labels/324_png.rf.53883377e63186ecec80ce98cdce6055.txt,60,651300ad76174753f9545b16f41016654b0308322b54cba27aa9068daa17477a
after,train,labels,dataset_clean/train/labels/324_png.rf.ae98728704c24e2696448eb669211923.txt,60,651300ad76174753f9545b16f41016654b0308322b54cba27aa9068daa17477a
after,train,labels,dataset_clean/train/labels/325_png.rf.0972e0e86c2babf587e05bed2f69df70.txt,66,52a94ac8187359a90071798cbd346d4d630e3b2462332fdbb2d2a4a2115a0f21
after,train,labels,dataset_clean/train/labels/325_png.rf.d775aaaa8451cddaa2d07ae182ba5fe2.txt,66,52a94ac8187359a90071798cbd346d4d630e3b2462332fdbb2d2a4a2115a0f21
after,train,labels,dataset_clean/train/labels/325_png.rf.ee03f65c31778e14733cf61c71f4ea72.txt,66,52a94ac8187359a90071798cbd346d4d630e3b2462332fdbb2d2a4a2115a0f21
after,train,labels,dataset_clean/train/labels/326_png.rf.2be19455b22defad169b140b9d562d79.txt,57,43cee2ca19adb0265fed49032d85a40f83141cd9b2d044d9d9de1b43262acf80
after,train,labels,dataset_clean/train/labels/326_png.rf.41df0dbdd285107a0dc6798a988028e7.txt,57,43cee2ca19adb0265fed49032d85a40f83141cd9b2d044d9d9de1b43262acf80
after,train,labels,dataset_clean/train/labels/326_png.rf.6d6680543fb82272c6306b10e8b95ed0.txt,57,43cee2ca19adb0265fed49032d85a40f83141cd9b2d044d9d9de1b43262acf80
after,train,labels,dataset_clean/train/labels/327_png.rf.e02c7046fa8e555ab4fed5e90ec066b6.txt,58,f8528b92c05b740c2e4cc651a4122b19570b28475f414446674e289786590f2d
after,train,labels,dataset_clean/train/labels/327_png.rf.f42939064ce68415ac200130dbdfa4fb.txt,58,f8528b92c05b740c2e4cc651a4122b19570b28475f414446674e289786590f2d
after,train,labels,dataset_clean/train/labels/328_png.rf.10827665e124971576e811605233f031.txt,54,18a495fb858170dc1b30e93fe507d943b5fc7983c75aaa566dfdbf24452c0c27
after,train,labels,dataset_clean/train/labels/328_png.rf.1e432655cd04812b392213ed5f3f9044.txt,54,18a495fb858170dc1b30e93fe507d943b5fc7983c75aaa566dfdbf24452c0c27
after,train,labels,dataset_clean/train/labels/328_png.rf.c04f42a07b8d2f54081f9c1a3dfd5586.txt,53,cdf1e606bb5f4f532bbc32df8b3bf0aeccedd7db35f5a07a7237893ecdc64298
after,train,labels,dataset_clean/train/labels/329_png.rf.23d5ab0c9ca312f6e4e06ee355d0b763.txt,51,2e664a74a416f61ea72864779e5735286b9c56f069e057f86330922303866308
after,train,labels,dataset_clean/train/labels/329_png.rf.6634d37996fc685755ad311a6c65221d.txt,51,2e664a74a416f61ea72864779e5735286b9c56f069e057f86330922303866308
after,train,labels,dataset_clean/train/labels/329_png.rf.b957946249cf772e796d88d006625ef0.txt,58,b0f460ac84c0bdec920184f972679425485590499df7026adb71cae479aab95b
after,train,labels,dataset_clean/train/labels/330_png.rf.54c9d58a42784c2f13f82fd845fbaa23.txt,52,a481ed557207988a73b3e404e40c1168532d258fc209223595f5a5d47a70bf0a
after,train,labels,dataset_clean/train/labels/330_png.rf.d0a03f89a2f70eee99e3809c2b0facc7.txt,52,a481ed557207988a73b3e404e40c1168532d258fc209223595f5a5d47a70bf0a
after,train,labels,dataset_clean/train/labels/330_png.rf.e97c0cde01a96726cb68c8fe279a717f.txt,52,a481ed557207988a73b3e404e40c1168532d258fc209223595f5a5d47a70bf0a
after,train,labels,dataset_clean/train/labels/331_png.rf.399c3670c17e2a32c9b2ee89b2198064.txt,62,305c72eaf01c6b11cdf8f7a656999c5476c0439f7954df6b8ee4c5c3f89c3ae9
after,train,labels,dataset_clean/train/labels/331_png.rf.3a2701510b7c543be60fdb76a13303ad.txt,67,a060eb2afab43d9c9d68b13c70998c42a957d93ada48a046d10dbd224b58a65e
after,train,labels,dataset_clean/train/labels/331_png.rf.bd5602723a98c920b56decd51f5c5fa3.txt,62,305c72eaf01c6b11cdf8f7a656999c5476c0439f7954df6b8ee4c5c3f89c3ae9
after,train,labels,dataset_clean/train/labels/332_png.rf.07ab093f695ee41f2ee8d5aa71d78f12.txt,68,2d827ba2c28a79150c3f9e4cecee98bdb58c4dad720d2e37cbcd1cb04d471bb2
after,train,labels,dataset_clean/train/labels/332_png.rf.3013d7fcf911dbd63079cacb4289ab8d.txt,68,2d827ba2c28a79150c3f9e4cecee98bdb58c4dad720d2e37cbcd1cb04d471bb2
after,train,labels,dataset_clean/train/labels/332_png.rf.b4988daa6813f62822c186372bad53aa.txt,67,6f1b7cfc16a365dfd5d95095d1ce82c607e0340363db6168e6cc445f3b53a845
after,train,labels,dataset_clean/train/labels/333_png.rf.59c31a098fcf8a9915088067542dc266.txt,64,319d02c81021f2284f21573429226c5a2658df70ab4a97a2f51d5d1506e595db
after,train,labels,dataset_clean/train/labels/333_png.rf.734419a2222a7b68b1502020d6883ec5.txt,64,08ef19a8ad9f81c5e9339289ae65afd7d087325423464d7801f7c30ef8374d7c
after,train,labels,dataset_clean/train/labels/333_png.rf.e2c56d50a87af34b56b6706a31935e6b.txt,64,319d02c81021f2284f21573429226c5a2658df70ab4a97a2f51d5d1506e595db
after,train,labels,dataset_clean/train/labels/335_png.rf.1ee6ca380ede60956b13a70836e31548.txt,55,efde89822c33f9929bbba2774248a5632ae413d06213db2fbaf420c5b97f3ff7
after,train,labels,dataset_clean/train/labels/335_png.rf.41749768c737fa1d50ffbb9a0b566b6d.txt,55,efde89822c33f9929bbba2774248a5632ae413d06213db2fbaf420c5b97f3ff7
after,train,labels,dataset_clean/train/labels/335_png.rf.f17d0ced504879eb7f886c9dd40216fc.txt,55,efde89822c33f9929bbba2774248a5632ae413d06213db2fbaf420c5b97f3ff7
after,train,labels,dataset_clean/train/labels/336_png.rf.8459de5275aa41630d575ed761929c27.txt,45,ac30ac4b4a04371f3ea9aa332754780cbb05f96888c6fdc534a91205ce6f9f9a
after,train,labels,dataset_clean/train/labels/336_png.rf.dcd23aa5aba958949e55fb2250de9c5d.txt,45,ac30ac4b4a04371f3ea9aa332754780cbb05f96888c6fdc534a91205ce6f9f9a
after,train,labels,dataset_clean/train/labels/336_png.rf.fd26f4b700690111a1d93d4fad6fa50f.txt,45,ac30ac4b4a04371f3ea9aa332754780cbb05f96888c6fdc534a91205ce6f9f9a
after,train,labels,dataset_clean/train/labels/337_png.rf.50eae93d34710330742b2157bc6546a7.txt,57,07a75d4dc33c80edd87d90cf7fa41f6afe566562c6ca0cce2fbad9136d92ddee
after,train,labels,dataset_clean/train/labels/337_png.rf.6cf6168aa022680153c9cc37ef5567ca.txt,51,3e313bf4b2d9e9cfa5d9a0f008702391c2bb126345b6a2cebf9225df7dc0662c
after,train,labels,dataset_clean/train/labels/337_png.rf.a2e3025656f1de9ea2d0be9772c6b8e8.txt,51,3e313bf4b2d9e9cfa5d9a0f008702391c2bb126345b6a2cebf9225df7dc0662c
after,train,labels,dataset_clean/train/labels/33_png.rf.10fb0042587cbae112b1481d2495578e.txt,67,4307fd56743b6c2cb3e36ea1374788f7a7b2e55954ff5d9eb03c933038e7a065
after,train,labels,dataset_clean/train/labels/33_png.rf.38c0a7e4c77dc7f2b498ab759b76803d.txt,67,4307fd56743b6c2cb3e36ea1374788f7a7b2e55954ff5d9eb03c933038e7a065
after,train,labels,dataset_clean/train/labels/33_png.rf.e31f77e83d9dff46e9eac7a5e1a90659.txt,67,ae7b420885f9395ee49ad1dcde081b2f27bb53c47ddaaf1aefa92065a6b9ed71
after,train,labels,dataset_clean/train/labels/340_png.rf.192f9970cb4e521a840e217dd7809c83.txt,67,803e07ebb26bcc3e54f04a4cc0e8222648144d3fe489ace704649d35b3017086
after,train,labels,dataset_clean/train/labels/340_png.rf.9425531de2d0d7fb14cf2eca457d28c8.txt,67,803e07ebb26bcc3e54f04a4cc0e8222648144d3fe489ace704649d35b3017086
after,train,labels,dataset_clean/train/labels/340_png.rf.be639210bea56f5f70628e6898feb649.txt,67,803e07ebb26bcc3e54f04a4cc0e8222648144d3fe489ace704649d35b3017086
after,train,labels,dataset_clean/train/labels/341_png.rf.12ffefa8147dcf86baf629dd8931c6b4.txt,57,47ed49c31102ff0411970ffc3ff2c9ff54fbbc924d49644c621c93c7e995dac0
after,train,labels,dataset_clean/train/labels/341_png.rf.2acdd9d1eec855ddc7c6850a852ad365.txt,65,7081a8ab6085e8e3032c31b71e926085cdf0f3d261045864b13854e4dd55c3c2
after,train,labels,dataset_clean/train/labels/341_png.rf.8a8fb293709e229a2987603e52ed8b58.txt,65,7081a8ab6085e8e3032c31b71e926085cdf0f3d261045864b13854e4dd55c3c2
after,train,labels,dataset_clean/train/labels/342_png.rf.1f4c2e44df07fcc0c79ea4505f6c4187.txt,47,b38197c7bea233fc5865f54d16423f0bf5a6ea34fe2028f8084e4b356cabcf85
after,train,labels,dataset_clean/train/labels/342_png.rf.681ac4ba5b2988c387b36093921ce683.txt,47,b38197c7bea233fc5865f54d16423f0bf5a6ea34fe2028f8084e4b356cabcf85
after,train,labels,dataset_clean/train/labels/342_png.rf.6f364cf7d875d6bd809f1dbebb1bf900.txt,47,b38197c7bea233fc5865f54d16423f0bf5a6ea34fe2028f8084e4b356cabcf85
after,train,labels,dataset_clean/train/labels/343_png.rf.5ea3a77a33b65c81c47cd7c3108f3958.txt,67,ce29e7f4fa89a6b4cbd5e9cfad78a5c7abf4edfd6573be59b28aafc68a4a4f0f
after,train,labels,dataset_clean/train/labels/343_png.rf.9654457a95305057ba21070354572433.txt,67,ce29e7f4fa89a6b4cbd5e9cfad78a5c7abf4edfd6573be59b28aafc68a4a4f0f
after,train,labels,dataset_clean/train/labels/343_png.rf.e29941055abcfc4a2a13094a8c8f3795.txt,67,ce29e7f4fa89a6b4cbd5e9cfad78a5c7abf4edfd6573be59b28aafc68a4a4f0f
after,train,labels,dataset_clean/train/labels/344_png.rf.049775b483babb8f652f0d4b66f17aa9.txt,49,87ce4f9d9f9ae64d9452281552f3af8c6e05308b7655548b5002002efb997b18
after,train,labels,dataset_clean/train/labels/344_png.rf.06c7c4cf2182c173a8b1b0bdbabfab42.txt,49,87ce4f9d9f9ae64d9452281552f3af8c6e05308b7655548b5002002efb997b18
after,train,labels,dataset_clean/train/labels/344_png.rf.6b2e70e1e5e2b7406dff40bdbd823189.txt,56,efc55a890aefdd388f7144adc1fe32135a8d7523926637e86520512fdcea50c9
after,train,labels,dataset_clean/train/labels/345_png.rf.15f196a34029ce66b6f1de87554469f7.txt,67,08a3a87befdcd1b9fd2c90e6936969c2eed2c7ce9f3c076720db897d20ff2d4a
after,train,labels,dataset_clean/train/labels/345_png.rf.83c77a2a251f00564769d90d5f067d04.txt,67,08a3a87befdcd1b9fd2c90e6936969c2eed2c7ce9f3c076720db897d20ff2d4a
after,train,labels,dataset_clean/train/labels/345_png.rf.fc970680b4e524ca930d676f2a32e5f7.txt,67,08a3a87befdcd1b9fd2c90e6936969c2eed2c7ce9f3c076720db897d20ff2d4a
after,train,labels,dataset_clean/train/labels/346_png.rf.6e6d46cb923c3871805b0d5dc5d41240.txt,39,f39b54170ecc7e9958c4937844851bc07381c44f3f504bcb0ff7111dcfa11d3c
after,train,labels,dataset_clean/train/labels/346_png.rf.b1b0386dcba917bc1b087337a6935e2d.txt,39,f39b54170ecc7e9958c4937844851bc07381c44f3f504bcb0ff7111dcfa11d3c
after,train,labels,dataset_clean/train/labels/346_png.rf.f290b81d080f049fac8b6f4503274dfb.txt,39,f39b54170ecc7e9958c4937844851bc07381c44f3f504bcb0ff7111dcfa11d3c
after,train,labels,dataset_clean/train/labels/347_png.rf.1de5deece92e19157938b84360d79950.txt,66,175f6e6b36bbb7456aba5640518f9b8a4af7083fc549a020b44ebead99695790
after,train,labels,dataset_clean/train/labels/347_png.rf.3a77534e035ee2b0d4a3d168b37ecea2.txt,66,175f6e6b36bbb7456aba5640518f9b8a4af7083fc549a020b44ebead99695790
after,train,labels,dataset_clean/train/labels/347_png.rf.fc2f774c1cd2cf678b767a7b6f420617.txt,66,175f6e6b36bbb7456aba5640518f9b8a4af7083fc549a020b44ebead99695790
after,train,labels,dataset_clean/train/labels/348_png.rf.3ea4bbf314c1af2f89840472e1fbfc5e.txt,56,834150cf1b29c27208e9f7edd94c355b64fd43cae10472cca41d873ff8e095be
after,train,labels,dataset_clean/train/labels/348_png.rf.bb0721b9112895d8899cbe87669db2e4.txt,56,25c6819e23aced61880f7fe84ddfb104e3e6a1a8fb68d16aca09a3579a70e291
after,train,labels,dataset_clean/train/labels/348_png.rf.d17491224f6561d9343aa7bac5daadf9.txt,56,25c6819e23aced61880f7fe84ddfb104e3e6a1a8fb68d16aca09a3579a70e291
after,train,labels,dataset_clean/train/labels/349_png.rf.13db36d01b255016d738cb116dd3a5b0.txt,61,d2b2cb27dc299423821afdf79b5517a5c42430779e6f132a883b8a819b2a2ba9
after,train,labels,dataset_clean/train/labels/349_png.rf.42b3e9ccf91cb9d22eae4d8c44c8e19e.txt,61,d2b2cb27dc299423821afdf79b5517a5c42430779e6f132a883b8a819b2a2ba9
after,train,labels,dataset_clean/train/labels/349_png.rf.7e2e386111048cd8a98c3a4fe4b70abc.txt,53,27a62b9065535cdafdbd3f5139ca424b26c65f92601d57c46b47bc7926aec18a
after,train,labels,dataset_clean/train/labels/34_png.rf.4a9555270e699b2ebc58331c737a89cc.txt,63,883d28cb9066b6bd3c83369bc4859669442c180324f55e1a42cfe17b9dc4e302
after,train,labels,dataset_clean/train/labels/34_png.rf.f32ee16721f20e774aec2fdc5bdab47e.txt,63,883d28cb9066b6bd3c83369bc4859669442c180324f55e1a42cfe17b9dc4e302
after,train,labels,dataset_clean/train/labels/350_png.rf.2f3c0091eefbc5b9afaddf6e19084e83.txt,61,d597827d4291b7f79fe4ec40e27175f11152273a9e2dc2a409743e63ac38f2cd
after,train,labels,dataset_clean/train/labels/350_png.rf.bc892f66187f0cbb89a967ae9ccf6db4.txt,61,d597827d4291b7f79fe4ec40e27175f11152273a9e2dc2a409743e63ac38f2cd
after,train,labels,dataset_clean/train/labels/350_png.rf.fa5593f5b05e08fd3739d05125e18ec7.txt,61,d597827d4291b7f79fe4ec40e27175f11152273a9e2dc2a409743e63ac38f2cd
after,train,labels,dataset_clean/train/labels/352_png.rf.57e8e16c9696a9e69baaa00f8ee208f8.txt,68,6ce0122436af844aa1e7a5a7308051e897489a20a481ed27afd8e4b5a9a47cf1
after,train,labels,dataset_clean/train/labels/352_png.rf.834d54d5ac86a5f3715dfadbb599be1c.txt,67,68118d9d667f6b2550c590ab49d8f1ce69bddad5a80e2aab6e5fd49d2555602c
after,train,labels,dataset_clean/train/labels/352_png.rf.ec6b8937982b3effbbac33381d29cf66.txt,68,6ce0122436af844aa1e7a5a7308051e897489a20a481ed27afd8e4b5a9a47cf1
after,train,labels,dataset_clean/train/labels/353_png.rf.318b7c7300612ecfbc4ea1e6f8d7b506.txt,66,86be28dd1cd00b3d906a244145cd8e65ee40b37d7984c33d91c0dd8d391686c1
after,train,labels,dataset_clean/train/labels/353_png.rf.7a35dbf82c2b6496397c1135b71e757b.txt,66,86be28dd1cd00b3d906a244145cd8e65ee40b37d7984c33d91c0dd8d391686c1
after,train,labels,dataset_clean/train/labels/353_png.rf.afbfec5d2fbfc803ea8bd329a3fa6201.txt,66,86be28dd1cd00b3d906a244145cd8e65ee40b37d7984c33d91c0dd8d391686c1
after,train,labels,dataset_clean/train/labels/355_png.rf.243cd610f7831837a4be7e3f7b41643e.txt,68,77798a90d25e8f9cdbd94a655cfd90a31b2c6b95abf6f68ca67a4d33ac7e93ff
after,train,labels,dataset_clean/train/labels/355_png.rf.7c55a2909793700fdf83c5338d1be5ed.txt,67,bcb39e95c8636245d236206c3673f258ff2f567c4ef6c8fa49db6f599082932c
after,train,labels,dataset_clean/train/labels/355_png.rf.dcae7052b5a4a01e6f772520808c90d6.txt,68,77798a90d25e8f9cdbd94a655cfd90a31b2c6b95abf6f68ca67a4d33ac7e93ff
after,train,labels,dataset_clean/train/labels/356_png.rf.2d03263187778029c310e249e1bab67d.txt,59,0fafa2d1a24181cb5ad184f70c0880a2b6a451cd8d6fa76ae98546c3e2ee01c4
after,train,labels,dataset_clean/train/labels/356_png.rf.4126a68f3bc828b2222d8595f75cf9ca.txt,60,7f9e5de2825a490faab2e5f44209c56492edc18cb0d011a84ab114c05110961d
after,train,labels,dataset_clean/train/labels/356_png.rf.80504ca959a81076dab8cbe6f13b786e.txt,60,7f9e5de2825a490faab2e5f44209c56492edc18cb0d011a84ab114c05110961d
after,train,labels,dataset_clean/train/labels/357_png.rf.1126513a69875e68c0456e2711926bd2.txt,59,2c3449c3d313b6ce9be9e103f3ffd92295bead0b2500410e916992a9600f8062
after,train,labels,dataset_clean/train/labels/357_png.rf.8646c127181afd1636b28449839c89c1.txt,60,a411ec81708be56d9f10e5e604e6b4ab638dc1e76ad37db3e8fa03ba8de8edda
after,train,labels,dataset_clean/train/labels/357_png.rf.bce856767e39edc3f8e954e9432e99ac.txt,60,a411ec81708be56d9f10e5e604e6b4ab638dc1e76ad37db3e8fa03ba8de8edda
after,train,labels,dataset_clean/train/labels/358_png.rf.578f3f3ee7fb225bbcee24f2d0829d9b.txt,65,ac22caed76b943731e84bce0168a63107c7b4a64c33c8c30bd70a4907cbe2ec9
after,train,labels,dataset_clean/train/labels/358_png.rf.592e26f1db50e35305cdb2e4be0ef119.txt,64,a2c91a4b56827722869b42420fef55cf2c75dce35b08dc44e9113730d0ff750d
after,train,labels,dataset_clean/train/labels/358_png.rf.caf37af138e0e0b3b449282b29657a54.txt,65,ac22caed76b943731e84bce0168a63107c7b4a64c33c8c30bd70a4907cbe2ec9
after,train,labels,dataset_clean/train/labels/359_png.rf.0b03216b50bd748ac06aa9c5f5389487.txt,62,34494e6ff88bfca2a701c6a89b32aa9ca45f75f4e20d2c86925f18f59f317f4e
after,train,labels,dataset_clean/train/labels/359_png.rf.58649077bd292caf7ff724c9f6725815.txt,67,a0f835742ce35d3a19608ec1561e84fd4909e5a748bff47741013a34341327b2
after,train,labels,dataset_clean/train/labels/359_png.rf.67a7886270e3d8023e5871ef9f7aeb4b.txt,62,34494e6ff88bfca2a701c6a89b32aa9ca45f75f4e20d2c86925f18f59f317f4e
after,train,labels,dataset_clean/train/labels/360_png.rf.1f001ba2cefa9f7cf83cf11b3470e686.txt,65,0c889e7f5e9dec252e5749956d8064369366a52a1eddda22201517b448226ac1
after,train,labels,dataset_clean/train/labels/360_png.rf.8128f46a285752f8e1a366297b38e988.txt,65,0c889e7f5e9dec252e5749956d8064369366a52a1eddda22201517b448226ac1
after,train,labels,dataset_clean/train/labels/360_png.rf.d26ac72f33f62daa6a47c4796213ecd7.txt,65,0c889e7f5e9dec252e5749956d8064369366a52a1eddda22201517b448226ac1
after,train,labels,dataset_clean/train/labels/361_png.rf.30ea50301d67c079ea13559775edc4d6.txt,59,1386a9bf01c51443125e8c12414dada1c6da055e622606368daf6fc85da526b4
after,train,labels,dataset_clean/train/labels/361_png.rf.92ccc9d081a8da43cbea6de26c942b72.txt,58,68425e185fa11b675756234a42a4332c11186616579e4f19c19116dffff8aae9
after,train,labels,dataset_clean/train/labels/361_png.rf.db50214808a7f3169b8c2d8159e9f3ac.txt,59,1386a9bf01c51443125e8c12414dada1c6da055e622606368daf6fc85da526b4
after,train,labels,dataset_clean/train/labels/362_png.rf.86d1b0ac58208902092f93dec765f7e6.txt,69,7c5ba23fb3a4e2e6509fbde1532287686cc23840d446a47a06e749d8301944ef
after,train,labels,dataset_clean/train/labels/362_png.rf.874793a885005668fddf1cfc7ee4f416.txt,60,1cca3830d7e1c6d1e26e9025d1912f66eae047d9a451ba5fe0e014c06fe5d054
after,train,labels,dataset_clean/train/labels/362_png.rf.9a465ebce6661f8ad7887454cc8b3c38.txt,69,7c5ba23fb3a4e2e6509fbde1532287686cc23840d446a47a06e749d8301944ef
after,train,labels,dataset_clean/train/labels/363_png.rf.4453eba2b286b594c7fc0a353f5cf4f3.txt,49,68f24fa7fc2e2b3ca2e7e7e12fd5c8f114784ffef57fa07d47e66c286aeff286
after,train,labels,dataset_clean/train/labels/363_png.rf.5720feb8fc524ce54554f4217d7560b3.txt,49,68f24fa7fc2e2b3ca2e7e7e12fd5c8f114784ffef57fa07d47e66c286aeff286
after,train,labels,dataset_clean/train/labels/363_png.rf.94ec6ca7f9d067f6ee3f46d76617ecf2.txt,56,663c9ccf72f01e74641040c7a93a39b08614601777bb8c3de6c66e7cc360f76d
after,train,labels,dataset_clean/train/labels/364_png.rf.68b48e48cbb4b4d55b0bf013a449460b.txt,68,03f458646223a2b49d4603244e4727dfeed7fdcb7ba198f6f07f07d6e0b1f7ba
after,train,labels,dataset_clean/train/labels/364_png.rf.a918722e4886c4a2884e2f358644eeed.txt,68,03f458646223a2b49d4603244e4727dfeed7fdcb7ba198f6f07f07d6e0b1f7ba
after,train,labels,dataset_clean/train/labels/364_png.rf.ebe981e21ce175d9851543a244046255.txt,59,ba6764594ad6b446db294dff8c1189b46fb5401b4bec2a9d099bba9ce39b97c1
after,train,labels,dataset_clean/train/labels/365_png.rf.1312f6451f682fca1be6df4541d98feb.txt,64,0d18617f2e1e1d439ea386447efd97275acdbad0fe715bb08878ee3a66337c43
after,train,labels,dataset_clean/train/labels/365_png.rf.3d518c224e4b05f45bf5e5019bfea4d6.txt,64,0d18617f2e1e1d439ea386447efd97275acdbad0fe715bb08878ee3a66337c43
after,train,labels,dataset_clean/train/labels/365_png.rf.5e298227beef7bc7e05f9b33e3d88104.txt,64,0d18617f2e1e1d439ea386447efd97275acdbad0fe715bb08878ee3a66337c43
after,train,labels,dataset_clean/train/labels/366_png.rf.0e2f0b11e0179adaa228de51fb6fd6a7.txt,59,afa1f840cf5b3be3e48c7b41daa67bcb56d77a91461f6f83420c5030266de784
after,train,labels,dataset_clean/train/labels/366_png.rf.93103b55a88659cfc4538fdcd110e358.txt,51,ff49e5876aadfd6a3615654926d8c3fc99af1574e0f85367e830d7f575a4ebe8
after,train,labels,dataset_clean/train/labels/366_png.rf.dbf6fb7e42ecb182f75a088500719bf9.txt,59,afa1f840cf5b3be3e48c7b41daa67bcb56d77a91461f6f83420c5030266de784
after,train,labels,dataset_clean/train/labels/368_png.rf.55120458ba53774d8dcac6c4540beeee.txt,58,27aff0af54366ecc9acd8b2627a906a8e73f4ba93cf0e9de00d6ab817922d4bc
after,train,labels,dataset_clean/train/labels/368_png.rf.6983a66b2c12687fc43c0904228d5e95.txt,58,27aff0af54366ecc9acd8b2627a906a8e73f4ba93cf0e9de00d6ab817922d4bc
after,train,labels,dataset_clean/train/labels/368_png.rf.b852e0f2e57665ab7f7e17cc47956a10.txt,65,32ea54a0e32aa2c93efe8f744fab7453287c25c10f2d524d9fc88a48e91af7f7
after,train,labels,dataset_clean/train/labels/369_png.rf.81e0028146b427b454c1520dd6c1556d.txt,56,5e18bfb5c280bb10792898c0ed2310741341e5a951156f90fe34e201b16651e8
after,train,labels,dataset_clean/train/labels/369_png.rf.a251dd780012467256e869958cb52eaa.txt,55,d3a9225fbc365ebe9c59e9bb98c4bd4421e5f9d17050e605c5a38228bf52749b
after,train,labels,dataset_clean/train/labels/369_png.rf.d59d3bd05d18c312152bde16c225aa4b.txt,56,5e18bfb5c280bb10792898c0ed2310741341e5a951156f90fe34e201b16651e8
after,train,labels,dataset_clean/train/labels/36_png.rf.080c46bbd17f187684ced92351de5c46.txt,67,48c564a8ef356790996eaf85eddcbd849e0efd14c704ba5f358a3c014459bf7b
after,train,labels,dataset_clean/train/labels/36_png.rf.5ffaf360f6b32ccc50268ea3805c6512.txt,68,94170a5b1a475de0a0ec54d78664cdb152dad97d9ba6804fbee2ebba36c258dc
after,train,labels,dataset_clean/train/labels/36_png.rf.ab4122d6ae7d1b23b3d2d784b3c08c52.txt,68,94170a5b1a475de0a0ec54d78664cdb152dad97d9ba6804fbee2ebba36c258dc
after,train,labels,dataset_clean/train/labels/370_png.rf.1d96b29e352460e92f6a5c049bd93a07.txt,58,b845c01e1f411ced01b8f31952b74c268e24127f83aed0444ea00aa3265d7492
after,train,labels,dataset_clean/train/labels/370_png.rf.744bbdef051aa059d78838e2bdf08034.txt,58,b845c01e1f411ced01b8f31952b74c268e24127f83aed0444ea00aa3265d7492
after,train,labels,dataset_clean/train/labels/370_png.rf.aa085600f3d11f201ce5970fec4d8e7a.txt,57,49c149b53c520e38089eb1a9a86d47148fbdc1a63c70dfc1256fc3aca9062aa5
after,train,labels,dataset_clean/train/labels/371_png.rf.3f35abfcfd6b95d39c71d96fff3418ec.txt,58,92b6426df3e9749eb630e6acb70e7f4daaedd38fb09c0cd624cd21554ee5f1b5
after,train,labels,dataset_clean/train/labels/371_png.rf.6157e23ae3563fadc40432539f66871e.txt,57,4a73605b90ea7bc915edc87f727b5be0ffc802ef2cc05c0b8c83ed319b7d4f03
after,train,labels,dataset_clean/train/labels/371_png.rf.ab1aa0eb3620948bded5f1d7fe0b41a7.txt,58,92b6426df3e9749eb630e6acb70e7f4daaedd38fb09c0cd624cd21554ee5f1b5
after,train,labels,dataset_clean/train/labels/372_png.rf.35665709a689f70a39953968bfb32cdc.txt,50,2e95ef1297859dfaff518f3963faad870c098973b4be37d06ccb818d77ecba29
after,train,labels,dataset_clean/train/labels/372_png.rf.c13e2db7c1eeb4684a9a5792896d2f65.txt,50,2e95ef1297859dfaff518f3963faad870c098973b4be37d06ccb818d77ecba29
after,train,labels,dataset_clean/train/labels/372_png.rf.feb38b78f10a59b6eb50c32417c32b03.txt,50,2e95ef1297859dfaff518f3963faad870c098973b4be37d06ccb818d77ecba29
after,train,labels,dataset_clean/train/labels/373_png.rf.441de2b4dd8e637b75c2ca0ed6dd1a39.txt,54,f08bb4f068894eaf5b47c9f94b98f17581f1b81a6cc95339015977ab9c439a32
after,train,labels,dataset_clean/train/labels/373_png.rf.b4aa49bd5e25ff27498b94bba1ff7367.txt,54,f08bb4f068894eaf5b47c9f94b98f17581f1b81a6cc95339015977ab9c439a32
after,train,labels,dataset_clean/train/labels/373_png.rf.ed7228a752541eadec0b953334d59aba.txt,54,f08bb4f068894eaf5b47c9f94b98f17581f1b81a6cc95339015977ab9c439a32
after,train,labels,dataset_clean/train/labels/374_png.rf.44b58a68f64a482a1240e030f3b0beaa.txt,60,57dcc3764c9dd39541eb57a4bbce1e2c9570e73fb9d35c543370663dee6f98db
after,train,labels,dataset_clean/train/labels/374_png.rf.91dc92b1c7c142a6dd5fd370a13013e6.txt,61,3ea387efddf047f419a0ab0325f897b3656cfa3f414eb4ecbc4bfa7db7582137
after,train,labels,dataset_clean/train/labels/374_png.rf.ed42d31a149fbb37d68726f63aee601e.txt,61,3ea387efddf047f419a0ab0325f897b3656cfa3f414eb4ecbc4bfa7db7582137
after,train,labels,dataset_clean/train/labels/375_png.rf.38729a033abf694879a9a1e46bdcd9c7.txt,61,a2e308e6a92fbe998a64d9233695e8d7c6cccadcbf25f07012272e0cf6a929e1
after,train,labels,dataset_clean/train/labels/375_png.rf.a899b07b68174eb2f780bfb52b8a5117.txt,62,0ab8d67387d33517fc5a45ab9bca26f400eebd93a7a3bb645b781f3aa0f3f223
after,train,labels,dataset_clean/train/labels/375_png.rf.c88990640639cd433bcc1ac37b8f55d2.txt,62,0ab8d67387d33517fc5a45ab9bca26f400eebd93a7a3bb645b781f3aa0f3f223
after,train,labels,dataset_clean/train/labels/376_png.rf.1fb22d58e2da969102b6e45c97e0ee1b.txt,57,86674146dc9d241374e83b18dc52fd7ca9a48425bcb695bdc762c7f9090c6fa9
after,train,labels,dataset_clean/train/labels/376_png.rf.45c6b2e6789fed3ccc9c708d90274acc.txt,63,1db88a4ceda8bd686a8a43529cf2a31be3a639103355854febccde0e692cff64
after,train,labels,dataset_clean/train/labels/376_png.rf.9dc8a67d1e2cbf1a320df53a3a438f7a.txt,57,86674146dc9d241374e83b18dc52fd7ca9a48425bcb695bdc762c7f9090c6fa9
after,train,labels,dataset_clean/train/labels/377_png.rf.06b08bf33516b0f3145610b01e33343b.txt,67,478a4f32749c8ee9e4d577f8db9cab57772e2a58c2f696f178bd8ebc0f845796
after,train,labels,dataset_clean/train/labels/377_png.rf.287c1dbb767d9c82127f7f7427378578.txt,68,4765c9048fe567d93df09fbe1e447f451a66aef63602a27492bd604f265bc54e
after,train,labels,dataset_clean/train/labels/377_png.rf.44ed87d56d63347b1a83a8e6507e4df3.txt,68,4765c9048fe567d93df09fbe1e447f451a66aef63602a27492bd604f265bc54e
after,train,labels,dataset_clean/train/labels/378_png.rf.5dbfce9748ff5964de1d1f718fd65955.txt,64,4e724fb9119c9b696d7c1a023b0b9fad0e60a8a768d0f90987c868578da9fc1e
after,train,labels,dataset_clean/train/labels/378_png.rf.7b7e6b3cb44e14325fb1f516b6257524.txt,64,4e724fb9119c9b696d7c1a023b0b9fad0e60a8a768d0f90987c868578da9fc1e
after,train,labels,dataset_clean/train/labels/378_png.rf.8dae02edceecfa8d1a486062548432db.txt,64,4e724fb9119c9b696d7c1a023b0b9fad0e60a8a768d0f90987c868578da9fc1e
after,train,labels,dataset_clean/train/labels/380_png.rf.2176f18375d7cc29fe1aa40dc544453a.txt,59,a7d0a0a20c0a6fddd4b20ce89031701de3084280568f0f06dd3ddaff630da7ab
after,train,labels,dataset_clean/train/labels/380_png.rf.48a2a81a78f9171d75a11d216ab7a5dd.txt,60,d1a32850189e53eef928605d55c4ce0f8381b12c31c38cd9e62b50f6619355d1
after,train,labels,dataset_clean/train/labels/380_png.rf.cd671a81e1caf3a32869a38d251934cf.txt,60,d1a32850189e53eef928605d55c4ce0f8381b12c31c38cd9e62b50f6619355d1
after,train,labels,dataset_clean/train/labels/382_png.rf.59f8ba998e572f04da8d5ba85176b277.txt,66,8a6e35588f7973d2cdc39b2d888b23a561ed6fad1b34b6a445d8a7f64ff9f192
after,train,labels,dataset_clean/train/labels/382_png.rf.a405e48c2703298a9bfe319a5bb1e2ea.txt,66,8a6e35588f7973d2cdc39b2d888b23a561ed6fad1b34b6a445d8a7f64ff9f192
after,train,labels,dataset_clean/train/labels/382_png.rf.b82deef5663fc33e5565e3a69a1dd4e1.txt,58,33305d0ab08473ced59e3ce51def766f1fa311562fb7d2c9e2a89657b2f8397b
after,train,labels,dataset_clean/train/labels/383_png.rf.1e8faf4e3c5ff013950017bc093822be.txt,69,21683d9a0e888ea8dceb52f597ffa483acdd77e8d1b82cd24af0425e2cac63fa
after,train,labels,dataset_clean/train/labels/383_png.rf.5761423536b8c216701852d3e4915bc4.txt,68,8de990f622ec94bcad4fcab91f1ca03cdafd8e80c57deae4b40a587bf4f3f1cb
after,train,labels,dataset_clean/train/labels/383_png.rf.df3e56069589999d205c534bbbcd388f.txt,69,21683d9a0e888ea8dceb52f597ffa483acdd77e8d1b82cd24af0425e2cac63fa
after,train,labels,dataset_clean/train/labels/385_png.rf.6c90333cef3a96b7edbf38105f2fa969.txt,63,d88ebee15f831a0171231a06d78dced8d1095c2135e0e02331fb41454d20698a
after,train,labels,dataset_clean/train/labels/385_png.rf.caa7a21861e0478fe7f7bd8a2256e18b.txt,63,a576c92475b58f04dad9a7deacf66b12cfa654c2a12f2101bb25d57ec2dc084a
after,train,labels,dataset_clean/train/labels/385_png.rf.ccc6f8b5ddd18b34c4877949b98c9f43.txt,63,d88ebee15f831a0171231a06d78dced8d1095c2135e0e02331fb41454d20698a
after,train,labels,dataset_clean/train/labels/386_png.rf.5c0a6bed9a724d8fe993722dec574152.txt,48,f180f689e6b24a51809d8efc0980737d07a197ba478df5046e647b450f539879
after,train,labels,dataset_clean/train/labels/386_png.rf.8a75a08ecde316eddfbba0e2ae8b7d99.txt,48,f180f689e6b24a51809d8efc0980737d07a197ba478df5046e647b450f539879
after,train,labels,dataset_clean/train/labels/386_png.rf.ba1bf8d574372a0891f60f0e65903317.txt,47,371732782d0552f8ac34ebd357783fdd25151f9722ec4b94f17a1809ad35509f
after,train,labels,dataset_clean/train/labels/387_png.rf.7254dfb31aad41d769f3d80468d04003.txt,61,0e2b9c36847b00e913c2c88c2d8a9f7b2a3dcdfbd9c61eb93514b10476202905
after,train,labels,dataset_clean/train/labels/387_png.rf.94cac10e954ffc322ceb03ee58f39a77.txt,67,1ecd7c568a3d40e38561e109fe697192040bcb64c572308e2dcedbba973edce7
after,train,labels,dataset_clean/train/labels/387_png.rf.b8017cc1f5adefd56142d85132d7e008.txt,61,0e2b9c36847b00e913c2c88c2d8a9f7b2a3dcdfbd9c61eb93514b10476202905
after,train,labels,dataset_clean/train/labels/388_png.rf.0f6d58f65efe2fbd1da628d1e5813b8f.txt,54,f02989ea6b8f4ad0939a9777d1c6e0fe7813ad5e7bd9bda84668d23304d26e18
after,train,labels,dataset_clean/train/labels/388_png.rf.46f3135aad6bca93bd778bb00cafcab4.txt,54,f02989ea6b8f4ad0939a9777d1c6e0fe7813ad5e7bd9bda84668d23304d26e18
after,train,labels,dataset_clean/train/labels/388_png.rf.81deccdac85436aacc86ead35c7c7a52.txt,54,a9acf03c7d5f70c14606ea5b1adb87667814e01f0924f54e0ee1c5f755b97416
after,train,labels,dataset_clean/train/labels/389_png.rf.12b5509fb6200560417efb34a6266618.txt,52,7a2227e0676edbc21af1a46be8eadb4866e9f1949c88a853836229a30aa61300
after,train,labels,dataset_clean/train/labels/389_png.rf.d371e393dc01217b7e66c0af413e9f18.txt,52,7a2227e0676edbc21af1a46be8eadb4866e9f1949c88a853836229a30aa61300
after,train,labels,dataset_clean/train/labels/389_png.rf.e658e51987ff3dd90448ce314d578288.txt,52,7a2227e0676edbc21af1a46be8eadb4866e9f1949c88a853836229a30aa61300
after,train,labels,dataset_clean/train/labels/38_png.rf.0c3dc5f0e9adbc53998c98e6bea19ef3.txt,56,09919ad792db716831652815e10ceb5f559e15a0ce9105095b5c6fbd1092d0ec
after,train,labels,dataset_clean/train/labels/38_png.rf.770d8483997c0401b1bd4355cf20d532.txt,56,09919ad792db716831652815e10ceb5f559e15a0ce9105095b5c6fbd1092d0ec
after,train,labels,dataset_clean/train/labels/38_png.rf.c2b625e9d877b19e33909302e6810637.txt,56,09919ad792db716831652815e10ceb5f559e15a0ce9105095b5c6fbd1092d0ec
after,train,labels,dataset_clean/train/labels/391_png.rf.8ef4927129dea80f0e0f16651d26e364.txt,59,67abfa8124763ce71ba18631d0fe99350a5e38edb94ba3e5bae9f14888fc40cb
after,train,labels,dataset_clean/train/labels/391_png.rf.9869e16591720322dc7b4d80b8b7a4f1.txt,50,10ac9aaf4212248ae80224cada521e418fefd9ad95efcd065db40f6febfe2d83
after,train,labels,dataset_clean/train/labels/391_png.rf.bae911cb1ff3afaac2fa0a2f337ba0d6.txt,59,67abfa8124763ce71ba18631d0fe99350a5e38edb94ba3e5bae9f14888fc40cb
after,train,labels,dataset_clean/train/labels/393_png.rf.76ce98720ff9d2d4da0f610eefa63ad3.txt,58,c9a0d534e62d03497ff65b61dad2dbf050854fba7f6388c8cf2c19b7098e8005
after,train,labels,dataset_clean/train/labels/393_png.rf.e296fbc972a551a997ace2e7d473ef3b.txt,57,a1714512ae00fd321f6048d74fe43b4f0261d8ca1fb52b7c667cad62a80f5f03
after,train,labels,dataset_clean/train/labels/393_png.rf.faad46423dfe13ad201aa1ad9974a2cb.txt,58,c9a0d534e62d03497ff65b61dad2dbf050854fba7f6388c8cf2c19b7098e8005
after,train,labels,dataset_clean/train/labels/394_png.rf.7735b7ca03c2806bcdbe9951b083616f.txt,58,a5cccbedfeb1974704d8bf32ca22e42fe3545d8831d8aa279cd8e5a7d91eb82c
after,train,labels,dataset_clean/train/labels/394_png.rf.f2c7125b2d8ceabb6f3e4f7db3d2814a.txt,58,01cb5a344df2fbf16ec8f38b7412ff888f46c477a6c4d9cacfae5c20354eed2b
after,train,labels,dataset_clean/train/labels/394_png.rf.f9111b063c1750bc6f33b2e7603b8152.txt,58,a5cccbedfeb1974704d8bf32ca22e42fe3545d8831d8aa279cd8e5a7d91eb82c
after,train,labels,dataset_clean/train/labels/395_png.rf.1ecdcb49c3980dccf053673694914b0a.txt,58,d2f61a53c26395d62dbc881393b9a7cf6054cfb11841d67849d521acd864b87e
after,train,labels,dataset_clean/train/labels/395_png.rf.39571dcb8010824e5260638942db3639.txt,58,d2f61a53c26395d62dbc881393b9a7cf6054cfb11841d67849d521acd864b87e
after,train,labels,dataset_clean/train/labels/395_png.rf.3acfcf7f8fd21cdd158e00f836d1eccf.txt,58,d2f61a53c26395d62dbc881393b9a7cf6054cfb11841d67849d521acd864b87e
after,train,labels,dataset_clean/train/labels/396_png.rf.0c3059afe248b084bcef2b935e4544ea.txt,58,f4ddc4e4f8b48fb8e0d3f1638a2c873e96a01ea047a7a7ccaf5a7fafb6f788e3
after,train,labels,dataset_clean/train/labels/396_png.rf.1d533464fd365b2296689a04f262ecb4.txt,58,5b7f137f0e6faeb8c4af4f43add64427944e9dad1680c478c4fb63792b08981d
after,train,labels,dataset_clean/train/labels/396_png.rf.560bc1ed61fd32c8b8bb538012b67900.txt,58,f4ddc4e4f8b48fb8e0d3f1638a2c873e96a01ea047a7a7ccaf5a7fafb6f788e3
after,train,labels,dataset_clean/train/labels/397_png.rf.601c5b0e68ae457cd01aa7f9cf685495.txt,68,c0522f22a2d1fa48ead9f226afe454e0f67ee3a96424c94c0ef1d8a87162d344
after,train,labels,dataset_clean/train/labels/397_png.rf.7ea9a8d10ad8540ce21939b9fd763176.txt,67,507afd067960e63dc73289075c1bd744f197dcfe15e8bf0e9de90dc20762a453
after,train,labels,dataset_clean/train/labels/397_png.rf.810166396700cf35c40387008347cc64.txt,68,c0522f22a2d1fa48ead9f226afe454e0f67ee3a96424c94c0ef1d8a87162d344
after,train,labels,dataset_clean/train/labels/399_png.rf.541222db12ccbc7b6c7e5339b72037be.txt,68,bb0e260e4fe0ca5b092000f0486ddd56ff742cf822c0f13b42ccb0d42cdebcd7
after,train,labels,dataset_clean/train/labels/399_png.rf.5d9603db6cdc750d2132caddd8473605.txt,69,77f56b53f21fd1a3d25d9a931c1b7cf9ec550958800f28469f6f6dc01b40508e
after,train,labels,dataset_clean/train/labels/399_png.rf.d8693ea925fcdd3067cea3ef095ef69c.txt,69,77f56b53f21fd1a3d25d9a931c1b7cf9ec550958800f28469f6f6dc01b40508e
after,train,labels,dataset_clean/train/labels/39_png.rf.695a258566b3010f7e409576d158f065.txt,59,8a18a6f7307f625fcebf9ee60a528f181f1228e902a4c22b2d266f22f72799bc
after,train,labels,dataset_clean/train/labels/39_png.rf.854acdefd9cd45e974782168e4ddf7ba.txt,59,8a18a6f7307f625fcebf9ee60a528f181f1228e902a4c22b2d266f22f72799bc
after,train,labels,dataset_clean/train/labels/39_png.rf.f668c7dbad693855f9f2969fd9d0ec5d.txt,65,ffea82c405f0427464af51d98d32da8c0930bb91d8ecb0103b843ba54a10aa30
after,train,labels,dataset_clean/train/labels/3_png.rf.3b1ba9f0a428325e78923fe8197ca79b.txt,63,36377bf0f840e5b59d5ce37f2a31b72c2a773f153392c1e3a0c390b295c6d8b6
after,train,labels,dataset_clean/train/labels/3_png.rf.707d599b1646eff8749c2cb1293e4c63.txt,63,36377bf0f840e5b59d5ce37f2a31b72c2a773f153392c1e3a0c390b295c6d8b6
after,train,labels,dataset_clean/train/labels/3_png.rf.8d8c09d0b2696c3508ba55f7c65f92b1.txt,63,36377bf0f840e5b59d5ce37f2a31b72c2a773f153392c1e3a0c390b295c6d8b6
after,train,labels,dataset_clean/train/labels/400_png.rf.43796a122347b25f09a8e30c190240a2.txt,66,63dc6e49be9c5c046df6fc12c46e07eeb22c00f70c0d7c31803a2e68c0ee2412
after,train,labels,dataset_clean/train/labels/400_png.rf.712cf4869c8ffa8861349cbb58a5f1d1.txt,66,7d25759d551fb10727cf9df6a9f95e6cebc0c1c732e1a951fe61ce9b29df7585
after,train,labels,dataset_clean/train/labels/400_png.rf.abe313a2a48da886073d3a8f8de5b0e9.txt,66,7d25759d551fb10727cf9df6a9f95e6cebc0c1c732e1a951fe61ce9b29df7585
after,train,labels,dataset_clean/train/labels/403_png.rf.0d200bba2c902db0d8d7a4714b5b1f91.txt,65,9e588b75496fb91ed81fcc0945c60148288b97478a113e52ce672cd1f38808e3
after,train,labels,dataset_clean/train/labels/403_png.rf.380b2a465550ae83e51c04089babba3d.txt,59,d6d8f593be2b81fee56160624965710fe0c6f84fb4743bd39ddea4cca4939c91
after,train,labels,dataset_clean/train/labels/403_png.rf.d18c31f25b6aee0a8be9aaa0b2444433.txt,59,d6d8f593be2b81fee56160624965710fe0c6f84fb4743bd39ddea4cca4939c91
after,train,labels,dataset_clean/train/labels/404_png.rf.71f4afa28efc0512ba51bcf0bc567882.txt,57,2454ffcf75633543539b012a7f1576f0b29cc5c9092260c9958267b204545a60
after,train,labels,dataset_clean/train/labels/404_png.rf.97eeb819fb83f87c746ca5a195024a84.txt,57,2454ffcf75633543539b012a7f1576f0b29cc5c9092260c9958267b204545a60
after,train,labels,dataset_clean/train/labels/404_png.rf.e41ea87561888b280555c01b1503d391.txt,64,b87435b96f8fc74d50d4ee2d1d9f71e9ce06a70736aee936ba79455145369dc3
after,train,labels,dataset_clean/train/labels/405_png.rf.1e3cd36400eaa920cf16a97a46bdc0f7.txt,67,aa6d07b3c8a021d1fe180b3427b768c4b21a759803bef11839a34afac3e02130
after,train,labels,dataset_clean/train/labels/405_png.rf.99915a12cc2a6c0209d0fc8754efe1aa.txt,67,22deaa9424f38560c21731d727345c6a449a820b597b5df092508705b5980e9f
after,train,labels,dataset_clean/train/labels/405_png.rf.e587253edcf3d7d6d12328c013edf750.txt,67,22deaa9424f38560c21731d727345c6a449a820b597b5df092508705b5980e9f
after,train,labels,dataset_clean/train/labels/406_png.rf.04b2578dad4121046ab1038ddd0e778b.txt,52,3ca3d722445a717933702ae2837c666927fd7cce6e6aef70aae663124dd91c50
after,train,labels,dataset_clean/train/labels/406_png.rf.44081e100d7fe8acc6f1b7bee9825565.txt,52,3ca3d722445a717933702ae2837c666927fd7cce6e6aef70aae663124dd91c50
after,train,labels,dataset_clean/train/labels/406_png.rf.db1ed4c9b5a6be2eed79f0e07a1a080b.txt,45,03667aff1f2a086bd0c702883df360a7fbf4cdc142f2682b3724a7d0e4c503e1
after,train,labels,dataset_clean/train/labels/408_png.rf.467f92f981c65d6b8f20e328f9e491c6.txt,69,5a9fece4405989291ec9a420715aa339f08f6c5c8f35f856bc5fa6af77e9ba79
after,train,labels,dataset_clean/train/labels/408_png.rf.8641776d6c6c84a248b04b08ea410e00.txt,69,5a9fece4405989291ec9a420715aa339f08f6c5c8f35f856bc5fa6af77e9ba79
after,train,labels,dataset_clean/train/labels/408_png.rf.917bfa5883839054a3c17e88a566da67.txt,68,7f7914d9896d7dbd79c5d0d7d6db1f5947ae15d8c7a72ac5be0a89ed6ae6a03e
after,train,labels,dataset_clean/train/labels/409_png.rf.6ee5fb3065a1498f8c989e2d536c9d38.txt,60,f9510757243467ae19f292fbe9df60d6accad8c4b226b6bd3bdb030fbf349bdc
after,train,labels,dataset_clean/train/labels/409_png.rf.d42ae2a0f1ab7243b410637b189269cf.txt,60,f9510757243467ae19f292fbe9df60d6accad8c4b226b6bd3bdb030fbf349bdc
after,train,labels,dataset_clean/train/labels/409_png.rf.dc96dfd4016de2c6ff61cd9305e13a84.txt,60,f9510757243467ae19f292fbe9df60d6accad8c4b226b6bd3bdb030fbf349bdc
after,train,labels,dataset_clean/train/labels/40_png.rf.10e7cd9468e7c585cc074d2a86e37946.txt,54,c8dba56d2825998936d3e543def0bc4a659fb88d9019e206452bed6d5fb548e7
after,train,labels,dataset_clean/train/labels/40_png.rf.d153dd635b30d96c27b9874bfc8de5ed.txt,54,c8dba56d2825998936d3e543def0bc4a659fb88d9019e206452bed6d5fb548e7
after,train,labels,dataset_clean/train/labels/40_png.rf.eb803b0f8f4470e489f0b62ee31e18a9.txt,54,c8dba56d2825998936d3e543def0bc4a659fb88d9019e206452bed6d5fb548e7
after,train,labels,dataset_clean/train/labels/410_png.rf.c44f7e521804a5f726762c76e6765bd4.txt,59,3411e517693384bd68852bc5905d6caf5cbfe6a9b4bc85359a90497824a623de
after,train,labels,dataset_clean/train/labels/410_png.rf.e75c864413ed8f72732a4203560caeea.txt,59,3411e517693384bd68852bc5905d6caf5cbfe6a9b4bc85359a90497824a623de
after,train,labels,dataset_clean/train/labels/410_png.rf.ff0c271d99fd20c11589c4e32b6ae699.txt,58,3583a9072e95d99ac405d3432d7108e2621bb9c2a9c8409f7499537330d9a5e4
after,train,labels,dataset_clean/train/labels/411_png.rf.7aa4b2e49a6d2e11922a65314ab10ab8.txt,67,f1e936800164acce36f4aef1fa41c5d33e7aa0bfbe5185211886895d8628e107
after,train,labels,dataset_clean/train/labels/411_png.rf.b3d64c8c9960c6e76b38da7ed053dbe1.txt,58,8315372e7d37da6f0120b6ad3391c1f341f3d5af4e5f97f62173ad6890c85eb3
after,train,labels,dataset_clean/train/labels/411_png.rf.c8c3342033e8344a2712e55e6fa029c6.txt,67,f1e936800164acce36f4aef1fa41c5d33e7aa0bfbe5185211886895d8628e107
after,train,labels,dataset_clean/train/labels/412_png.rf.15e77de29bfbb533d2601d9ec21f76d0.txt,69,522fa038750ae2811b945c427a44023902865e5309c7e141ce8058025748c78f
after,train,labels,dataset_clean/train/labels/412_png.rf.7938259b5eb1a459b28e3ebd8ada8ee8.txt,68,c2d44f2907e458eb31a2f6206b3870858dbab8944264bf876cbd2f71176111b8
after,train,labels,dataset_clean/train/labels/412_png.rf.8410e6db793d16803f07b38b29ffa538.txt,69,522fa038750ae2811b945c427a44023902865e5309c7e141ce8058025748c78f
after,train,labels,dataset_clean/train/labels/413_png.rf.4e4ce09bc5472e71532cc640ca2c5502.txt,59,606c9c8e79db8535696cbcb1630b837fdef3a48c46d7d62e343bbc9df7a5c76f
after,train,labels,dataset_clean/train/labels/413_png.rf.b292dca4d6dc5d57ba0783f2a995827c.txt,58,308a1ec6317415ddce69e8098f6d06ff63718bd6b0dd54fc78fdaf880d81339c
after,train,labels,dataset_clean/train/labels/413_png.rf.ca9d7445677e8bff68b5e3d6324fb194.txt,59,606c9c8e79db8535696cbcb1630b837fdef3a48c46d7d62e343bbc9df7a5c76f
after,train,labels,dataset_clean/train/labels/414_png.rf.69b05b4b27c43712ca7a5326a6dd489d.txt,67,59eefd2b79d9df1b807c00f41d610b28fa9f65a447247b01892a66a383fc1006
after,train,labels,dataset_clean/train/labels/414_png.rf.844f879c84aacb186a702add66295da6.txt,62,bf5dcb36acb7da265cda540b4a7407867ea2ce04980c6afad86dde8735482de4
after,train,labels,dataset_clean/train/labels/414_png.rf.fa9a369d624c387d82a37de8b4ff623c.txt,62,bf5dcb36acb7da265cda540b4a7407867ea2ce04980c6afad86dde8735482de4
after,train,labels,dataset_clean/train/labels/415_png.rf.9072390c1d09db3c749286e909f73a04.txt,66,500d242d7beb5176eccbbfcd66ee758316d1a6546f2505777fb1e965b2118794
after,train,labels,dataset_clean/train/labels/415_png.rf.cbd81290df36c024152febba3c42f118.txt,66,500d242d7beb5176eccbbfcd66ee758316d1a6546f2505777fb1e965b2118794
after,train,labels,dataset_clean/train/labels/415_png.rf.db5dd0a868b5235f6d9feecf2d1719a0.txt,65,13237ee6a1e798a69cb77dbe898801c925a3d16b5d824c871d90b34400af17d8
after,train,labels,dataset_clean/train/labels/416_png.rf.172bb43a7056e0ab6cfa4404b5757704.txt,60,a1fcc905fc0fd5945f678d601c0af620b0ba13349bb668d725f40d4a9a424eb0
after,train,labels,dataset_clean/train/labels/416_png.rf.9dac635e79aa0c0b397fe939b79f3239.txt,69,9210c04560ea87e58300a47c961d57584c4479eb69e12ee4a16df2694c7a8f24
after,train,labels,dataset_clean/train/labels/416_png.rf.b413c689e7bb04bd70149addf2a76f2d.txt,69,9210c04560ea87e58300a47c961d57584c4479eb69e12ee4a16df2694c7a8f24
after,train,labels,dataset_clean/train/labels/417_png.rf.18a3dbc0f77ac90590b8822bfdf0b9d2.txt,67,d753ec90f4b9182dc1d59de6eb4bc0985ccfea07d687f942ddaa7387915c62db
after,train,labels,dataset_clean/train/labels/417_png.rf.a17ed435b639790b950f3f702cea50f4.txt,59,c47b536214f2947d7cf94cc4269bbc9ddc5a626bf1be6904df7a01ae5ae03fcf
after,train,labels,dataset_clean/train/labels/417_png.rf.fd37fa5f6306e07eb84e966d50faec99.txt,67,d753ec90f4b9182dc1d59de6eb4bc0985ccfea07d687f942ddaa7387915c62db
after,train,labels,dataset_clean/train/labels/418_png.rf.1fb746c5fc2bee522fc1c399be6f0dd0.txt,66,d328866266e1449852296e6b50703ac82b9613ee3ce7f1f5cf05d97385e8fe0b
after,train,labels,dataset_clean/train/labels/418_png.rf.a0770a0b5f1147dcbf6053fbdca97a70.txt,66,d328866266e1449852296e6b50703ac82b9613ee3ce7f1f5cf05d97385e8fe0b
after,train,labels,dataset_clean/train/labels/418_png.rf.e09bfeaceafacff92f814c321dda9c77.txt,66,d328866266e1449852296e6b50703ac82b9613ee3ce7f1f5cf05d97385e8fe0b
after,train,labels,dataset_clean/train/labels/419_png.rf.1a732418ae59cd22068e502d74d301ef.txt,58,4b794a3cdd2cb6df89db422ceb5f6a435cb150092aa008ac6c99d4e676cc7375
after,train,labels,dataset_clean/train/labels/419_png.rf.4041331ea61ca1af9664b3588a2d1a18.txt,52,9ca9943bb9a377084c8f43017c7c4a9f6c3dd5dbc6c41612eae0c540b01f3a65
after,train,labels,dataset_clean/train/labels/419_png.rf.ea0dcb1cb68ce17e60217dee907b1852.txt,52,9ca9943bb9a377084c8f43017c7c4a9f6c3dd5dbc6c41612eae0c540b01f3a65
after,train,labels,dataset_clean/train/labels/41_png.rf.3bc3f52bf13a56a30d88a68b117e98d4.txt,56,c6fae50fe8b37edf4452c15dcf3af07c63a094321d4ab70a14d8b7b300220481
after,train,labels,dataset_clean/train/labels/41_png.rf.98ce4672cfd8e808fcf7682b8f35d752.txt,56,c6fae50fe8b37edf4452c15dcf3af07c63a094321d4ab70a14d8b7b300220481
after,train,labels,dataset_clean/train/labels/41_png.rf.fe8be5838f3fb09fb8348b0b983538a6.txt,56,c6fae50fe8b37edf4452c15dcf3af07c63a094321d4ab70a14d8b7b300220481
after,train,labels,dataset_clean/train/labels/420_png.rf.07581801b1e79ad895c76b4eb3884704.txt,68,3bdf10736a6bc4cd9a06c5468abce2601de6d826dae250dd30ac4e221863e65c
after,train,labels,dataset_clean/train/labels/420_png.rf.2269eff71d175137f5b458cccdb9f0a4.txt,69,b4f47a20a3bb98bcd07bf6291730cc6eb5605b461f462a1a5ccabbe4bf63906a
after,train,labels,dataset_clean/train/labels/420_png.rf.ecfd8de5a02c85f90693a136d80ceaf6.txt,69,b4f47a20a3bb98bcd07bf6291730cc6eb5605b461f462a1a5ccabbe4bf63906a
after,train,labels,dataset_clean/train/labels/421_png.rf.4495e5015b840212b4e76524ea1d5233.txt,65,55f472c2a1a40741434a0d95b889a51f60d6005c8af74d272ab0f5e8b6150c29
after,train,labels,dataset_clean/train/labels/421_png.rf.7a9eb1c9b9ee4c20ceae5e144b70580f.txt,58,7d9a9442efed43f891abcbb107f7ffcd24f60b595258df64014f3182cb05fcf5
after,train,labels,dataset_clean/train/labels/421_png.rf.7f3d01644c846e4635ac0649e03f66f7.txt,58,7d9a9442efed43f891abcbb107f7ffcd24f60b595258df64014f3182cb05fcf5
after,train,labels,dataset_clean/train/labels/422_png.rf.35e8d0131e1ae05fb515687c52ef8c35.txt,57,0526419363294a2132ddecaf7a22b0a25f8af3840b4afcc0ee2b8dce08389de9
after,train,labels,dataset_clean/train/labels/422_png.rf.8a6c18cc349bfbe82171bd5c771312fa.txt,57,0526419363294a2132ddecaf7a22b0a25f8af3840b4afcc0ee2b8dce08389de9
after,train,labels,dataset_clean/train/labels/422_png.rf.bb4a56aad1a290d117634a8da39f9782.txt,57,0526419363294a2132ddecaf7a22b0a25f8af3840b4afcc0ee2b8dce08389de9
after,train,labels,dataset_clean/train/labels/423_png.rf.1d6ff0cdbfb279a547b93525a9346ff8.txt,58,09e57f1cef2b8fb89e8c3003abdb01a33a2585aa50ffaefcff41e808ef993f06
after,train,labels,dataset_clean/train/labels/423_png.rf.5ceb57b4216200c89e5d7be8c1cc54a7.txt,59,36e61c1f0b1175036012c3bb3516b5e6bfcfa485625ac6720ae8ae40f05328e3
after,train,labels,dataset_clean/train/labels/423_png.rf.eb51c09eec7d89446b84e21ba4bc4b9e.txt,59,36e61c1f0b1175036012c3bb3516b5e6bfcfa485625ac6720ae8ae40f05328e3
after,train,labels,dataset_clean/train/labels/425_png.rf.0e70621965b2ca9a1c0fa8e7f53e7646.txt,67,2f3622d32da77f0b31023f78b4a9000b04f132da6205d8e0cf70af392785d184
after,train,labels,dataset_clean/train/labels/425_png.rf.4152aa6277b6321e69182ad7d32e22f0.txt,67,027f53f57f3585a9605ec37a4e19280fa8c387db5d9beb49dfe2effa59fe9d0c
after,train,labels,dataset_clean/train/labels/425_png.rf.a09c2d50735cf5f321cbccc9b0b7c2fc.txt,67,027f53f57f3585a9605ec37a4e19280fa8c387db5d9beb49dfe2effa59fe9d0c
after,train,labels,dataset_clean/train/labels/426_png.rf.10614146f9a184ffc46cce66314fb632.txt,59,57d31e22018e729db64d2e8aa31e61bdb81d89ecf16434308b91ca13a98743da
after,train,labels,dataset_clean/train/labels/426_png.rf.94fbd656aad001e14f01d6e386ac3d9b.txt,58,2f50fea3317890300cc4cff1cfbe9c7de9a272eb3fb4a0c3e1e56ac31ff0ce4d
after,train,labels,dataset_clean/train/labels/426_png.rf.e986507f15bfa989b15364414d217d04.txt,59,57d31e22018e729db64d2e8aa31e61bdb81d89ecf16434308b91ca13a98743da
after,train,labels,dataset_clean/train/labels/427_png.rf.077762c722a9d934b1223f3690060d7d.txt,50,e87c2c488a92d0d4a76a26b857a4d7552a3d879c8e515c0d03d7e22fa51728e5
after,train,labels,dataset_clean/train/labels/427_png.rf.59de7011dbcf60446dff6f268e89c8fe.txt,50,e87c2c488a92d0d4a76a26b857a4d7552a3d879c8e515c0d03d7e22fa51728e5
after,train,labels,dataset_clean/train/labels/427_png.rf.fe04e4439c9dcd10cb8a1408a4b1059e.txt,50,e87c2c488a92d0d4a76a26b857a4d7552a3d879c8e515c0d03d7e22fa51728e5
after,train,labels,dataset_clean/train/labels/428_png.rf.0188054618147e206e3535154ed92299.txt,65,792b75052c3001e9ba1a419ca5698dba414cd1e18215ecded7ab7234400b3d9a
after,train,labels,dataset_clean/train/labels/428_png.rf.1b1d7a97b93bf3b8871521468c0f80fb.txt,65,792b75052c3001e9ba1a419ca5698dba414cd1e18215ecded7ab7234400b3d9a
after,train,labels,dataset_clean/train/labels/428_png.rf.b1cfd79e6513fe7d3cc1a3d710d782e2.txt,65,792b75052c3001e9ba1a419ca5698dba414cd1e18215ecded7ab7234400b3d9a
after,train,labels,dataset_clean/train/labels/429_png.rf.739b057b62ce3cc48704c385a4c9c584.txt,56,48ec2ee86a4c0469e52fc83bee02b35a0e37f15b2adcd43c86f507a1b2255163
after,train,labels,dataset_clean/train/labels/429_png.rf.88dce15ee3c58addb331a3d4dd5f6972.txt,49,6a6c4f75b27f88da20be31dafbe732a000f88a2761b827c8268c95e0090c29b2
after,train,labels,dataset_clean/train/labels/429_png.rf.ed78140d46cc7643f7e6dc9be084a794.txt,49,6a6c4f75b27f88da20be31dafbe732a000f88a2761b827c8268c95e0090c29b2
after,train,labels,dataset_clean/train/labels/42_png.rf.225a59977bd26f06625de02b5042bf5b.txt,55,c3475cd7b5aa78dab69804a60492f53ff6428625e901cf07bc26af967a0f9a62
after,train,labels,dataset_clean/train/labels/42_png.rf.a1236e170d795cb8a6975f3a5f17783b.txt,55,c3475cd7b5aa78dab69804a60492f53ff6428625e901cf07bc26af967a0f9a62
after,train,labels,dataset_clean/train/labels/42_png.rf.ca0321b3c7b8e1e5929f3fcb20266630.txt,55,c3475cd7b5aa78dab69804a60492f53ff6428625e901cf07bc26af967a0f9a62
after,train,labels,dataset_clean/train/labels/430_png.rf.2d6100ec9339993ac2b2e79fe4ef9954.txt,68,0d205e0d07acd090eeb67b83a14bb3dbde2186eaf7e2aa03df002fdca419336b
after,train,labels,dataset_clean/train/labels/430_png.rf.4ea36124af466ef4dedd06437508d81b.txt,69,52557ae08e0a1b8749b10c741fb695a770f9392b07c1c17f21268ee766acd58a
after,train,labels,dataset_clean/train/labels/430_png.rf.8a8d8e7812925bc1bdfdda789831245f.txt,69,52557ae08e0a1b8749b10c741fb695a770f9392b07c1c17f21268ee766acd58a
after,train,labels,dataset_clean/train/labels/433_png.rf.57635031291ee93f018451a5beb2b959.txt,61,20cfed106a37d80732f852f21317ad4d9c8a2049e7631a88832d18d0688bd034
after,train,labels,dataset_clean/train/labels/433_png.rf.77f28742e3175c2b145f2ae2ec7c47d5.txt,61,20cfed106a37d80732f852f21317ad4d9c8a2049e7631a88832d18d0688bd034
after,train,labels,dataset_clean/train/labels/433_png.rf.a374895a6396385c49e3ca334c6275d4.txt,67,f8d74dfcc3721043582d155af19dedc1948caa5f7f68d56c597580cae0d948fd
after,train,labels,dataset_clean/train/labels/434_png.rf.1ef3b4571d36e9c035b355c48479da0e.txt,51,bc09ac137a22b9919513763b749f6a29ccc684490a1d5ce0b350b54e2e9059f6
after,train,labels,dataset_clean/train/labels/434_png.rf.2b18c728ac6e96f5ba9536ee25eefe55.txt,51,bc09ac137a22b9919513763b749f6a29ccc684490a1d5ce0b350b54e2e9059f6
after,train,labels,dataset_clean/train/labels/434_png.rf.73ec4d805ea86d560e67c38dc5aff697.txt,58,f703c1d5952e0a8f657617bb112ec37267602b888e7b76b970855fa6e741b830
after,train,labels,dataset_clean/train/labels/435_png.rf.233c5ce40894abb1100181d368df8af1.txt,59,a7d227ede1e5596fa30da9e1c8c378c00305fd642263f2d897c13c266a9c25c8
after,train,labels,dataset_clean/train/labels/435_png.rf.ae5f1f0a2bba81c4dabfd76b40d45ce4.txt,66,e4ec8f72c255792bf7c4e0106d9ef31dacc9232c0f648f115def54d20e8053ee
after,train,labels,dataset_clean/train/labels/435_png.rf.c82cb15f7bcf92d122286dfc605107e5.txt,59,a7d227ede1e5596fa30da9e1c8c378c00305fd642263f2d897c13c266a9c25c8
after,train,labels,dataset_clean/train/labels/436_png.rf.444a6a927b14d2d411ed8771ed051e12.txt,60,b6ef8b1ab5b58143d8f82082e35591e3f6a79c22860672c746b22842069ad15d
after,train,labels,dataset_clean/train/labels/436_png.rf.992c59a3015fc13fad09ec836357fcfb.txt,69,45d714c9ca3973e9f6f4e9ac6e0914168d3aee1f6b90c2753c249ed71535dbac
after,train,labels,dataset_clean/train/labels/436_png.rf.f9cada13f1479ea246505eadd32c89aa.txt,69,45d714c9ca3973e9f6f4e9ac6e0914168d3aee1f6b90c2753c249ed71535dbac
after,train,labels,dataset_clean/train/labels/437_png.rf.616fa4659d798055b95719de7d73ff3a.txt,67,7062ec8e3b37e6e46a0b281bbf717b62d02a5d6d6598c93b82d56eb5fb55877e
after,train,labels,dataset_clean/train/labels/437_png.rf.6d1c4a3289abd8dc251596b4c00679a3.txt,67,7062ec8e3b37e6e46a0b281bbf717b62d02a5d6d6598c93b82d56eb5fb55877e
after,train,labels,dataset_clean/train/labels/437_png.rf.d0c7700156491f6e9290099409382f35.txt,66,5b593a9b3ed7d02b0a2480f3c01b16b69f31f57d557a1b5827178d7c902131c8
after,train,labels,dataset_clean/train/labels/438_png.rf.0b1707ca7f7cca297abc1bb883493ee4.txt,67,2490c49fcaa12050022ad6bc17185217691676da58ef6cfc3f0ff9e8b25bc497
after,train,labels,dataset_clean/train/labels/438_png.rf.0d16ff6d0eef4aa2edeb7480df97bb16.txt,59,7cc96dab882bdfcc4b851b9c2481904cb6c20445018ffb404f0f71fd6f027ae1
after,train,labels,dataset_clean/train/labels/438_png.rf.e4d81fa48eb9d97e2913a1d69de3cef4.txt,67,2490c49fcaa12050022ad6bc17185217691676da58ef6cfc3f0ff9e8b25bc497
after,train,labels,dataset_clean/train/labels/439_png.rf.3a54d885c5bd78aef2342383e4482942.txt,46,fa060de90c379b1a8546e38e5ee56d0d9d8dd5c7be5160c0c46e05e133566f6f
after,train,labels,dataset_clean/train/labels/439_png.rf.4e8553ff9e9dfd91936ee4b5deed61b3.txt,46,fa060de90c379b1a8546e38e5ee56d0d9d8dd5c7be5160c0c46e05e133566f6f
after,train,labels,dataset_clean/train/labels/439_png.rf.f874f5074e0f0cb3faf969995978f2db.txt,46,fa060de90c379b1a8546e38e5ee56d0d9d8dd5c7be5160c0c46e05e133566f6f
after,train,labels,dataset_clean/train/labels/43_png.rf.4c6ff50bceb75a24a541f6710441b6c3.txt,56,4e75e8599a6a86ef6793d2d1de7853dbc9140445de4a36b9221cebebcde2a5f2
after,train,labels,dataset_clean/train/labels/43_png.rf.b1741beb3664918181f69ad69e45790e.txt,56,4e75e8599a6a86ef6793d2d1de7853dbc9140445de4a36b9221cebebcde2a5f2
after,train,labels,dataset_clean/train/labels/43_png.rf.f5c530351982516c57bdc52057bfb8de.txt,56,4e75e8599a6a86ef6793d2d1de7853dbc9140445de4a36b9221cebebcde2a5f2
after,train,labels,dataset_clean/train/labels/440_png.rf.2afdf90a8d7e6a61b413b36bc4faeaf7.txt,55,3fb5bfb09ce17f426dbd3f74e15d9a663a174148cff5ffa71248da481af927bd
after,train,labels,dataset_clean/train/labels/440_png.rf.4f0c2cd49df14dba16e9fb2896f0e285.txt,55,3fb5bfb09ce17f426dbd3f74e15d9a663a174148cff5ffa71248da481af927bd
after,train,labels,dataset_clean/train/labels/440_png.rf.dfffc1b511ee9ee76f6d60e0901b885d.txt,55,3fb5bfb09ce17f426dbd3f74e15d9a663a174148cff5ffa71248da481af927bd
after,train,labels,dataset_clean/train/labels/441_png.rf.380e08857822c3385f2ac1804cc4fe24.txt,77,6150970c7af3e33ee310c8cbff0ef7aa8fb5344405958f52e86cb819cd9f7f1a
after,train,labels,dataset_clean/train/labels/441_png.rf.4d4279e6645978f71457c1706001df01.txt,78,bd2bcb3b7831ce22b9439a7fcc9a498df5542cdf7a7463c904b3ea7f713f30be
after,train,labels,dataset_clean/train/labels/441_png.rf.966973143877a96517cfb2566c32fbbe.txt,77,6150970c7af3e33ee310c8cbff0ef7aa8fb5344405958f52e86cb819cd9f7f1a
after,train,labels,dataset_clean/train/labels/443_png.rf.7506d8664f15e9f2de812914754d5c96.txt,51,0b67b39ce6e18a89942472a0bf6825dc205051ca15cd556eb09349998a4989bc
after,train,labels,dataset_clean/train/labels/443_png.rf.7b60a5489f9b9878478a48d8ef27ac06.txt,51,0b67b39ce6e18a89942472a0bf6825dc205051ca15cd556eb09349998a4989bc
after,train,labels,dataset_clean/train/labels/443_png.rf.b6ee202981c849ca7245494a63280ce6.txt,57,b7f4c7404d9bf2308767e1e068b89705daf7c8b1250da437151ac87712f80e67
after,train,labels,dataset_clean/train/labels/444_png.rf.67d41d5e08de5a568df628f12b0e6245.txt,69,05813bf80c30f7cce8f529565d2bf493311e820fc44a394c6504e7b661ad83ee
after,train,labels,dataset_clean/train/labels/444_png.rf.6ad03a312a7077cc184962af7fc08a65.txt,69,05813bf80c30f7cce8f529565d2bf493311e820fc44a394c6504e7b661ad83ee
after,train,labels,dataset_clean/train/labels/444_png.rf.aebf3a344503d1bf3edde6a87e7775ae.txt,67,171f1f16712e980501a7a0eb27fca9f9a69468cffba12580932e14e418ff6c7d
after,train,labels,dataset_clean/train/labels/445_png.rf.093e4fa33aa9188be71c3ac501beff8f.txt,64,d54a763ae8456ebabc2604cee0501c124fe3a206702ce0b31351920b859aae47
after,train,labels,dataset_clean/train/labels/445_png.rf.8e2957c49196f9277e7fd35e240c8a10.txt,64,5367ddb012b4931d09082f68e5f8f532e8c570c38c9bb0aeb14586239a444d85
after,train,labels,dataset_clean/train/labels/445_png.rf.9a315a4a3812f7f9a0d67ed97df2675a.txt,64,d54a763ae8456ebabc2604cee0501c124fe3a206702ce0b31351920b859aae47
after,train,labels,dataset_clean/train/labels/446_png.rf.1551c353a945b202443650097bf1f2e6.txt,64,014d667df862fba903f6a6d890b40fc18510b1a7fad80f3b860d7d8df45ed2f4
after,train,labels,dataset_clean/train/labels/446_png.rf.ad947f194affeac2b27dbe1e92cb9786.txt,64,014d667df862fba903f6a6d890b40fc18510b1a7fad80f3b860d7d8df45ed2f4
after,train,labels,dataset_clean/train/labels/446_png.rf.e9b3ea7568f5a08f11f1ce9034b7291b.txt,64,014d667df862fba903f6a6d890b40fc18510b1a7fad80f3b860d7d8df45ed2f4
after,train,labels,dataset_clean/train/labels/448_png.rf.4946835891829132052b50a65da2b130.txt,61,01b52cb222275e6a7dc22c5a23cdfabed6cc5c791fbab831bd7325cf005845da
after,train,labels,dataset_clean/train/labels/448_png.rf.7d266bac3c4763ca7b8bf7d94456ceb4.txt,61,01b52cb222275e6a7dc22c5a23cdfabed6cc5c791fbab831bd7325cf005845da
after,train,labels,dataset_clean/train/labels/448_png.rf.cc3153fff1e4db900106038dd4620325.txt,61,01b52cb222275e6a7dc22c5a23cdfabed6cc5c791fbab831bd7325cf005845da
after,train,labels,dataset_clean/train/labels/449_png.rf.58037776f67a7ab188e6f73b344b0b3b.txt,59,88ee27445b954c7f679a0f4ba5e7e8c70baaf25626b9f3f02662c2fc34484293
after,train,labels,dataset_clean/train/labels/449_png.rf.ce930a17d393ee643746beacbc51422c.txt,58,7daf7aa120ee51bdf91be3cf299f874c1ba4fc5e0776d5c2449dc7e314bb4de4
after,train,labels,dataset_clean/train/labels/449_png.rf.fb2802edfd5163c004d2c5c3f9c25d19.txt,59,88ee27445b954c7f679a0f4ba5e7e8c70baaf25626b9f3f02662c2fc34484293
after,train,labels,dataset_clean/train/labels/44_png.rf.21450e83a744f101956939a6123ca7fd.txt,68,0f827e8903c849f6ebd6688e131bc5cc737ab272b97c1deb5513ebe3fa169511
after,train,labels,dataset_clean/train/labels/44_png.rf.d66c69c570cbbad8db8e9d972faabd69.txt,69,e4ca1447fac7b1b245c0f7da46f96fd04efbb66c4574fa7c942a75f01a5198ef
after,train,labels,dataset_clean/train/labels/44_png.rf.dd9455ab7c5827b18676c96fa3d81dc3.txt,69,e4ca1447fac7b1b245c0f7da46f96fd04efbb66c4574fa7c942a75f01a5198ef
after,train,labels,dataset_clean/train/labels/450_png.rf.2c79f5fa057d160e6131aea5dd470275.txt,48,5f35fc05107e29227a032defac3b45b3f8ea12981e10e7354a5de3b42d1f1c05
after,train,labels,dataset_clean/train/labels/450_png.rf.980e2bf2692ba0509a577ed4965652b5.txt,47,283df6eaedf65518ac0b8b4871edd9e7727a952d5cfddb44533bddc75286e102
after,train,labels,dataset_clean/train/labels/451_png.rf.88ed5b17fd013cb0d9258e0f5cb4834a.txt,67,d791dc4b5706d31cc582084809a6c5c5486b6e0f5cde2c438dbc5954ba9c1891
after,train,labels,dataset_clean/train/labels/451_png.rf.cfab4110e24c28505cdae56473563b75.txt,59,aec5982b284c2c6c2d5ff310d85fcae0843c293d8024d6989abc6f9a63c9b28f
after,train,labels,dataset_clean/train/labels/451_png.rf.d732c326d67e0c65171c6ed4ddbb025b.txt,67,d791dc4b5706d31cc582084809a6c5c5486b6e0f5cde2c438dbc5954ba9c1891
after,train,labels,dataset_clean/train/labels/453_png.rf.1a9d20ed4ed6341636733f1ce06a9761.txt,60,d75ea299597b8f7c1d2ea50a1901d4dc3c88aa632e40b705dee99fe0ca48d30d
after,train,labels,dataset_clean/train/labels/453_png.rf.278f44f58fc79802314d1bc1f47c81a9.txt,52,35c21b27bca51f4c9f21bba94eac65df3ea4368dae635163612cdd90443c5c41
after,train,labels,dataset_clean/train/labels/453_png.rf.2a7afbacc218f82a6704d648a7900bfd.txt,60,d75ea299597b8f7c1d2ea50a1901d4dc3c88aa632e40b705dee99fe0ca48d30d
after,train,labels,dataset_clean/train/labels/454_png.rf.868946198a85d538d8981cfbbd980f12.txt,63,e88db2eefd83157c6164cc2309664070dafdf840ade7d678b84f82b6a594b8a4
after,train,labels,dataset_clean/train/labels/454_png.rf.c146a96b57597174119d891a8881e468.txt,55,466af95835a19bbc6201b3948fc3e0fc5b95e858044ce6866174ed7bfe850fb8
after,train,labels,dataset_clean/train/labels/454_png.rf.f683c511dde6f631e968c3169c79eb9c.txt,63,e88db2eefd83157c6164cc2309664070dafdf840ade7d678b84f82b6a594b8a4
after,train,labels,dataset_clean/train/labels/456_png.rf.4ae5cb505301ba9323caaf3bd399f9e2.txt,59,5c6b3d1feef502e3169b30c8740ad1b425c7c30af4f335dc82d8be89e6d5273d
after,train,labels,dataset_clean/train/labels/456_png.rf.e7dee959b2bbbfb19837eb514189171f.txt,58,97b0a7db305bc9b45bd840027f0198db8ef425861fea54be3361e000323a3461
after,train,labels,dataset_clean/train/labels/456_png.rf.f1872a9cef85f3efc916b156d604d254.txt,59,5c6b3d1feef502e3169b30c8740ad1b425c7c30af4f335dc82d8be89e6d5273d
after,train,labels,dataset_clean/train/labels/457_png.rf.41ee2e885abbf73ea570a83b78a161d7.txt,55,f6f09876528d060638c208314f37f3f1e6bb29e9144952f3a172eb1e382cbd7d
after,train,labels,dataset_clean/train/labels/457_png.rf.67b3534c30edac536bf3a0fa2504d9bd.txt,56,0856164e1b8c09c0cc3d6a46a60b0b532b3c5d1a3473458ae3b2fcd74cd219df
after,train,labels,dataset_clean/train/labels/457_png.rf.eef7322e97caddafd42d7bb1b2cc5d3b.txt,56,0856164e1b8c09c0cc3d6a46a60b0b532b3c5d1a3473458ae3b2fcd74cd219df
after,train,labels,dataset_clean/train/labels/458_png.rf.3004fb3707a98c3ee93b9da63e27de62.txt,64,c7e8dd2b37b1ad5db96ef7717adc679a15968d565fdc93754db26ba0df59e86f
after,train,labels,dataset_clean/train/labels/458_png.rf.b5b0e66986583f805b2d44f09b5bb5b3.txt,57,fa8c9e4d8978fb18f1f74970232078ea68794f1178fed7fb1c7c640496dca5d4
after,train,labels,dataset_clean/train/labels/458_png.rf.c6d106485a412df54c79c6b32be75c03.txt,64,c7e8dd2b37b1ad5db96ef7717adc679a15968d565fdc93754db26ba0df59e86f
after,train,labels,dataset_clean/train/labels/459_png.rf.a5f2fcf9fb09b1c16744bea6f9fe3280.txt,68,70591b2e30f6a276ab28a6ec5af0021d330133921c7b8be98b5e8ea9f324f373
after,train,labels,dataset_clean/train/labels/459_png.rf.fae33e855239e323d32a0fff3f9d37e2.txt,67,b43411c795ce145dd249ce73f3c75da927220be2afb9b55aaf00926799a54e20
after,train,labels,dataset_clean/train/labels/459_png.rf.fd6cf43e7464b7314c9bbecbaaec8e97.txt,68,70591b2e30f6a276ab28a6ec5af0021d330133921c7b8be98b5e8ea9f324f373
after,train,labels,dataset_clean/train/labels/460_png.rf.63dd8e6a1172e9346aef9571ff406b2d.txt,59,dd5f0855e8dcedb03ed7b18a5261e169cd016bf4878a1e080babb506e4c78400
after,train,labels,dataset_clean/train/labels/460_png.rf.9210f7f91ee911dded5bec467ddbf9bb.txt,59,dd5f0855e8dcedb03ed7b18a5261e169cd016bf4878a1e080babb506e4c78400
after,train,labels,dataset_clean/train/labels/460_png.rf.f5da62bd7bfd0e0f9499ea611520ce31.txt,59,dd5f0855e8dcedb03ed7b18a5261e169cd016bf4878a1e080babb506e4c78400
after,train,labels,dataset_clean/train/labels/461_png.rf.0c77a6a6c7c2b5a11390b13a6ff8e60b.txt,65,198ed02e794c5308c0fd4dcb4f6cb9470f32bb204be4e9339cc3b7bf64d144e7
after,train,labels,dataset_clean/train/labels/461_png.rf.292f1ee8ae988c1ba100c136cab23223.txt,58,c3f9074299fe29146428a214543703ae0a2b5302e7c500d58470a78cfffad0fa
after,train,labels,dataset_clean/train/labels/461_png.rf.87f1d46ac4658d4e2d746032675911c5.txt,65,198ed02e794c5308c0fd4dcb4f6cb9470f32bb204be4e9339cc3b7bf64d144e7
after,train,labels,dataset_clean/train/labels/462_png.rf.0bea49ede4299b8206d9d5cb08473356.txt,56,c42a92de7925e57d4aea5155861120805f4614e58e4bb496af0b40aa6058485e
after,train,labels,dataset_clean/train/labels/462_png.rf.19847b93d73103c2a982c56ab7f0efac.txt,51,b1646a3126f38be5d33f8af3199e7aae03760dbe0177917560d2a3ff2a99dc87
after,train,labels,dataset_clean/train/labels/462_png.rf.8b88513a8df0c896cda7e335fdb39688.txt,51,b1646a3126f38be5d33f8af3199e7aae03760dbe0177917560d2a3ff2a99dc87
after,train,labels,dataset_clean/train/labels/463_png.rf.57ba651505449aa1bd791c6f79f3f9a6.txt,64,d8e3302a6cc17dda3429cc31818eb35e8b3376912b1b508010261c1b8ccc651b
after,train,labels,dataset_clean/train/labels/463_png.rf.aeaf1766473310b4d223679998fddc02.txt,63,552db822341b03e4899c56a41f65452dc9fb57698e70e6a9ccde1138ff9f7442
after,train,labels,dataset_clean/train/labels/463_png.rf.b902fb107b8d587d30ad6ea02ba76418.txt,64,d8e3302a6cc17dda3429cc31818eb35e8b3376912b1b508010261c1b8ccc651b
after,train,labels,dataset_clean/train/labels/466_png.rf.7022f2bb5d01d362091ecd5d39eacd80.txt,50,c8d9debe08e4e78a51393941d4dc8262b1520e1f6cf3810ede8e6b525c79608f
after,train,labels,dataset_clean/train/labels/466_png.rf.7560967913c440b1d18ac3300c970ed0.txt,58,8c23c4749f3a6ce7a030589c9b67eaa091743ab48919ce1bcf93c4868d58f9dc
after,train,labels,dataset_clean/train/labels/466_png.rf.d3c490ffc097cb567cf583f554c18c1d.txt,58,8c23c4749f3a6ce7a030589c9b67eaa091743ab48919ce1bcf93c4868d58f9dc
after,train,labels,dataset_clean/train/labels/467_png.rf.500d77c470cc2878d753a5f1044732d0.txt,57,0eab2085cfea84d08117ab16fc471514c37ca21cc162758df691c0b98b9b9847
after,train,labels,dataset_clean/train/labels/467_png.rf.a2e4f66b8204114ac7ba2ae1e435b371.txt,66,efa69af5be05bb50bbc3b7b3906f84b3859787090f51e389351fc2461aed9a47
after,train,labels,dataset_clean/train/labels/467_png.rf.f83bce5b50d721300d4c13370717860b.txt,66,efa69af5be05bb50bbc3b7b3906f84b3859787090f51e389351fc2461aed9a47
after,train,labels,dataset_clean/train/labels/468_png.rf.4f486c428d68700f04d6cf2226f70cdb.txt,60,41e737110e9d0620a0116c64465e66caae4f9d9058c0f78c9bca4e7f96dd0914
after,train,labels,dataset_clean/train/labels/468_png.rf.58e31937f730bc0dce6e203bb1881d5e.txt,60,41e737110e9d0620a0116c64465e66caae4f9d9058c0f78c9bca4e7f96dd0914
after,train,labels,dataset_clean/train/labels/468_png.rf.d676067d9eaf8aecb3b22c7bc7315d6a.txt,60,41e737110e9d0620a0116c64465e66caae4f9d9058c0f78c9bca4e7f96dd0914
after,train,labels,dataset_clean/train/labels/469_png.rf.9a6340be3e040b61bff347c382fdb675.txt,58,27ee34a8ff666913d843b2c205c5c1fac3354427ed21c7f0cc1676a17ad8bc00
after,train,labels,dataset_clean/train/labels/469_png.rf.aabb3219f65d52b37b51cbb63e5ebc10.txt,58,27ee34a8ff666913d843b2c205c5c1fac3354427ed21c7f0cc1676a17ad8bc00
after,train,labels,dataset_clean/train/labels/469_png.rf.efdf71299ac86931d5450a3a69663a65.txt,58,27ee34a8ff666913d843b2c205c5c1fac3354427ed21c7f0cc1676a17ad8bc00
after,train,labels,dataset_clean/train/labels/46_png.rf.0702324fd5b9fbf494f9ec81ff247b7f.txt,58,21f7b6ac0ed49132b4362f057fb4136664684fb886d4f7302b5330f26858b5f9
after,train,labels,dataset_clean/train/labels/46_png.rf.4ea1b8f2f4f2e6dc9e8551a5429fda72.txt,50,f03d00a2385f2b06bc059bd42ccb0130dae789f03a9d9d2978e7c562b24cf1ca
after,train,labels,dataset_clean/train/labels/46_png.rf.f1a0550d73857a349002a07f7e4a1f82.txt,58,21f7b6ac0ed49132b4362f057fb4136664684fb886d4f7302b5330f26858b5f9
after,train,labels,dataset_clean/train/labels/470_png.rf.ae6a2558eeb713b46828151df9671afa.txt,62,de50ad7e69c0331419d74914516682d96e77b23164500fb3ddade092867a3fa6
after,train,labels,dataset_clean/train/labels/470_png.rf.b04a80c2a0e15e68eb6ff3b272aee545.txt,62,4659199f2a8a9b238af1f7de14e62f1555ec97bf824aeff33f52c9cb319231c4
after,train,labels,dataset_clean/train/labels/470_png.rf.b82f123e12578e614367da968ef4803a.txt,62,de50ad7e69c0331419d74914516682d96e77b23164500fb3ddade092867a3fa6
after,train,labels,dataset_clean/train/labels/471_png.rf.07f43f4b35f17febb85796b313391018.txt,68,c38ab56c1e6a1a2f684294bc7a985ffa3fb67cd7f711a432763678101fc0f21b
after,train,labels,dataset_clean/train/labels/471_png.rf.7e4931cfb7daa37db122318447fde0f1.txt,60,f5359fc87caa2bb3f6dd2155ccd641fd6d050312e4144077d0c54e0e83ece1dc
after,train,labels,dataset_clean/train/labels/471_png.rf.c1365924fb5262d46e67985b90b145af.txt,68,c38ab56c1e6a1a2f684294bc7a985ffa3fb67cd7f711a432763678101fc0f21b
after,train,labels,dataset_clean/train/labels/472_png.rf.2669446589e8b0238b00c99a0c5b1c5e.txt,57,e105d183499e1e0dc0f2676d58e2836809335fe934353401f9033af900174062
after,train,labels,dataset_clean/train/labels/472_png.rf.92890be197708d05f81edc5b9a0d7c0f.txt,56,97872237630f6309c3f8e3481e7bc22c17f4398cc89d747dc23712ef160eb4f1
after,train,labels,dataset_clean/train/labels/472_png.rf.db5da3cff8a828e031752456c4dd6eaa.txt,57,e105d183499e1e0dc0f2676d58e2836809335fe934353401f9033af900174062
after,train,labels,dataset_clean/train/labels/473_png.rf.57a068690eba0345088430b76b2e80a9.txt,55,825e3443fbf764864383db233d454ca23984a63eb45a6b091d29f0161fac64b4
after,train,labels,dataset_clean/train/labels/473_png.rf.b8ff7e04051231660471c7d943118c5f.txt,55,825e3443fbf764864383db233d454ca23984a63eb45a6b091d29f0161fac64b4
after,train,labels,dataset_clean/train/labels/473_png.rf.dd77e07c4bdfea7d09b6b8f0a5cac7ae.txt,55,825e3443fbf764864383db233d454ca23984a63eb45a6b091d29f0161fac64b4
after,train,labels,dataset_clean/train/labels/474_png.rf.2784ce880f8881e9ea93eda1c5fdfb79.txt,58,ed127bdb069fa126ae7a400d46f1957d76dd55915709a20aa85350470df49b2d
after,train,labels,dataset_clean/train/labels/474_png.rf.b1b35baee1db03c83298cf55295bb4ff.txt,58,ed127bdb069fa126ae7a400d46f1957d76dd55915709a20aa85350470df49b2d
after,train,labels,dataset_clean/train/labels/474_png.rf.f66f7dadc70dc3ecad0e419ce5aee613.txt,50,6b903587bf3c71ca4bcbb01ab08a2ef7b8aedfcad02cedb5ede910edfc626e0a
after,train,labels,dataset_clean/train/labels/475_png.rf.0d7c77c9fc5371aba86dfe20444ab038.txt,65,7cc313ff46665bf6c0da6fb08e9e3d4a370be83936f83f53834a0c10a3b853ff
after,train,labels,dataset_clean/train/labels/475_png.rf.7ff9c9155c15161bb80e3c7177d9d339.txt,66,24c91439dc7654ba70967637385c5936c6f15322172a545d579e7988c1092d7e
after,train,labels,dataset_clean/train/labels/475_png.rf.f202d1131c08edbef8eea32f481f979a.txt,66,24c91439dc7654ba70967637385c5936c6f15322172a545d579e7988c1092d7e
after,train,labels,dataset_clean/train/labels/477_png.rf.6e9517d42a2a32a1a25d8e3671dbfe27.txt,62,167f9a8b8558c00dc714aff8a6eb21058eadcaac2472232e108d51af963a2d1a
after,train,labels,dataset_clean/train/labels/477_png.rf.a8a3bac5a91aad4042b82e0b3a6f3442.txt,67,aa00bf98b3e0d6984c45721caa484c69cff103ee8bd68bd1a1baca850262baf0
after,train,labels,dataset_clean/train/labels/477_png.rf.de36b04398aaf93c46d4cd8538217377.txt,62,167f9a8b8558c00dc714aff8a6eb21058eadcaac2472232e108d51af963a2d1a
after,train,labels,dataset_clean/train/labels/478_png.rf.34965e4c9837aa56a8c2419ff1fa7afb.txt,60,e4bc53e0e9225ec56cc5cd03ea767bc44f5837887dd71463f79b8162635eb1be
after,train,labels,dataset_clean/train/labels/478_png.rf.a2132a0b1a31ac8443713af9c3f08f6c.txt,68,741ecc503e3f87631acd58ff216338675f4ebe7e9119c5b2c35a5b0025c7de29
after,train,labels,dataset_clean/train/labels/479_png.rf.0eababd2219dc9db922e073d246bad3e.txt,54,f51eaf3fa52207b3d9bc80e1e2b690f299456b98b83377d60b61b0b132421a3b
after,train,labels,dataset_clean/train/labels/479_png.rf.2c7687f43f2dc1ddf90ee724bc42a8c1.txt,54,f51eaf3fa52207b3d9bc80e1e2b690f299456b98b83377d60b61b0b132421a3b
after,train,labels,dataset_clean/train/labels/479_png.rf.b495288f83e74340c47808fd7821483f.txt,54,f51eaf3fa52207b3d9bc80e1e2b690f299456b98b83377d60b61b0b132421a3b
after,train,labels,dataset_clean/train/labels/47_png.rf.138d0a9d8ee0fa45b9bb51ccebe15a51.txt,54,973d5f344c0330f6ad0ba454500305819b1aca1bcc455aa3035f0b68d5427ae3
after,train,labels,dataset_clean/train/labels/47_png.rf.8f1a396ab0edcaf48e43c5ff9055648f.txt,54,973d5f344c0330f6ad0ba454500305819b1aca1bcc455aa3035f0b68d5427ae3
after,train,labels,dataset_clean/train/labels/47_png.rf.942e1bec6d5354b776a348b3213bc319.txt,54,973d5f344c0330f6ad0ba454500305819b1aca1bcc455aa3035f0b68d5427ae3
after,train,labels,dataset_clean/train/labels/480_png.rf.1d180d830d79032eea4abc2f74b11f0d.txt,57,969ae46064923e94cd5dd504e53fe79b1570c0854fb9e0448b04d57a9e1ca184
after,train,labels,dataset_clean/train/labels/480_png.rf.9d7974d3ccea51b64ddac5b61cab085e.txt,57,969ae46064923e94cd5dd504e53fe79b1570c0854fb9e0448b04d57a9e1ca184
after,train,labels,dataset_clean/train/labels/480_png.rf.ceb7f1533055a916907840f317431394.txt,57,969ae46064923e94cd5dd504e53fe79b1570c0854fb9e0448b04d57a9e1ca184
after,train,labels,dataset_clean/train/labels/481_png.rf.0707f0d27d7d869e96c9df9d810824f8.txt,64,fda3be9002367638e6cecb418d16a2789e14a947eb05062d18d985d1f19f47de
after,train,labels,dataset_clean/train/labels/481_png.rf.0c28bdd45d7f7ab248ad455b19a4845e.txt,64,fda3be9002367638e6cecb418d16a2789e14a947eb05062d18d985d1f19f47de
after,train,labels,dataset_clean/train/labels/481_png.rf.4c2eb59c7d5b1bc664cbe6c56100a60e.txt,64,fda3be9002367638e6cecb418d16a2789e14a947eb05062d18d985d1f19f47de
after,train,labels,dataset_clean/train/labels/482_png.rf.127524ff075abb98da5db5155a0175ed.txt,60,b907cc4c7de26ffcacc587055fa7f281538026b1184b68b9c1252cccb296588a
after,train,labels,dataset_clean/train/labels/482_png.rf.1a247d2b087d7dd4a44300457d275e6c.txt,60,b907cc4c7de26ffcacc587055fa7f281538026b1184b68b9c1252cccb296588a
after,train,labels,dataset_clean/train/labels/482_png.rf.1d04329b035c0bd3d13227864648eb92.txt,59,8d9c6de5bfce0a436e8d8dcdf02d3c599e39a1bbcd4fc394a794147c5ae0408c
after,train,labels,dataset_clean/train/labels/483_png.rf.14f41ae21009a3d1185d666bf9548063.txt,54,e4ebec021d97e61b4cbb05e1da702ad7d9110799ac40377374e7888557dc2f4d
after,train,labels,dataset_clean/train/labels/483_png.rf.35d5cd835897b69d42d03deec2951071.txt,54,e4ebec021d97e61b4cbb05e1da702ad7d9110799ac40377374e7888557dc2f4d
after,train,labels,dataset_clean/train/labels/483_png.rf.41d8c068886a34717b72a58f6b31ebfe.txt,54,e4ebec021d97e61b4cbb05e1da702ad7d9110799ac40377374e7888557dc2f4d
after,train,labels,dataset_clean/train/labels/484_png.rf.7033f816644651f608bedad3f4bee590.txt,66,c20d4c8a42047a393d53d2fdc1d61d189b9fc67ea89c2277a60b164f80a3c537
after,train,labels,dataset_clean/train/labels/484_png.rf.9ac8fae31440aa6d325bdfad27526452.txt,66,c20d4c8a42047a393d53d2fdc1d61d189b9fc67ea89c2277a60b164f80a3c537
after,train,labels,dataset_clean/train/labels/484_png.rf.e937b36899bd69a3d9333e6632ccf104.txt,66,c20d4c8a42047a393d53d2fdc1d61d189b9fc67ea89c2277a60b164f80a3c537
after,train,labels,dataset_clean/train/labels/485_png.rf.2d60343f8fdb96c9b72af7ecc549b5f4.txt,44,dbce075cd90109de687674ee771472dffd5304cbd673f601861444cccbe83859
after,train,labels,dataset_clean/train/labels/485_png.rf.68e91a69f40aa9ad7bf62b2ba4f438be.txt,44,dbce075cd90109de687674ee771472dffd5304cbd673f601861444cccbe83859
after,train,labels,dataset_clean/train/labels/485_png.rf.84fa11e21d21a4bd39101b192893feb0.txt,44,dbce075cd90109de687674ee771472dffd5304cbd673f601861444cccbe83859
after,train,labels,dataset_clean/train/labels/486_png.rf.15c887a6cefe32ab6e8850fbe454e76d.txt,68,abbb7b55b735281f95b7cc7ba3acea4f552c10d0d18f7b08a81a9cf2eb191e65
after,train,labels,dataset_clean/train/labels/486_png.rf.63ba40fcae4804416e1772e2510163d1.txt,69,c7694a24816d65b250f49e5cec0054c7f0bfb84513be3f4a4244ee0cc8b8de31
after,train,labels,dataset_clean/train/labels/486_png.rf.96f571aeda4f43e6499dec293c07560c.txt,69,c7694a24816d65b250f49e5cec0054c7f0bfb84513be3f4a4244ee0cc8b8de31
after,train,labels,dataset_clean/train/labels/487_png.rf.2b82fcd0d5cbed3fb5a2c5b055766cbb.txt,65,a60d3ac5ace75b235d13419aead32e1d67d38f34a5fcb755154c65aea9585bdb
after,train,labels,dataset_clean/train/labels/487_png.rf.4e628e4526e41d0e710bb71031087602.txt,65,91c9093d3f519b4ae23789e295b4ef136df627e5bb3a8a7803b36eb77cb44e60
after,train,labels,dataset_clean/train/labels/487_png.rf.f6a6dea0249b0b549b8b53d34f134301.txt,65,a60d3ac5ace75b235d13419aead32e1d67d38f34a5fcb755154c65aea9585bdb
after,train,labels,dataset_clean/train/labels/489_png.rf.2d8d8c59b13e496c6b870783edffd16e.txt,58,768f40a4458b99db88ee812106d3d30abcf616f17a9d36d8408cbb9b19cddd6d
after,train,labels,dataset_clean/train/labels/489_png.rf.7e6b460e96daab9876f748eb381d267f.txt,58,768f40a4458b99db88ee812106d3d30abcf616f17a9d36d8408cbb9b19cddd6d
after,train,labels,dataset_clean/train/labels/489_png.rf.adeaad7566771827b6e7b134172babbb.txt,58,768f40a4458b99db88ee812106d3d30abcf616f17a9d36d8408cbb9b19cddd6d
after,train,labels,dataset_clean/train/labels/48_png.rf.7cf4319430854e82a1721c8cafa5b606.txt,66,dcd5bba55cb02f8c3f85b78fcec8ec373e48b887511f712dea82464b2718eaf3
after,train,labels,dataset_clean/train/labels/48_png.rf.b5b28bf31eeb82815d0860d57a05085f.txt,60,00fa8d28faa70518bce35ecabb48439fe3e8d4807fc3147eaf70a16f02cca50b
after,train,labels,dataset_clean/train/labels/48_png.rf.c4d2a7b30603ca761828c4cec4c0ad31.txt,60,00fa8d28faa70518bce35ecabb48439fe3e8d4807fc3147eaf70a16f02cca50b
after,train,labels,dataset_clean/train/labels/490_png.rf.81a53f6c2752b0b8dc3c9ec7bdedd017.txt,53,c3c996dc469a988efd56105371bc1b415890940cc12af4df5b88718d006c3939
after,train,labels,dataset_clean/train/labels/490_png.rf.c2bbb2b0537835c1e0a9077cfcb53c3c.txt,60,8d5f3e02211f38662151a3fc32c5859afe2f61f8d2598e22715bcc5e6556ddfe
after,train,labels,dataset_clean/train/labels/490_png.rf.ffe94a33f6a7c51f0642a9a9d7d61f74.txt,60,8d5f3e02211f38662151a3fc32c5859afe2f61f8d2598e22715bcc5e6556ddfe
after,train,labels,dataset_clean/train/labels/491_png.rf.3eef949a558a6165f0b35d9f30c08214.txt,69,9c066b413569c66f371de42ced7d15b998fa29857f0b0cbc175e8ea5026e3de3
after,train,labels,dataset_clean/train/labels/491_png.rf.88d2ecfc221a552bce81ec835a5cd5ea.txt,68,246c8524106fc2da0cef5c06ce23319dd0c4f281c74629ac6aac9e3465a259fc
after,train,labels,dataset_clean/train/labels/491_png.rf.94e34749a653ab2541f9d78b9bbc8db2.txt,69,9c066b413569c66f371de42ced7d15b998fa29857f0b0cbc175e8ea5026e3de3
after,train,labels,dataset_clean/train/labels/492_png.rf.2da17d0d86bdc78b8e8675362f91931d.txt,59,b0b5377df2a2171a4937556ed979f23331024c394231d93755ca67760750b213
after,train,labels,dataset_clean/train/labels/492_png.rf.d5f5578a8644fba0134741c76b313c9f.txt,59,b0b5377df2a2171a4937556ed979f23331024c394231d93755ca67760750b213
after,train,labels,dataset_clean/train/labels/492_png.rf.f0257f9dd110335a5d220792f1405e63.txt,58,e1cece9c4fd17a730ed63f26aab074864087c74d2336b75d250f58a028875462
after,train,labels,dataset_clean/train/labels/494_png.rf.0a3ad53051195fa4ea63cb809d89b719.txt,50,b6f0ab9efdf9dcba98b77a54cf93655e4dccbeac7f3fc732784352b4cbec5abb
after,train,labels,dataset_clean/train/labels/494_png.rf.707c5517527b01f88bf2bed90663e05b.txt,58,8f86c8c149caa21aeb16e6acfb052806270a65f66da066775b66cd5be3119d9c
after,train,labels,dataset_clean/train/labels/494_png.rf.b033086877813d5a95fb203519d8d5c8.txt,58,8f86c8c149caa21aeb16e6acfb052806270a65f66da066775b66cd5be3119d9c
after,train,labels,dataset_clean/train/labels/495_png.rf.0a1aeddd980ba2c68774c2eb33acc363.txt,67,36f8b92d4c00a1f3048640d11ad4d13e70f3aeeb3d811527edfcb6185f6acfe8
after,train,labels,dataset_clean/train/labels/495_png.rf.2ec3a7ab5fec5a00da6dac6b6b3fcbe7.txt,68,289247864892f8f537c7ad0541791b0c14816f24aeb96c24ddad9cddd979fa77
after,train,labels,dataset_clean/train/labels/495_png.rf.97c14346beb74e1a4b0b038a2359f38e.txt,68,289247864892f8f537c7ad0541791b0c14816f24aeb96c24ddad9cddd979fa77
after,train,labels,dataset_clean/train/labels/498_png.rf.1d7be60ac3dbb4fccf1b596fff5b0575.txt,66,a62eacf57336dead3a483d34439bf74d45327ba045502caae3e1b4c3dcc71f7a
after,train,labels,dataset_clean/train/labels/498_png.rf.3fc99b87cb099e93c8dd0e9c05a0b8d5.txt,66,a62eacf57336dead3a483d34439bf74d45327ba045502caae3e1b4c3dcc71f7a
after,train,labels,dataset_clean/train/labels/498_png.rf.f35e1d699066d0e5453ad06d7d14b4f4.txt,66,a62eacf57336dead3a483d34439bf74d45327ba045502caae3e1b4c3dcc71f7a
after,train,labels,dataset_clean/train/labels/499_png.rf.143b336a5b87ca392f33937c0bc9e7d1.txt,57,27b9e7aea4af5a25cf36ff1b3cd5b568761195505b5b421cf177533f75196324
after,train,labels,dataset_clean/train/labels/499_png.rf.5b73ba644bcd0320c74ba335c9df079b.txt,58,95aff0eecbb7b9abe48ec163a9b9475e702619bdf3a654698786ad9bb18ff7a3
after,train,labels,dataset_clean/train/labels/499_png.rf.c1bc5a248a10caa7e947c21f6c5394ad.txt,58,95aff0eecbb7b9abe48ec163a9b9475e702619bdf3a654698786ad9bb18ff7a3
after,train,labels,dataset_clean/train/labels/49_png.rf.757296aa5aba254ddb876081a8611c2f.txt,67,3cdf794cbb247d819af097a9fdbed18f421532c9cf733dc54196aba27b422ee3
after,train,labels,dataset_clean/train/labels/49_png.rf.81f007453c358488b22a658607cc0ff9.txt,68,cd8ae770f45089e6cf63798e184ba17db848b768ed4fcfe2e094f3c9792ff2b7
after,train,labels,dataset_clean/train/labels/49_png.rf.ef078ce0457978e33c893bf61299fff0.txt,68,cd8ae770f45089e6cf63798e184ba17db848b768ed4fcfe2e094f3c9792ff2b7
after,train,labels,dataset_clean/train/labels/4_jpg.rf.02d02b3dd3f7b96a314db0a9bc18e9ff.txt,78,a58ff458aa5840aa9a630adafc25966a5bc0a76b0abe6cea93ea24852082e05b
after,train,labels,dataset_clean/train/labels/4_jpg.rf.3d5f6b07716a5ca9749c3b2a103f963f.txt,77,d226dbcb9201e2e66ae643e6605ac9bc85fdbe49926e645e8589f980c5bb9d47
after,train,labels,dataset_clean/train/labels/4_jpg.rf.d0a5a1ed852caff75ce99ef41595d0d3.txt,78,a58ff458aa5840aa9a630adafc25966a5bc0a76b0abe6cea93ea24852082e05b
after,train,labels,dataset_clean/train/labels/4_png.rf.2c9551df361e5fd8896a1dc47fc96917.txt,67,fbac600aa957c869adfc03e57d72a050c7ab9d1a2b9cf849597e83455ef1660a
after,train,labels,dataset_clean/train/labels/4_png.rf.61ff037e0acd9b42b67b6b23df56863a.txt,67,fbac600aa957c869adfc03e57d72a050c7ab9d1a2b9cf849597e83455ef1660a
after,train,labels,dataset_clean/train/labels/4_png.rf.8ba7c98d51cb44c4380ebe9f7f6b8f07.txt,66,7e3de289ac4092343e0c664a42674b1ead2c9915a287fd4ce3c232faef8b5894
after,train,labels,dataset_clean/train/labels/500_png.rf.16b25b9d4254ea707ccbb5c59224b841.txt,68,bc8264b31e241f85142875579650828257d130e7dd6ef63baa497e1ff56d2d61
after,train,labels,dataset_clean/train/labels/500_png.rf.2ffed0d0d9c247103e8a97d4a222c3d7.txt,68,bc8264b31e241f85142875579650828257d130e7dd6ef63baa497e1ff56d2d61
after,train,labels,dataset_clean/train/labels/500_png.rf.330b5dd3fc817c37929c4375cba21b40.txt,60,b1a0d26862f0de137aa376a78d6cbe9607fa9ca5a7ebd752e3e4fcb6e4d790a8
after,train,labels,dataset_clean/train/labels/501_png.rf.01b45894d2e4a0ce237b3e29a779c477.txt,56,7e1bec1b3150c327a1e7acb010d684204a9c2d3388c1bde01d9d4a4a87ec6b79
after,train,labels,dataset_clean/train/labels/501_png.rf.b1ba3ad3bbc49a84beefe2fa61508764.txt,56,7e1bec1b3150c327a1e7acb010d684204a9c2d3388c1bde01d9d4a4a87ec6b79
after,train,labels,dataset_clean/train/labels/501_png.rf.f91b879ebcb39b563f521f2174986e62.txt,56,7e1bec1b3150c327a1e7acb010d684204a9c2d3388c1bde01d9d4a4a87ec6b79
after,train,labels,dataset_clean/train/labels/503_png.rf.56116b5dad2d8eed53e4b1f7ec2c0fe4.txt,59,e8d81fa40e955e53e39a3be81c7719b67ce332d0989a0ee6b15c54c2f0a19b72
after,train,labels,dataset_clean/train/labels/503_png.rf.5bc6d8849b704760a2a3efc10f152f1c.txt,58,1a7fc4aef9370ae4e1a09099417b17395acfc5ec19901c2498289875b3daf36f
after,train,labels,dataset_clean/train/labels/503_png.rf.794db57c0cd8d8cba30dba0d8de042b3.txt,59,e8d81fa40e955e53e39a3be81c7719b67ce332d0989a0ee6b15c54c2f0a19b72
after,train,labels,dataset_clean/train/labels/504_png.rf.2b0629876e6d0c8cacf7c3ca2b356862.txt,67,fa238bd24d745e1860b27c3240314182e5a990431a4e12d7980bb4e636d5d7ef
after,train,labels,dataset_clean/train/labels/504_png.rf.ae651942cefe41ced97561bff4fe74b9.txt,60,71459382903d2199e98b41bf1b95f564ef3e3e5734fd9640c9192d586935b5ba
after,train,labels,dataset_clean/train/labels/504_png.rf.f11acfd2a1c1ef9d38ab247c7c1fa138.txt,60,71459382903d2199e98b41bf1b95f564ef3e3e5734fd9640c9192d586935b5ba
after,train,labels,dataset_clean/train/labels/505_png.rf.4f3f166f7a3bf3c0007f20bed3fcec0e.txt,60,b4016f6c0d1f1b7e99fe3207e12e41bee64453d96368dfdf832b35c27bdb1a35
after,train,labels,dataset_clean/train/labels/505_png.rf.b4169abb4f86cd8bc095c521dd0948b6.txt,69,c49286595b19a51d869031a19dd5ad5b772469e7090fa65d82e8fbf171143c70
after,train,labels,dataset_clean/train/labels/505_png.rf.d6d239e0b638dd4f847f1d445e601175.txt,69,c49286595b19a51d869031a19dd5ad5b772469e7090fa65d82e8fbf171143c70
after,train,labels,dataset_clean/train/labels/506_png.rf.49d80c6edcddae77f4b233626e4d1f4e.txt,51,e809d283d922e042cc3242f751be2230b8d6616b3df4f17c30ecf4864561c520
after,train,labels,dataset_clean/train/labels/506_png.rf.6b3db04f2ee699c5613a8fd16188d0e6.txt,58,72f43b395321199adb56fc9ebec97084b9a556ea21921c56724582202baa12bf
after,train,labels,dataset_clean/train/labels/506_png.rf.b75101d65ef838ae5aefea3e555a620d.txt,51,e809d283d922e042cc3242f751be2230b8d6616b3df4f17c30ecf4864561c520
after,train,labels,dataset_clean/train/labels/507_png.rf.44ab61601a464cd9280ee880c123ae07.txt,66,246dd2541b1784f3bdce940c7cbb37eee71f5232f69926b670aa18e04127a62c
after,train,labels,dataset_clean/train/labels/507_png.rf.e8804317ff733a66531862968933a2c1.txt,57,03d77322bb8164c927f8b5103c6cb8fe0af1ec3930fc227c7f0f03028750027f
after,train,labels,dataset_clean/train/labels/507_png.rf.efe9a22b561890328a5a1475917e4ff3.txt,66,246dd2541b1784f3bdce940c7cbb37eee71f5232f69926b670aa18e04127a62c
after,train,labels,dataset_clean/train/labels/509_png.rf.2f9d8684d646821e4ea1cfc2a805888c.txt,54,a87689bad8164286eff637485e3a95a2c26cc2754b508125e230b859e63c0e9d
after,train,labels,dataset_clean/train/labels/509_png.rf.6a7e4fb91966409dd98842c324888be0.txt,59,0dd9797e0ebbc0021354d308c1fb39fb375258c7a24fa4a8b152d6bbaaa28c37
after,train,labels,dataset_clean/train/labels/509_png.rf.85a5d88c803361385103d08b80861c97.txt,54,a87689bad8164286eff637485e3a95a2c26cc2754b508125e230b859e63c0e9d
after,train,labels,dataset_clean/train/labels/50_png.rf.a14d54cb3e597057c421fffd672020dd.txt,64,4bdd77811472a33969e45a9247c2fb2fa853d501b4901aa4c047e48ef806a03b
after,train,labels,dataset_clean/train/labels/50_png.rf.c8b532153382e0ba77b2de19fdcd0100.txt,58,ccd5f6e9d83d5ac39681484de1e9f8fa39b035129714c3a4d1c7de94a2252929
after,train,labels,dataset_clean/train/labels/50_png.rf.f89e1acd8bd789a60e21e313a4367508.txt,58,ccd5f6e9d83d5ac39681484de1e9f8fa39b035129714c3a4d1c7de94a2252929
after,train,labels,dataset_clean/train/labels/510_png.rf.1cd51f3d5f3a2f9ea5fc939ba01a2e30.txt,67,4fbbd5e13ebdc4bf2926fbf6f535b4f9d05c162b42ca978dfd131514aa52fa2e
after,train,labels,dataset_clean/train/labels/510_png.rf.c29f3cafa9eeb8d618b1eed34460629a.txt,67,4fbbd5e13ebdc4bf2926fbf6f535b4f9d05c162b42ca978dfd131514aa52fa2e
after,train,labels,dataset_clean/train/labels/510_png.rf.fd278e29cff441348f64396d122610fc.txt,66,c29fb389db7bdcee872f1217631015dd2c8c5715582b117f9be32d666285a4c1
after,train,labels,dataset_clean/train/labels/512_png.rf.4678ae26ed82a290b233a09f4f56a527.txt,66,ed5d23f86f8ba6ab3939bcd0688ddc2b6fc4d180a7851aab1430f17d583f6bd1
after,train,labels,dataset_clean/train/labels/512_png.rf.a0d0afbf4907c453bee95b4301d6e864.txt,66,9ac82491feb5763ecc2bc6f2c9b0e1bc8a161be5419786640b7779015b320583
after,train,labels,dataset_clean/train/labels/512_png.rf.e9e41911d8b73dfe96a1fd2939e9c37d.txt,66,ed5d23f86f8ba6ab3939bcd0688ddc2b6fc4d180a7851aab1430f17d583f6bd1
after,train,labels,dataset_clean/train/labels/513_png.rf.02e4e65ebd7d4b73dbb174d0dfa02fcd.txt,65,21ab7353b5d665ff444b349b44cdb7307f04ea55e0d13b13cfcadc7bdb5a7c9a
after,train,labels,dataset_clean/train/labels/513_png.rf.05cf151b5c59d0c6fb9cebd2634054e4.txt,58,022c142c9bf7126ee1ce7bb322d115700d073788d754451e74919548da0a1609
after,train,labels,dataset_clean/train/labels/513_png.rf.541f75f3dac704b9ad8edf7141dd52e6.txt,58,022c142c9bf7126ee1ce7bb322d115700d073788d754451e74919548da0a1609
after,train,labels,dataset_clean/train/labels/514_png.rf.1fc9e01b50b9bff8194fe104f10cfd7b.txt,59,671ecafe93146a85f87a879d12ab6aafeab129995690ee052cb4433755e21009
after,train,labels,dataset_clean/train/labels/514_png.rf.c5d9ac0252a0cf2633a2c761b9a80fcb.txt,53,21c28c9f30c890f4373c7cf3b68fdcc37d6cd8d262f997ab772df60c1bb84829
after,train,labels,dataset_clean/train/labels/514_png.rf.ef6480a50722aaf5200aaae3ce91d960.txt,53,21c28c9f30c890f4373c7cf3b68fdcc37d6cd8d262f997ab772df60c1bb84829
after,train,labels,dataset_clean/train/labels/515_png.rf.921e357a3433702901494ca728ce3fcf.txt,62,58038e2061a14066177c49438d48ed643a375ff842ca618e0e34560a33c5e6bb
after,train,labels,dataset_clean/train/labels/515_png.rf.cea2a3962413dd7e4a626479c52191dc.txt,67,1791ea06f5334c0a11b95a08de0777836ca73eb05d895fcb723e073f1a1e4f0c
after,train,labels,dataset_clean/train/labels/515_png.rf.e8848c2f3805da4d3e676157c37e14fd.txt,62,58038e2061a14066177c49438d48ed643a375ff842ca618e0e34560a33c5e6bb
after,train,labels,dataset_clean/train/labels/516_png.rf.0577f274348f9d42838b6dcf87da6f92.txt,51,ac6998ebebaa9c6599d943ee7b5d538354c70ae04f03633c52ba90e7d6e24476
after,train,labels,dataset_clean/train/labels/516_png.rf.7a58d64d3e588a4d9f206a0253a5e535.txt,50,1237e6ef4e5d6727dfe8a0a858eeef83282257b595e4a367f70c7f8271b1951e
after,train,labels,dataset_clean/train/labels/516_png.rf.aabae77217acc82d68261bb78d2f8f1c.txt,51,ac6998ebebaa9c6599d943ee7b5d538354c70ae04f03633c52ba90e7d6e24476
after,train,labels,dataset_clean/train/labels/518_png.rf.275504ed1113ee7e7d087524f458aa34.txt,58,f9cf3b5868afcd68d391eff9e5465d9e1bc30b62fea3dc1b2c6666e3e55bea6f
after,train,labels,dataset_clean/train/labels/518_png.rf.bad5aa61a27ea9b0b23722f302d17c85.txt,50,c57eeefca7816c4a080f4e67381d52e9efd0646e347771b1551c09556b0834ef
after,train,labels,dataset_clean/train/labels/518_png.rf.e54d570cb27de672db040f005f92457b.txt,58,f9cf3b5868afcd68d391eff9e5465d9e1bc30b62fea3dc1b2c6666e3e55bea6f
after,train,labels,dataset_clean/train/labels/519_png.rf.22c3273fb4a170924c0f3011ded6cbfd.txt,47,b8d23bf0d63ad6cbdff54f5aea70c9fde2adaa41ebf0efa05bcca5ac89476f0a
after,train,labels,dataset_clean/train/labels/519_png.rf.63598501018615505e7e8fd660b2e46c.txt,54,f249e23213274953678e1fcf3f54bbd18bf8d994369f16c7e4ca52421b503854
after,train,labels,dataset_clean/train/labels/519_png.rf.7a763156eda2cb5845abe4f5c0758e5d.txt,47,b8d23bf0d63ad6cbdff54f5aea70c9fde2adaa41ebf0efa05bcca5ac89476f0a
after,train,labels,dataset_clean/train/labels/51_png.rf.186b2e5173841720b888af848dd8e418.txt,62,fae0ef4327941168937874eb8141afdd27e80d1b4e9a8eadb6af6ff9105dc4b6
after,train,labels,dataset_clean/train/labels/51_png.rf.26ad49a2deeac4bb4df10c3289d23c36.txt,62,fae0ef4327941168937874eb8141afdd27e80d1b4e9a8eadb6af6ff9105dc4b6
after,train,labels,dataset_clean/train/labels/51_png.rf.d23fd68f5654ca9739fc19d4c31f73b8.txt,62,fae0ef4327941168937874eb8141afdd27e80d1b4e9a8eadb6af6ff9105dc4b6
after,train,labels,dataset_clean/train/labels/521_png.rf.0ded4f84c9c4f084b034ac30e585b255.txt,66,f60a49c5abd09d544a27ff624d7e91bb3027c181e4b1d57326091db111e27b7e
after,train,labels,dataset_clean/train/labels/521_png.rf.579f5dcb0b05300702b92fde375854be.txt,66,f60a49c5abd09d544a27ff624d7e91bb3027c181e4b1d57326091db111e27b7e
after,train,labels,dataset_clean/train/labels/521_png.rf.5857b1a499204763d3d90b355058ef37.txt,66,f60a49c5abd09d544a27ff624d7e91bb3027c181e4b1d57326091db111e27b7e
after,train,labels,dataset_clean/train/labels/523_png.rf.4912987eb8aff3c1292035602e439e46.txt,65,ad04358e48a9c487af9346058682edaccd7e48bca3155d20cbeb454ff6297a2f
after,train,labels,dataset_clean/train/labels/523_png.rf.590fd9f3928ddfb5c8c55ae0a4fba74c.txt,65,ad04358e48a9c487af9346058682edaccd7e48bca3155d20cbeb454ff6297a2f
after,train,labels,dataset_clean/train/labels/523_png.rf.73e312833368400f128905ce6e3a8e17.txt,64,fee268ceff37216aeae0804e534b153a48c224f64e78a8e16c233f9fed5ef4b6
after,train,labels,dataset_clean/train/labels/524_png.rf.3b4d766317bbae397a09c0a2c4a7f262.txt,65,dbb82483ee1902de11866bac44bb194cb3913558040a79f6c0310dc6dc1add21
after,train,labels,dataset_clean/train/labels/524_png.rf.9695652ec35e3abd86b74f00c4b53f3e.txt,67,d29de3dbc74d286209d45a1bfb15fb263a6630e6696657488c4e6633301ed120
after,train,labels,dataset_clean/train/labels/524_png.rf.cf33d8d04410c449b21e04fd269debcf.txt,67,d29de3dbc74d286209d45a1bfb15fb263a6630e6696657488c4e6633301ed120
after,train,labels,dataset_clean/train/labels/525_png.rf.51b12be154ff42887e4e99a4f3ed8986.txt,65,ab9621d95c0d57257dd7c06d2d890475a4505a318f23e2dc0f50d58afac1c948
after,train,labels,dataset_clean/train/labels/525_png.rf.526d1e136ac1b673c6b03c0f142be840.txt,65,6989b3b70f4343acade0e7d0f134dccf93f687cb0c9249a5a6556086ce687af7
after,train,labels,dataset_clean/train/labels/525_png.rf.e187f593a2239e35f95b16a7cc5404e1.txt,65,6989b3b70f4343acade0e7d0f134dccf93f687cb0c9249a5a6556086ce687af7
after,train,labels,dataset_clean/train/labels/526_png.rf.6252d904355a00fef32f3a6ff02bfa35.txt,67,943712d7ee393583923a674e0fdd11a98dc05f7bd6f8675da2bd54d6e5876823
after,train,labels,dataset_clean/train/labels/526_png.rf.6e0ab34246d8bf5e5619c69c34290ac8.txt,67,943712d7ee393583923a674e0fdd11a98dc05f7bd6f8675da2bd54d6e5876823
after,train,labels,dataset_clean/train/labels/526_png.rf.7f5df25c15e84a0144398fa1ab713d99.txt,67,f974288b723a70774a70ff87d43b9836f2152aa3172c4026091eb48c2997e655
after,train,labels,dataset_clean/train/labels/528_png.rf.032e174c8ee3c893da6ee60102a2823b.txt,66,185e022bad7246465af382997c934d2b2d3728d927fc774d566ec67ae05fbb80
after,train,labels,dataset_clean/train/labels/528_png.rf.6437d4a1289068c0abe19208791aa8de.txt,67,9ebc468a9a665bdd542aec481737ffe75a768d08a8149fa73e64c1da68cd1f69
after,train,labels,dataset_clean/train/labels/528_png.rf.98eca6a87c0dcfabcac8c859824674fc.txt,66,185e022bad7246465af382997c934d2b2d3728d927fc774d566ec67ae05fbb80
after,train,labels,dataset_clean/train/labels/52_png.rf.4ec57cf0fab57c555db897192d0f6398.txt,66,3e7c09ece079c3327f2d23abb3f4ab7eccd13bdc30d082bc696ef47b16d40960
after,train,labels,dataset_clean/train/labels/52_png.rf.517c29415ca5794c62a09fdc1f7ef6ff.txt,66,3e7c09ece079c3327f2d23abb3f4ab7eccd13bdc30d082bc696ef47b16d40960
after,train,labels,dataset_clean/train/labels/52_png.rf.e7cef53e4f241f9b925610900907eaf1.txt,66,3e7c09ece079c3327f2d23abb3f4ab7eccd13bdc30d082bc696ef47b16d40960
after,train,labels,dataset_clean/train/labels/532_png.rf.0eecfc828c89832f962b4ca36d212af5.txt,62,3381671714c5d2680f73419afcb93484b223b39dc5714c10c48088a55e9c80d0
after,train,labels,dataset_clean/train/labels/532_png.rf.9837ac4c79a82e062585a08849935314.txt,53,62df0a1161f514b50439656c025c6e9dc71b0be7fd5220e761d746a3523c224a
after,train,labels,dataset_clean/train/labels/532_png.rf.e5abaab1027a093230a49bd3c5f07ed3.txt,62,3381671714c5d2680f73419afcb93484b223b39dc5714c10c48088a55e9c80d0
after,train,labels,dataset_clean/train/labels/533_png.rf.2c05a69b81db22ef2f15205b2720d4e1.txt,49,d1aac6b3afa12ab44a8ccffae04cde491733db512ffc07059335fcdd289f318c
after,train,labels,dataset_clean/train/labels/533_png.rf.717e7dc098d187027409f9c63baab7fd.txt,49,d1aac6b3afa12ab44a8ccffae04cde491733db512ffc07059335fcdd289f318c
after,train,labels,dataset_clean/train/labels/533_png.rf.7a745070e79a84af04acc51455d989c9.txt,49,d1aac6b3afa12ab44a8ccffae04cde491733db512ffc07059335fcdd289f318c
after,train,labels,dataset_clean/train/labels/534_png.rf.055847270185dfc6afc8ca91a2bf8dd7.txt,54,274da8459c2549f82eafa976addcea918a58066d13659e90434c6c8545fa004d
after,train,labels,dataset_clean/train/labels/534_png.rf.46c6fe9ae2d36c67037054d0316d3cea.txt,54,274da8459c2549f82eafa976addcea918a58066d13659e90434c6c8545fa004d
after,train,labels,dataset_clean/train/labels/535_png.rf.59b14300a8a84424b937c90701afaaa9.txt,64,72b3569aa8b8ebd2b842b2ab84da103a61df540ffad61447b0ca722eb88710fd
after,train,labels,dataset_clean/train/labels/535_png.rf.f6d938474f735e0cfb4acaf09bed29c0.txt,64,72b3569aa8b8ebd2b842b2ab84da103a61df540ffad61447b0ca722eb88710fd
after,train,labels,dataset_clean/train/labels/535_png.rf.f9c99314e0fc3eabbfe2e870c62880bc.txt,64,72b3569aa8b8ebd2b842b2ab84da103a61df540ffad61447b0ca722eb88710fd
after,train,labels,dataset_clean/train/labels/536_png.rf.46323f634e1accddd74aeeeec6073f42.txt,52,e526ffd55590615449258b3fca258ea224cad357a83f20b712b5d8dce5d42891
after,train,labels,dataset_clean/train/labels/536_png.rf.686f8f11ae8258f19481529351859d6c.txt,52,e526ffd55590615449258b3fca258ea224cad357a83f20b712b5d8dce5d42891
after,train,labels,dataset_clean/train/labels/536_png.rf.f5c923ab86d9fc60b457c66ba1f4f646.txt,52,e526ffd55590615449258b3fca258ea224cad357a83f20b712b5d8dce5d42891
after,train,labels,dataset_clean/train/labels/537_png.rf.18d4cddfc376c97088b034419d49f3e3.txt,69,b7aae3d2caf3d2acebe86d480fc55d3aaefbf2cd8c6f58c133db8f9fcfc62bca
after,train,labels,dataset_clean/train/labels/537_png.rf.242f3084604f9b9b506a362397b743aa.txt,69,b7aae3d2caf3d2acebe86d480fc55d3aaefbf2cd8c6f58c133db8f9fcfc62bca
after,train,labels,dataset_clean/train/labels/537_png.rf.b1431105711fdeace0f79a4a1aaf57fe.txt,68,30ea059accdcef51561ddfca805b85fe8ac0116005298671667e6639875a9d16
after,train,labels,dataset_clean/train/labels/538_png.rf.61b696bff510a79c26196ef176374874.txt,60,79ec5216eff98cca4830bb46db920d307acc405b76bfcd8babbef851276e0060
after,train,labels,dataset_clean/train/labels/538_png.rf.c0e0f94efc37c87c3e22dbe6d653ea3d.txt,66,ed185b4b195792a8bc250c6cd1770eb82810d1c5e98ff20fc17df119bbe741c6
after,train,labels,dataset_clean/train/labels/538_png.rf.fecd446dfd50880297627701fcd5bdb4.txt,60,79ec5216eff98cca4830bb46db920d307acc405b76bfcd8babbef851276e0060
after,train,labels,dataset_clean/train/labels/539_png.rf.76310d46bd1d1a5abc103e5dce2935d3.txt,58,55c71865e36be78f7f6a4805d30d036fbbb7fb4ee9f50965c12fc8cabf0ab3dd
after,train,labels,dataset_clean/train/labels/539_png.rf.cdbd1b7a4c3dfe2c9b7aa1f7f456d43b.txt,58,55c71865e36be78f7f6a4805d30d036fbbb7fb4ee9f50965c12fc8cabf0ab3dd
after,train,labels,dataset_clean/train/labels/539_png.rf.fe95a9c66082bbea9255c21e8d78bc64.txt,57,0778dfeb3bdff85d866fa465a3db5296beeffb0b3022e3ca612bda7b0070c15e
after,train,labels,dataset_clean/train/labels/53_png.rf.01c12a86ee47b52fc07da94b00c99383.txt,68,e4ef25a60dbef3f0d1fd729f260ae05f70ef474205413473c16424966bf2cf9f
after,train,labels,dataset_clean/train/labels/53_png.rf.431385b90b2a11aac74d093908d0f8b4.txt,68,e4ef25a60dbef3f0d1fd729f260ae05f70ef474205413473c16424966bf2cf9f
after,train,labels,dataset_clean/train/labels/53_png.rf.7265283009d97a24570ad309f9d3a864.txt,66,2b4ec3d4368ab939bf2fdde6684524e7e1ee8db263e169a0cbc429217cfb7a4c
after,train,labels,dataset_clean/train/labels/540_png.rf.31406281131d5b9a39e01171d00fbafe.txt,64,365a1ded8833658635ff31c63a22ee7977b7562668a5a6bee3b605070c89dd70
after,train,labels,dataset_clean/train/labels/540_png.rf.6729a49700b87752f66f2c0ba6b48bc8.txt,56,7d0785c7fa376269aa763bf41f33f082e79c2fc5347af3cc496eff4aaf965cc3
after,train,labels,dataset_clean/train/labels/540_png.rf.ca7855f8f8e12829b26daca77f1f37ce.txt,64,365a1ded8833658635ff31c63a22ee7977b7562668a5a6bee3b605070c89dd70
after,train,labels,dataset_clean/train/labels/542_png.rf.1e307663d98a27cc4ab2f8d011355b0e.txt,66,ed6e5b70d7824bcf570906ec059375932061541b7504193bb0e9b83506c9c972
after,train,labels,dataset_clean/train/labels/542_png.rf.48736f4dcf6f7916b7308d8388e37492.txt,58,5f36319141098cbe433cc66965b6de304cb26a0946e4061356c3ab40638ca86e
after,train,labels,dataset_clean/train/labels/542_png.rf.f930b5996eb9c3f5c2b65f711835ef89.txt,66,ed6e5b70d7824bcf570906ec059375932061541b7504193bb0e9b83506c9c972
after,train,labels,dataset_clean/train/labels/543_png.rf.5b36a417f1e20c9c334693df6fa943ce.txt,57,9361ec83dc0afa668dbc593ab79ae2e3c779f7784c4ab25a49cef300dd79814e
after,train,labels,dataset_clean/train/labels/543_png.rf.68dd74b68b03db3ca0dd0d52da5344a4.txt,57,9361ec83dc0afa668dbc593ab79ae2e3c779f7784c4ab25a49cef300dd79814e
after,train,labels,dataset_clean/train/labels/543_png.rf.d380691d2c857d0b347dd7ac2813c840.txt,56,5482bdff1acd81b9ac2a664bca828c0c234f0410e746e4b722ebedbb28932fde
after,train,labels,dataset_clean/train/labels/544_png.rf.64d076c1a6eaba641a58ef46c4aec3a4.txt,60,915da767d0e234c94caaaac8552ab8a0341d17be94ca1147c3631889a8140f8a
after,train,labels,dataset_clean/train/labels/544_png.rf.c605d5d1c4d86424660c92215dc98348.txt,60,915da767d0e234c94caaaac8552ab8a0341d17be94ca1147c3631889a8140f8a
after,train,labels,dataset_clean/train/labels/544_png.rf.d65d4768a71ffc76395abfa2c3f867f6.txt,60,915da767d0e234c94caaaac8552ab8a0341d17be94ca1147c3631889a8140f8a
after,train,labels,dataset_clean/train/labels/545_png.rf.0e5f9625cdd44e236be60ff76b6dadf7.txt,67,1a3d3b74eb5f09ebd8c9da6c0c15cf05b3a55e405f3c2dae3b452e75a1073700
after,train,labels,dataset_clean/train/labels/545_png.rf.7541384fa1b79fc5ae26452a5584cf63.txt,67,1a3d3b74eb5f09ebd8c9da6c0c15cf05b3a55e405f3c2dae3b452e75a1073700
after,train,labels,dataset_clean/train/labels/545_png.rf.a6417c56a08adc0b37ead9181be22cad.txt,66,a1280a0b707c24b6647f2dd76ceb743a8f18af185c9027085b1876e3ca64bd2f
after,train,labels,dataset_clean/train/labels/546_png.rf.10f3bb0bad2d8aa70ae0c8841985fa20.txt,66,e5ad877948ab9c98fe0b53c44c052a6efe6e6660af1c73eb91c415dd2686aced
after,train,labels,dataset_clean/train/labels/546_png.rf.117bb1fa9a569ea07e3b391224a4e584.txt,66,e5ad877948ab9c98fe0b53c44c052a6efe6e6660af1c73eb91c415dd2686aced
after,train,labels,dataset_clean/train/labels/546_png.rf.f8a837cf2ab5ff70436e0f475edae52e.txt,65,398328ea3e2d9398e2b0ec636b459f7dcaeb11945e87d0d87e134f2f887e5e81
after,train,labels,dataset_clean/train/labels/547_png.rf.25b075826aedbaeca34b112035f2d9ed.txt,68,741ca34efeb3f146a230a1e80768debb023d5ccbb1a2c809a80daa00f165f30e
after,train,labels,dataset_clean/train/labels/547_png.rf.8a4c0655d489678878e1d33e57a30760.txt,69,26b2249eb0165593510266ebf3ea11e253278a0ae3044aaac0fe1116f1abc200
after,train,labels,dataset_clean/train/labels/547_png.rf.e3e79b7510f63fea1b6447cc91480e6d.txt,69,26b2249eb0165593510266ebf3ea11e253278a0ae3044aaac0fe1116f1abc200
after,train,labels,dataset_clean/train/labels/56_png.rf.8d0aae7a07d213e6a6d7e6346304a2ee.txt,56,bbbc3ef923718573394e2d3f32489b2f4326ac74139cdec6420c3ef8d718f452
after,train,labels,dataset_clean/train/labels/56_png.rf.d8cc94cb48e75b948e9641f3822f674f.txt,57,49b9e82fc0f072254221d7d7cc254a4d7453499992bc51ee164c23bb425a012f
after,train,labels,dataset_clean/train/labels/56_png.rf.db6d07cab75b3a4fa11f3ccae889a281.txt,57,49b9e82fc0f072254221d7d7cc254a4d7453499992bc51ee164c23bb425a012f
after,train,labels,dataset_clean/train/labels/57_png.rf.842bd07b6542a7d526a730f7e42f9c70.txt,48,8b5aad94e849b7c57fb2758a5587f424afc0bd5a4c761699197da8c4ecb9b38a
after,train,labels,dataset_clean/train/labels/57_png.rf.d3ec307c6e0b52b5b147c6cc23720a83.txt,48,8b5aad94e849b7c57fb2758a5587f424afc0bd5a4c761699197da8c4ecb9b38a
after,train,labels,dataset_clean/train/labels/57_png.rf.d83897c09e692cfca2b79f2aaf413556.txt,48,8b5aad94e849b7c57fb2758a5587f424afc0bd5a4c761699197da8c4ecb9b38a
after,train,labels,dataset_clean/train/labels/58_png.rf.125059d8fe0b62efbccea9039ca2abe3.txt,57,ed512f94858aca5973b224ba4d8015d09704f868b7d4eb12c8687136c8310b0f
after,train,labels,dataset_clean/train/labels/58_png.rf.3d7783605a503ff176ac0d2d97415010.txt,57,ed512f94858aca5973b224ba4d8015d09704f868b7d4eb12c8687136c8310b0f
after,train,labels,dataset_clean/train/labels/58_png.rf.462178e1fbc9b9f6ac41789ebe85cdc4.txt,57,ed512f94858aca5973b224ba4d8015d09704f868b7d4eb12c8687136c8310b0f
after,train,labels,dataset_clean/train/labels/59_png.rf.20af35424765a671c5d787c2bf7149dc.txt,60,aca0ae7f5fe55c99d109c6682ba19e1c1cec11b608d6dee27316033d2dd1f1a0
after,train,labels,dataset_clean/train/labels/59_png.rf.4f65d18f1a47c8af48136c2bc022921b.txt,60,aca0ae7f5fe55c99d109c6682ba19e1c1cec11b608d6dee27316033d2dd1f1a0
after,train,labels,dataset_clean/train/labels/59_png.rf.99d7d9f54b96de31841ff0f7060994bf.txt,59,1045e6cd45e60cdf10b0202a3e49e2dbab6b4555a2f9931ced5a91cc4e6d0dee
after,train,labels,dataset_clean/train/labels/5_png.rf.3fe56bcbedf89d2c22ac502aa0ba1aa8.txt,62,984f71aedbcc78cbbaf2b8560ee8af8057b1f4508162e781ff4f2b9b1a37da81
after,train,labels,dataset_clean/train/labels/5_png.rf.69ae0ba516f995549871d71a43283ea9.txt,61,64ba5feac72d14b87baf8b3d938e8ba4c79cdab46a7c32084f1ef8c52eacc7da
after,train,labels,dataset_clean/train/labels/5_png.rf.70e2211ff9b551e27fb3ed696b2acbdf.txt,62,984f71aedbcc78cbbaf2b8560ee8af8057b1f4508162e781ff4f2b9b1a37da81
after,train,labels,dataset_clean/train/labels/62_png.rf.570bb5c3ef33f7c914df3b0a3ef035ce.txt,49,32c13a1030242588ac0fcd175469eda49063b14f2b90789baff51a9234aab080
after,train,labels,dataset_clean/train/labels/62_png.rf.68c60c7d30ced974ff86c63be0cb8c8a.txt,49,32c13a1030242588ac0fcd175469eda49063b14f2b90789baff51a9234aab080
after,train,labels,dataset_clean/train/labels/62_png.rf.8171f4e142eb3a4df12cadd16d85a458.txt,49,32c13a1030242588ac0fcd175469eda49063b14f2b90789baff51a9234aab080
after,train,labels,dataset_clean/train/labels/63_png.rf.6771b5da2659205e8ae50150735fa8c1.txt,59,0020923e98cd71bb5d29273d45bbb3d6bc2395bb344478b6e61610e1288042f5
after,train,labels,dataset_clean/train/labels/63_png.rf.bba90cd3156cdb33f2fcb0473b052f4b.txt,59,0020923e98cd71bb5d29273d45bbb3d6bc2395bb344478b6e61610e1288042f5
after,train,labels,dataset_clean/train/labels/63_png.rf.f2aac371f741eaf894f0e11833c00de3.txt,58,52b00524ac8e7d3cb65d82dfc0fbef00aeaf5619e260f720af258fde0fc2cb34
after,train,labels,dataset_clean/train/labels/64_png.rf.065af1e47eb91c157d0adecf4aaecd83.txt,50,2c53592b77e5b7b6a6a28d0e6d36a88bf2e34ec5f69755e2b3740d64e52a03d7
after,train,labels,dataset_clean/train/labels/64_png.rf.ab8b3b8c2f650b0e545e9ed8cb95298b.txt,50,2c53592b77e5b7b6a6a28d0e6d36a88bf2e34ec5f69755e2b3740d64e52a03d7
after,train,labels,dataset_clean/train/labels/64_png.rf.cb637429ed95489d5455ed5cfab47362.txt,49,54dc55a2b1f5c373783467357d82c55886b4a95cda84c8425defc5384440c58a
after,train,labels,dataset_clean/train/labels/65_png.rf.44fc1b7c18d1836d97ce62e2878954f9.txt,61,c0c56f8920a65f58f550a7f86fa395c33c9701aca7c6d34bc7162b982ed7d590
after,train,labels,dataset_clean/train/labels/65_png.rf.d508182636dadeea6f2df88fbf0ce048.txt,61,c0c56f8920a65f58f550a7f86fa395c33c9701aca7c6d34bc7162b982ed7d590
after,train,labels,dataset_clean/train/labels/65_png.rf.e3a97870ce3528fb2044278bec004ef2.txt,60,f483320ae453c489797fbf305acfa41d9d73f3c1edf28b0126aa59f0adf0b882
after,train,labels,dataset_clean/train/labels/66_png.rf.61d716fa83676f0a673741fa3e8da315.txt,56,2bdc16845e7cfc41318e081f07ae9b80cd1ce23b4f11e94a7d0ef65cda563624
after,train,labels,dataset_clean/train/labels/66_png.rf.887071ac288974d452a76d32a46e8c5a.txt,56,2bdc16845e7cfc41318e081f07ae9b80cd1ce23b4f11e94a7d0ef65cda563624
after,train,labels,dataset_clean/train/labels/66_png.rf.e0baaafd1de1cf45427246d7db5c519e.txt,56,2bdc16845e7cfc41318e081f07ae9b80cd1ce23b4f11e94a7d0ef65cda563624
after,train,labels,dataset_clean/train/labels/67_png.rf.2bb1a0e4badd25562e9054c9de058726.txt,67,b50f17cc02bcb7853445c49c8cb70607247f264a2d93d1ab043072fd2b8d6ad4
after,train,labels,dataset_clean/train/labels/67_png.rf.58a338760d81489f7ec010b72793f7b8.txt,61,5aa8aeed7c3559b6d0089bfc6acf479607d0b62368257d9253f94428ab68dcb2
after,train,labels,dataset_clean/train/labels/67_png.rf.82c01f29ac6d0bd235f110e5d1f057f6.txt,61,5aa8aeed7c3559b6d0089bfc6acf479607d0b62368257d9253f94428ab68dcb2
after,train,labels,dataset_clean/train/labels/69_png.rf.51d85a5332c08be96b1092853c81f685.txt,68,c7dc29e9b76dd506d471bac80a7df92deeb3cbb3349c9ee6f8f49f4b9eb21b18
after,train,labels,dataset_clean/train/labels/69_png.rf.8923dd04a72c8b16da15d64c87489655.txt,69,9c0430592710c98fd510f82047b5e9a999cd3990daa80099b19b6ed92ad3d79d
after,train,labels,dataset_clean/train/labels/69_png.rf.c6fe34cef62c84405e7993c551789009.txt,69,9c0430592710c98fd510f82047b5e9a999cd3990daa80099b19b6ed92ad3d79d
after,train,labels,dataset_clean/train/labels/6_jpg.rf.2f70e77fbd0017e486fae73f938739c4.txt,78,241b271fbf9d5e83527d9eda171eec7311e44465f7eb69a5dd92e3996164b1ca
after,train,labels,dataset_clean/train/labels/6_jpg.rf.5a9b17ab460f498d92dd78a7456b3de8.txt,79,9b247a81f6c282198523f00246b18325e12f91b2cfa5ace29e3d56b8ac51361a
after,train,labels,dataset_clean/train/labels/6_jpg.rf.a3f78e54795d68cf45c987a6768b21e0.txt,78,241b271fbf9d5e83527d9eda171eec7311e44465f7eb69a5dd92e3996164b1ca
after,train,labels,dataset_clean/train/labels/6_png.rf.8099492210bf895f0a32aec5053c9d05.txt,65,2b4b342212bddf4f02de17ca5947386b6a97a95b7a0e4d724535be1ec025a7e5
after,train,labels,dataset_clean/train/labels/6_png.rf.93b01c80b2c081ed39cf7b254132a218.txt,65,2b4b342212bddf4f02de17ca5947386b6a97a95b7a0e4d724535be1ec025a7e5
after,train,labels,dataset_clean/train/labels/6_png.rf.e526cca23fb4e5fb7f8cc53de5024c3b.txt,65,30739d62c90744bbd8e7308fb7e038da71fbb62f1063315a17795d08a2d53c3d
after,train,labels,dataset_clean/train/labels/70_png.rf.1a776372a5bac55e793719a22fed5ccd.txt,66,c9ade5f66ee6f490f0812fc0e7a27dc729ade4aba4a4c0ab068525d01715990c
after,train,labels,dataset_clean/train/labels/70_png.rf.3a1010ea284f6ee4f744581111c353c6.txt,66,0d8551d2b903a677eb6426af9338df924520601d6e466d829182414edb87f5b8
after,train,labels,dataset_clean/train/labels/70_png.rf.872f6bb56566272ff0579ab122d7114f.txt,66,c9ade5f66ee6f490f0812fc0e7a27dc729ade4aba4a4c0ab068525d01715990c
after,train,labels,dataset_clean/train/labels/71_png.rf.7c69f1885d908c00b699c17acc6e3dbf.txt,59,49de936b169ca331d78e23102de4049ab0e818215bd2c921fc7c1d56b74e60d0
after,train,labels,dataset_clean/train/labels/71_png.rf.9e831468cb229faa2b82cd943b7d0768.txt,64,9d30f942e3ca0cf6dd2bca144e6c67d8ba7b328754720a97146e7a938c963a44
after,train,labels,dataset_clean/train/labels/71_png.rf.d8a6eb37c1d0e2f102c93ce1c344b430.txt,59,49de936b169ca331d78e23102de4049ab0e818215bd2c921fc7c1d56b74e60d0
after,train,labels,dataset_clean/train/labels/72_png.rf.567babb17cf7dd9429397e2cd9b19356.txt,58,3609ea828a1c91c035835de23c0c70672d577c4228b98a33d36886da731867f0
after,train,labels,dataset_clean/train/labels/72_png.rf.9a71da2311bbd9049fa1ee3bcde9b5d7.txt,58,3609ea828a1c91c035835de23c0c70672d577c4228b98a33d36886da731867f0
after,train,labels,dataset_clean/train/labels/72_png.rf.d4e234f2d016234c86a99ba669fee7c5.txt,58,752bf4faa7f2efde761b1701acd4f68bbbb00c0dff8e06e04c4262243ad32e13
after,train,labels,dataset_clean/train/labels/73_png.rf.0ab6042915922656c204d9f8366b7337.txt,58,11d591bd598b53e78f9893bf2bd319e89fe7ad151abbc6516569aa207ba1c933
after,train,labels,dataset_clean/train/labels/73_png.rf.8fbb37851c7c35f48223c71ec9c0e56b.txt,58,11d591bd598b53e78f9893bf2bd319e89fe7ad151abbc6516569aa207ba1c933
after,train,labels,dataset_clean/train/labels/73_png.rf.ca276eab08c64d328cf0846581bdc279.txt,57,a5b5c6cc6ced1821359246385ffbf1c026eb910a7e9edfaafa1c4da358d41809
after,train,labels,dataset_clean/train/labels/76_png.rf.6fa1bb88ff3e8ebaa2f6829bc4a42c43.txt,68,8bd64bc62be0763d2b274212176b9e746d1e7268c957fc56e1bbfdb2cfc4e9a8
after,train,labels,dataset_clean/train/labels/76_png.rf.78d97cafbf41a4e40e8b92009d9cec9c.txt,68,8bd64bc62be0763d2b274212176b9e746d1e7268c957fc56e1bbfdb2cfc4e9a8
after,train,labels,dataset_clean/train/labels/76_png.rf.976073e98f7c495cc29abed415184c4f.txt,67,3583937226462c245bd1d1f0b6cfdd1ddc2b1debab684a0a84b32074109b3fe2
after,train,labels,dataset_clean/train/labels/77_png.rf.4fa27fac08cdc88e6adae672873d7d74.txt,67,ae0e53325226954e75dff98cedc3a700b2d230af10113f081117d32ba4de26f2
after,train,labels,dataset_clean/train/labels/77_png.rf.57695959daa338ae74d6501b6e94b58b.txt,68,d7db01ad166364d9180bcf45d245a5e4b6666b8eef412375618c1eabaf95468c
after,train,labels,dataset_clean/train/labels/77_png.rf.6a39ad8bd94a18239fe597c4692dd821.txt,68,d7db01ad166364d9180bcf45d245a5e4b6666b8eef412375618c1eabaf95468c
after,train,labels,dataset_clean/train/labels/78_png.rf.4b88dbf0a7bab8474865115709062686.txt,67,9ccc178308b5bfe6297dbe611c94d6dcc31543ad2ab6bcd108701b46c808e274
after,train,labels,dataset_clean/train/labels/78_png.rf.8230efc373c3b526fc27788a8e03c1cd.txt,59,b62d25e6338634d10486b00c0590f92363d8d2a4fe994eb9d567fb2684f56805
after,train,labels,dataset_clean/train/labels/78_png.rf.d97b63c59f2c1b0943e5d2b887b2ce37.txt,67,9ccc178308b5bfe6297dbe611c94d6dcc31543ad2ab6bcd108701b46c808e274
after,train,labels,dataset_clean/train/labels/79_png.rf.493a54f4b6e11f27802e223071e984ee.txt,68,d820359a15eb69d87e7f2e23bce6cb96dd57aa209e10d340731ef843f9bd473d
after,train,labels,dataset_clean/train/labels/79_png.rf.80d99fd1b3cd6490022250ce3aa77bce.txt,68,d820359a15eb69d87e7f2e23bce6cb96dd57aa209e10d340731ef843f9bd473d
after,train,labels,dataset_clean/train/labels/79_png.rf.e43cdafc236509f5853807701418776c.txt,59,132bcf8a69b6266e220eaa867a6098fb793c3f0598d76d4fe1faa85155d0e06f
after,train,labels,dataset_clean/train/labels/7_jpg.rf.4e4bb7ca031c3cc13ec1406765f585f0.txt,77,21eeffcc2b0c47634c101ba9ccbc04bc65f65fbbc2b4e31821052650c9045e8f
after,train,labels,dataset_clean/train/labels/7_jpg.rf.72932d5b66f4acfd67b4be974fa2adbf.txt,70,215ebb333a6dc65cc21ff2758fa717564318ff6294bc33b4c405dd3bf3ae2159
after,train,labels,dataset_clean/train/labels/7_jpg.rf.7c79318b19a52297a541cbbc2ec25e0d.txt,77,21eeffcc2b0c47634c101ba9ccbc04bc65f65fbbc2b4e31821052650c9045e8f
after,train,labels,dataset_clean/train/labels/7_jpg.rf.a68e22df18eecda1cf1b0288e1045aed.txt,76,5184d20fea6bdbb63f6b39ade510d56b754f33ca00a2f566940770c3c93b422e
after,train,labels,dataset_clean/train/labels/7_png.rf.6bd4209b4fb0bae46f8bb5e6dc29818a.txt,65,13bf009f7ffd216e64b76f4ee05aa471ad6a654cf9e4b59da3d69d40eb867a5f
after,train,labels,dataset_clean/train/labels/7_png.rf.95827d1360de1021a2c61e5cec3857e6.txt,65,3f394387db3866ff216d50ee7d2ee7f9b543ac84d5e1b66d00d8e61b10c8765d
after,train,labels,dataset_clean/train/labels/7_png.rf.ef3efb2b7afa70f7a30b5f7b4cf9669b.txt,65,3f394387db3866ff216d50ee7d2ee7f9b543ac84d5e1b66d00d8e61b10c8765d
after,train,labels,dataset_clean/train/labels/80_png.rf.33eb36c621f3f672931290ea9c5f994a.txt,69,b5a5b39ffb336605a8aae75cfa0a4072419b95eaf8fa3e434b069d7ea019d58a
after,train,labels,dataset_clean/train/labels/80_png.rf.59cc207b7e14babb05d2275011306806.txt,69,b5a5b39ffb336605a8aae75cfa0a4072419b95eaf8fa3e434b069d7ea019d58a
after,train,labels,dataset_clean/train/labels/80_png.rf.8c2f70e586118eee127085e09adc0654.txt,68,4c070f42b7d05c1d385a5ff0e949913383ce7b9345eefaf011ca07a8efbff8dc
after,train,labels,dataset_clean/train/labels/81_png.rf.6142ad6f926dc13a20c8499d6a053bbe.txt,60,5dff0319920d627f81d21a94a78ee122139ae99687abcf3fbb6190419b4fbe81
after,train,labels,dataset_clean/train/labels/81_png.rf.810599577df4ca434855d71c47a84bbf.txt,69,504d3133fa4667ea83cacb8714c1a592713ec8d66ae7e0ad4764500c0e179413
after,train,labels,dataset_clean/train/labels/81_png.rf.b17df7850a4fc3ac8d54503c5e73ab86.txt,69,504d3133fa4667ea83cacb8714c1a592713ec8d66ae7e0ad4764500c0e179413
after,train,labels,dataset_clean/train/labels/82_png.rf.c3963d1c1911baaa158f23c64b54ce58.txt,51,5d1dc631ba0cd30a11d0702bb3d0a23479547d33f0a639d46bbeea07635c009a
after,train,labels,dataset_clean/train/labels/82_png.rf.eab485c0bc55529468518b36c3ab9824.txt,51,5d1dc631ba0cd30a11d0702bb3d0a23479547d33f0a639d46bbeea07635c009a
after,train,labels,dataset_clean/train/labels/82_png.rf.eacbdba29cc9435bf8b424d9322aa53e.txt,51,5d1dc631ba0cd30a11d0702bb3d0a23479547d33f0a639d46bbeea07635c009a
after,train,labels,dataset_clean/train/labels/83_png.rf.9eeb7087dc369463c7133ae02ee4a550.txt,57,ce3237a7b3c398ffe659bc64417e9bcd665673733b59a510e1cb3c130e0abbfc
after,train,labels,dataset_clean/train/labels/83_png.rf.a14357343d6f338422de89e7f6f5c9c1.txt,57,ce3237a7b3c398ffe659bc64417e9bcd665673733b59a510e1cb3c130e0abbfc
after,train,labels,dataset_clean/train/labels/83_png.rf.a280fcf0c677bf4ebe20ce639c7bfca4.txt,57,ce3237a7b3c398ffe659bc64417e9bcd665673733b59a510e1cb3c130e0abbfc
after,train,labels,dataset_clean/train/labels/84_png.rf.3b0ef1fd7c2d0e767e95c9bed80d51c6.txt,34,c1b1b5895b899dfef1617b89e8e5d996cd323624af23c1f97e32ec1e23911d63
after,train,labels,dataset_clean/train/labels/84_png.rf.4b53f3e793f39e812a6aea555a8e5fd1.txt,34,c1b1b5895b899dfef1617b89e8e5d996cd323624af23c1f97e32ec1e23911d63
after,train,labels,dataset_clean/train/labels/84_png.rf.525874404be65eedc3250740c0c78f10.txt,34,c1b1b5895b899dfef1617b89e8e5d996cd323624af23c1f97e32ec1e23911d63
after,train,labels,dataset_clean/train/labels/85_png.rf.1e91302a9ab128510797ecd558026879.txt,59,5d854dcfd5ca782b1d15c8a001477a13fc032017806c3a2be4b3ed6ad764bb6a
after,train,labels,dataset_clean/train/labels/85_png.rf.68817535f884070e31c6bec399249d30.txt,59,5c4c64b34b77abc940c25308f31cc91cc109997bdd654d04305c28af3ed018ae
after,train,labels,dataset_clean/train/labels/85_png.rf.8479c7a5bb02ba17e7c377f3aa407da4.txt,59,5d854dcfd5ca782b1d15c8a001477a13fc032017806c3a2be4b3ed6ad764bb6a
after,train,labels,dataset_clean/train/labels/86_png.rf.148f5a3231345d7189b7690276aebd5c.txt,63,59d807dc348e680af5e0a18e7844df2733319d4c80be167ae259dac1fdd2e43d
after,train,labels,dataset_clean/train/labels/86_png.rf.38d57ca1de279a337c9a04454a45f7d5.txt,63,59d807dc348e680af5e0a18e7844df2733319d4c80be167ae259dac1fdd2e43d
after,train,labels,dataset_clean/train/labels/86_png.rf.7790fa56ded66bbb893f2e3581eea45b.txt,63,59d807dc348e680af5e0a18e7844df2733319d4c80be167ae259dac1fdd2e43d
after,train,labels,dataset_clean/train/labels/87_png.rf.bd01bd0e73990b7e5a1c79823eb87765.txt,59,6edcaad1c9dbd38ef2f58dfd74e9c7608b813e8ba0544669640913d2447589ba
after,train,labels,dataset_clean/train/labels/87_png.rf.cc4e6ced8dd80d4c9b2bdb7bfa73f940.txt,58,ac7f0ae9c4211275305feb5813a18d2ff7453a672ccf9e7efa94ae3946ab7353
after,train,labels,dataset_clean/train/labels/87_png.rf.d71101943dc71b5113df4a5aebbcb240.txt,59,6edcaad1c9dbd38ef2f58dfd74e9c7608b813e8ba0544669640913d2447589ba
after,train,labels,dataset_clean/train/labels/88_png.rf.7c8a24d27a05224f4e354ae9c2c4059f.txt,67,613857dba101d2b4e6223be56f429148f2470cc68c01c05be391688a17a3ced6
after,train,labels,dataset_clean/train/labels/88_png.rf.98b04ea82bf79a042338f46c7c6ad915.txt,67,af3875613fbda4aae5c638df9cabdb8fdd4815d48fe92279c84166704feef375
after,train,labels,dataset_clean/train/labels/88_png.rf.9ed6903489d4272c8a076856db10733d.txt,67,af3875613fbda4aae5c638df9cabdb8fdd4815d48fe92279c84166704feef375
after,train,labels,dataset_clean/train/labels/89_png.rf.4b546a7dee979ec0fde4e926a99aa054.txt,66,85cb55ecc9885f538fc1ecc8ca5782843b348ac6d00c010fa75532427ab90295
after,train,labels,dataset_clean/train/labels/89_png.rf.9d6243a0cb0d0a2a0974e0c5e07ab52b.txt,60,ee969ffcac1bd46580667df545cda96ee4a5f0eb78e514f18b6a9f8da616ee15
after,train,labels,dataset_clean/train/labels/89_png.rf.d594c6cf3caf3dfadbed55237ba72977.txt,60,ee969ffcac1bd46580667df545cda96ee4a5f0eb78e514f18b6a9f8da616ee15
after,train,labels,dataset_clean/train/labels/8_jpg.rf.07941892e64f83cb8242a27bf7fe16f0.txt,78,8f2b4f2979a771acc2f61585dac867552ec4dbc0d16c02557ba5af5e96e5be22
after,train,labels,dataset_clean/train/labels/8_jpg.rf.103262c71bec804fe162150c80dabfac.txt,77,5626818dcaee24c1777075a6352ee15b0c8a41709aefc307b8ae508878761258
after,train,labels,dataset_clean/train/labels/8_jpg.rf.44fb45ca2c49b635d8d01a19d253284f.txt,77,a17aa36d26c851a4dfbc252f7bc49039532ad227a5ae8e0d6e52cb0545151bad
after,train,labels,dataset_clean/train/labels/8_jpg.rf.8bb8337004b12894d0e392e4060c20ad.txt,77,5626818dcaee24c1777075a6352ee15b0c8a41709aefc307b8ae508878761258
after,train,labels,dataset_clean/train/labels/8_png.rf.0d55bb927b936a3a582f7a3303b882ca.txt,68,95c9f34a6777c23dd010c1de0428c5b56e5a96db8e700ab6a8241c37ccf5fbfc
after,train,labels,dataset_clean/train/labels/8_png.rf.31c378ccbab556c62e65f9e4b9cdccf0.txt,68,95c9f34a6777c23dd010c1de0428c5b56e5a96db8e700ab6a8241c37ccf5fbfc
after,train,labels,dataset_clean/train/labels/8_png.rf.6d596c1ce122a55a56c90a7475f38f65.txt,68,49d1790ca03513dcdc027de8d8c2f80bd053d739af64bd6341d5ef948048b206
after,train,labels,dataset_clean/train/labels/90_png.rf.405d0e613c5194e7555e5daee6774019.txt,62,0019c8add0ecd2803f4a41e609f0afe4a021e56951b4c43543ec372281f323c0
after,train,labels,dataset_clean/train/labels/90_png.rf.a841ccaec0a388d059a3c6aa80654200.txt,62,0019c8add0ecd2803f4a41e609f0afe4a021e56951b4c43543ec372281f323c0
after,train,labels,dataset_clean/train/labels/90_png.rf.c98f8254c7360b69ea96e65f0a3a3ab1.txt,62,0019c8add0ecd2803f4a41e609f0afe4a021e56951b4c43543ec372281f323c0
after,train,labels,dataset_clean/train/labels/91_png.rf.0b4526b265e2213a0dae10883ac16a9f.txt,52,b1611ff5d21f16a60366956ec08104fb026dcf5ceed469762d65deadb5bbf203
after,train,labels,dataset_clean/train/labels/91_png.rf.e73ec180869f63b580b220273cf22955.txt,52,b1611ff5d21f16a60366956ec08104fb026dcf5ceed469762d65deadb5bbf203
after,train,labels,dataset_clean/train/labels/91_png.rf.fe28299d384fa6761289b9eed2804ee4.txt,52,b1611ff5d21f16a60366956ec08104fb026dcf5ceed469762d65deadb5bbf203
after,train,labels,dataset_clean/train/labels/92_png.rf.121f7283e32b518caef13e171fc80f1c.txt,67,447ed5f9c41f01aaffb829aeae8c4db5fc398ef82c8051a08bdcea49a5267a35
after,train,labels,dataset_clean/train/labels/92_png.rf.7eea2afdc7a2c7fabe2f58872c0889dd.txt,67,447ed5f9c41f01aaffb829aeae8c4db5fc398ef82c8051a08bdcea49a5267a35
after,train,labels,dataset_clean/train/labels/92_png.rf.ef1175bcc174c31a163d2d68402f304e.txt,67,447ed5f9c41f01aaffb829aeae8c4db5fc398ef82c8051a08bdcea49a5267a35
after,train,labels,dataset_clean/train/labels/96_png.rf.dce8ec0188cf3882be26e3ac1ca781b4.txt,57,5f13477bebdc56de09190c03127c9c2763ca8cde80d49ee8aec4e741ba57d66f
after,train,labels,dataset_clean/train/labels/96_png.rf.e32d2a39365cc364ddbec832509e678a.txt,57,5f13477bebdc56de09190c03127c9c2763ca8cde80d49ee8aec4e741ba57d66f
after,train,labels,dataset_clean/train/labels/96_png.rf.fde9ebaec670722bf861b6d05826d08a.txt,57,2e4d429ffe30277eeab72b0cef37f323c150a10e456b85d8e15beff2984e2d03
after,train,labels,dataset_clean/train/labels/97_png.rf.0212ce74557899ba77ef1d7ad8ec9eb4.txt,67,8a2ca09ad1fb872f179636c6588bdc46ddaea25032b0cd4000e6bfcdb24a596c
after,train,labels,dataset_clean/train/labels/97_png.rf.96a96582846d2b8357e7141b5d0af953.txt,68,6cdb7d71ccecb820f38c9078cd1982f537370a2994e94c6cd7a614cf9765df32
after,train,labels,dataset_clean/train/labels/97_png.rf.e12c4ba7bd4840d2b8af30f97c4f5b90.txt,68,6cdb7d71ccecb820f38c9078cd1982f537370a2994e94c6cd7a614cf9765df32
after,train,labels,dataset_clean/train/labels/98_png.rf.1857c57f9b93a52734d44b8b90b8f139.txt,66,03a7755ff7444bdc09c3a9c48959174751732cc1f1dec2840bb7bbb2ecfaccd8
after,train,labels,dataset_clean/train/labels/98_png.rf.c59c589b432a3a7225893cc2e47ab7ae.txt,67,ebd87894382cfe3dfccaac220b422c986269aa961e88d590f32804a6dc73ecc4
after,train,labels,dataset_clean/train/labels/98_png.rf.e98e2f614d864e8527db3a92d9dd695e.txt,67,ebd87894382cfe3dfccaac220b422c986269aa961e88d590f32804a6dc73ecc4
after,train,labels,dataset_clean/train/labels/99_png.rf.34137a65d41c31450d8d59d0dc6d491e.txt,64,25769ab6f66cae9fcfe2b485955e213cbe8c52d18477d9305e11031cf2c3f242
after,train,labels,dataset_clean/train/labels/99_png.rf.406e54a9c2e2a8cf5189c2d0aaf43db7.txt,64,25769ab6f66cae9fcfe2b485955e213cbe8c52d18477d9305e11031cf2c3f242
after,train,labels,dataset_clean/train/labels/99_png.rf.dab43dd31123a4eefc29c218b30ec3ac.txt,64,25769ab6f66cae9fcfe2b485955e213cbe8c52d18477d9305e11031cf2c3f242
after,train,labels,dataset_clean/train/labels/9_jpg.rf.0424c76a10bd2e3854d0ad8ecd2beb87.txt,78,51b6604b6f930053253c9f44393008d5a6f12c2ca0dead0eeb3947c2f4d80800
after,train,labels,dataset_clean/train/labels/9_jpg.rf.2a5c98ab58b54e3d2de41b37304a7119.txt,78,9d07110c7dce14a4902723a188646c175e21d8f1856c1959e0ed28a99b7c2f26
after,train,labels,dataset_clean/train/labels/9_jpg.rf.4487dbee932b158694cd583a2fed2953.txt,78,51b6604b6f930053253c9f44393008d5a6f12c2ca0dead0eeb3947c2f4d80800
after,train,labels,dataset_clean/train/labels/9_jpg.rf.692aa1cbef8b6ada95ce9f0628b73383.txt,77,912e354af2ce03c3241b62db8a0247265f6b54cd4e997277311612d22dcc9a35
after,train,labels,dataset_clean/train/labels/9_jpg.rf.d6e0082936af5e619ab3fc2fa92dbfe8.txt,78,9d07110c7dce14a4902723a188646c175e21d8f1856c1959e0ed28a99b7c2f26
after,train,labels,dataset_clean/train/labels/9_jpg.rf.e14d437982a13b4d2486decfef16dc60.txt,65,f5dc4d96cb23e05d1ad10da2c40a03b904faedb7f4ec31b651baf9d12296540c
after,train,labels,dataset_clean/train/labels/9_png.rf.382da8cd1156c56c6dbabdd01c6e627e.txt,60,436f037e9028942421b33915005da14878d9e3816d421cd065ab353fd6022094
after,train,labels,dataset_clean/train/labels/9_png.rf.4c379d30aabd6d01079b86f94062dfb4.txt,59,45ac1262185f39f9a79a1ebdf60621e4c3a06cbaa4ddde1eebff3e7b27767915
after,train,labels,dataset_clean/train/labels/9_png.rf.7f65239523c8405d875ae8a631bf5058.txt,60,436f037e9028942421b33915005da14878d9e3816d421cd065ab353fd6022094
after,train,labels,dataset_clean/train/labels/T_10_20190607_075451_jpg.rf.2e7970c339cf3f3483c5685a9a1da6a9.txt,78,68332b39ad942b7fa7ae935b983dfdd7811338924aa0439979f03f3a46db1c57
after,train,labels,dataset_clean/train/labels/T_10_20190607_075451_jpg.rf.5af3314d9a59cfc46de03fd6716b1140.txt,78,927ce7ad903ceef23ceed8a8b9a27ed29a5bf3313d32f092e868821900a083b4
after,train,labels,dataset_clean/train/labels/T_10_20190607_075451_jpg.rf.62319846b0e61c7ca8e2697d1c81c193.txt,78,927ce7ad903ceef23ceed8a8b9a27ed29a5bf3313d32f092e868821900a083b4
after,train,labels,dataset_clean/train/labels/T_10_20190607_075451_jpg.rf.79e945013c2206ba77170d1821a42bb5.txt,80,c6da75cceaef499d3da110bc87e13c2cf5d5e361aac5ccb7eda0e0135df0cb69
after,train,labels,dataset_clean/train/labels/T_10_20190607_075451_jpg.rf.dc2214fe0fb4f708e8c3d7f6c7cd1b30.txt,78,68332b39ad942b7fa7ae935b983dfdd7811338924aa0439979f03f3a46db1c57
after,train,labels,dataset_clean/train/labels/T_10_20190607_075451_jpg.rf.f4c23ef5080090347ca9537fe5982196.txt,67,274f8b1df0bfc6ffcd71a24aa48e41f932e017b76fe0ab0de269452697f23a06
after,train,labels,dataset_clean/train/labels/T_12_20190607_080302_jpg.rf.57bc394a422d54454cec44f347192eed.txt,77,29193b1adcf20928bac344563b83f0cdad07cbd6095d60372625d9960b270bc6
after,train,labels,dataset_clean/train/labels/T_12_20190607_080302_jpg.rf.7d86e3e10672ac12f49b75696cf9d019.txt,78,ee022f1d267dc04b462c39ac0ec1f7d0383c1287d11fd2bdcd7c3ac54972f74e
after,train,labels,dataset_clean/train/labels/T_12_20190607_080302_jpg.rf.82bd62b841247f85b2130a88f8e7f1e6.txt,78,e78d95b2dd828abbdff39c3ef03ad67978104d58a49916cc581719106826d2c3
after,train,labels,dataset_clean/train/labels/T_12_20190607_080302_jpg.rf.a5a360794707ff6b94fd65775ac4c1a7.txt,77,29193b1adcf20928bac344563b83f0cdad07cbd6095d60372625d9960b270bc6
after,train,labels,dataset_clean/train/labels/T_13_20190607_081201_jpg.rf.170260fe5075d3d807f4e81134aceb34.txt,68,2ea99e2752ebf6083668919e41ee51742095e300acdc2ad1f76678e68af6f088
after,train,labels,dataset_clean/train/labels/T_13_20190607_081201_jpg.rf.590625bfe4bec369aac5bf20d15cd74a.txt,67,02b8b027cfe9ed93b21bfab77600f80fab6dd9985f2d90592d10b47528a9c759
after,train,labels,dataset_clean/train/labels/T_13_20190607_081201_jpg.rf.f1792093d0346d515fba63d1da0e28e5.txt,68,2ea99e2752ebf6083668919e41ee51742095e300acdc2ad1f76678e68af6f088
after,train,labels,dataset_clean/train/labels/T_14_20190607_083121_jpg.rf.153937f46fe199c7b05fd792fd201325.txt,69,0ffd554802d80912dcc0786e3d6d0494f3ba77148ac78f36cab0d3f04c008f53
after,train,labels,dataset_clean/train/labels/T_14_20190607_083121_jpg.rf.5d35ae4cfedc5231ad1ed0dc99c2bb4a.txt,77,ef9ff41e39335e47c985e59d386602f6aa421638b27d20989e1af487f38812f6
after,train,labels,dataset_clean/train/labels/T_14_20190607_083121_jpg.rf.69c8195a6c99c684fb8a2f593fbff3d3.txt,78,6bce468b1e35cb2a225a1f2364fe5527d5a64f8478fe76ec096ee306301f6267
after,train,labels,dataset_clean/train/labels/T_14_20190607_083121_jpg.rf.6c6f4db074a24ca46a41c0c15e920824.txt,69,4cf74ef04540cc13e34db71a4396c95123089ae9bce7d6dfd024269f591d83d3
after,train,labels,dataset_clean/train/labels/T_14_20190607_083121_jpg.rf.8064e28a513e5229ca6bfd129e9c3e3b.txt,78,6bce468b1e35cb2a225a1f2364fe5527d5a64f8478fe76ec096ee306301f6267
after,train,labels,dataset_clean/train/labels/T_14_20190607_083121_jpg.rf.82d2f31b8bd3c8550f0af1d4b60118c8.txt,77,ffda4db7125f5a932e0dfd7cbfca7b687b299b22802cb300648a4f464cd6f180
after,train,labels,dataset_clean/train/labels/T_14_20190607_083121_jpg.rf.8da6af5708bde23629b50567ec301a90.txt,77,ffda4db7125f5a932e0dfd7cbfca7b687b299b22802cb300648a4f464cd6f180
after,train,labels,dataset_clean/train/labels/T_17_20190608_080434_jpg.rf.737772fe36d9c15cf9c4707e99a0c086.txt,78,f06b92657dece4c1155ee0db4fec4b061f1b068e64a403948b5b9e40429a10e1
after,train,labels,dataset_clean/train/labels/T_17_20190608_080434_jpg.rf.75d490d3477937b62b5ad5de5e9dc1eb.txt,78,7e3f46fc092993754709fad2eee5a27c344bd60be5b948763a56d4faba2b7287
after,train,labels,dataset_clean/train/labels/T_17_20190608_080434_jpg.rf.be0535738f2cb09d74c07311252069d4.txt,78,f06b92657dece4c1155ee0db4fec4b061f1b068e64a403948b5b9e40429a10e1
after,train,labels,dataset_clean/train/labels/T_17_20190608_080434_jpg.rf.cf14119f00cbe4ea48c39269a93df382.txt,79,34f283eab54b8f373d34142b4291c93c32b931230aaab98c6a8e9c4dc6472b02
after,train,labels,dataset_clean/train/labels/T_17_20190608_080434_jpg.rf.e184995e1b92b0abd504b34fb289e23c.txt,78,0f379aa8d57b12acca1d6377a73abec3de59b25a8186d2c3e64c9115ee53d87b
after,train,labels,dataset_clean/train/labels/T_17_20190608_080434_jpg.rf.eee8ea7dc893e6ca9bf4348d81b7bcc5.txt,79,118210d09be0856ea4fbb87e85a007caecd9637b346bdad723889442a014655a
after,train,labels,dataset_clean/train/labels/T_17_20190608_080434_jpg.rf.ef14946b690b8e4bfb84256737d1335e.txt,78,0f379aa8d57b12acca1d6377a73abec3de59b25a8186d2c3e64c9115ee53d87b
after,train,labels,dataset_clean/train/labels/T_17_20190608_080434_jpg.rf.f4a5f6c7c7788a1aed5ba6bc5b92f379.txt,78,8298337028162e8a362e096404d30847a0f6a81d675b9cf4c5fd9cabddf62f11
after,train,labels,dataset_clean/train/labels/T_17_20190608_080434_jpg.rf.ff5061ce52e47cbe8db0de7173286af6.txt,79,118210d09be0856ea4fbb87e85a007caecd9637b346bdad723889442a014655a
after,train,labels,dataset_clean/train/labels/T_18_20190608_081326_jpg.rf.0350ce01248f3147562f68f94a36913b.txt,80,523de1b0555a6f4fad1909d5bf62b1fa63b9fc5cfb39be7d9332c894f459937c
after,train,labels,dataset_clean/train/labels/T_18_20190608_081326_jpg.rf.200b369a05f243a0b21d90edeed9aa03.txt,79,ec276011119eba07425c40d4767c59d6deeba17ab8ae36253e5e2e20f5a40f65
after,train,labels,dataset_clean/train/labels/T_18_20190608_081326_jpg.rf.731e5c5ffb96913f787c695470c27274.txt,80,360ed684ea20f6c0296894a1d607793d755d283ec49397bacf9292c9e09164cd
after,train,labels,dataset_clean/train/labels/T_18_20190608_081326_jpg.rf.b6e35752085a0c1999abf64eee395ac0.txt,80,360ed684ea20f6c0296894a1d607793d755d283ec49397bacf9292c9e09164cd
after,train,labels,dataset_clean/train/labels/T_18_20190608_081326_jpg.rf.e8ea3c04acca1e7e65512587d8f25c92.txt,68,2f916ae25ee1a5a059fa934d53de2562e757770f4f809b01bfef9cc16748021a
after,train,labels,dataset_clean/train/labels/T_20_20190608_082624_jpg.rf.1a67c86b6a5b67dba9703dc15cba9694.txt,78,a5855bce32faf1f993eede005eb41b80a00e8ddc3f5d3067640cb0cdb2b42ca7
after,train,labels,dataset_clean/train/labels/T_20_20190608_082624_jpg.rf.2b18177f45428a837c3349af903ec558.txt,77,436dee876f9919fcb48a2d726c48fe4b4aa211707958aec854dc453247bf61f4
after,train,labels,dataset_clean/train/labels/T_20_20190608_082624_jpg.rf.eaf3776cf29c6e9e90f36a9e7a9acd1c.txt,77,0cbbb36b19f73015c3441364a1d972bd9ae6fcb3cf2b09923a6f0f037f44cb59
after,train,labels,dataset_clean/train/labels/T_20_20190608_082624_jpg.rf.f54ed38be5bfb34d2683bc105f5b976b.txt,77,0cbbb36b19f73015c3441364a1d972bd9ae6fcb3cf2b09923a6f0f037f44cb59
after,train,labels,dataset_clean/train/labels/T_22_20190608_084856_jpg.rf.303726b7729895cb1f7c2c61e5b03fc4.txt,78,1da669f22b983078a893d977621daea078f4609baa1df3ca15d0b33add1f0891
after,train,labels,dataset_clean/train/labels/T_22_20190608_084856_jpg.rf.a5b01c09047d92362665d15747ec3ff6.txt,78,77b22d045acdfd68d122b1052e402154bfa8d0788647c69d40bf230d13091962
after,train,labels,dataset_clean/train/labels/T_22_20190608_084856_jpg.rf.cf0f5374ee8633b8caa5e162a68d0bcb.txt,79,793f53e3bf678f5fc80a22f995ef3064c58fce98c3f793714b53e6a4981dcf15
after,train,labels,dataset_clean/train/labels/T_22_20190608_084856_jpg.rf.d8b6334d124bf0a0a1fabe3146fbf0df.txt,78,77b22d045acdfd68d122b1052e402154bfa8d0788647c69d40bf230d13091962
after,train,labels,dataset_clean/train/labels/T_22_20190608_084856_jpg.rf.dad3b454cf441d13a1f9d181a3d1b3ec.txt,78,1da669f22b983078a893d977621daea078f4609baa1df3ca15d0b33add1f0891
after,train,labels,dataset_clean/train/labels/T_22_20190608_084856_jpg.rf.e8e873e60e057da94fc2de54e747ef8c.txt,69,187ce589a262d37608e9f8522fccdf3b59241d9fda5b94d73d7f1e298828a9fc
after,train,labels,dataset_clean/train/labels/T_23_20190608_090427_jpg.rf.10c81d88433efd4cbd40854d4b904b34.txt,76,c68c05a3eeb68add9226d7d4d87530d8417f0877c9c9b5e1189efa0fe7104af5
after,train,labels,dataset_clean/train/labels/T_23_20190608_090427_jpg.rf.12c904625881147a10385d6dba7d3fc6.txt,77,0dc5a2a452feeaac014f23027c7e57630c536c317eefe429ebe4dac431c8f8d9
after,train,labels,dataset_clean/train/labels/T_23_20190608_090427_jpg.rf.2d8ea519d861266414a41316160d66f1.txt,77,cd66b4928a223b227d8272f1ac26a40ca36b5ba3de50afb1b589dea1ae47daa0
after,train,labels,dataset_clean/train/labels/T_23_20190608_090427_jpg.rf.452ebbbae8b1b30883da132329fb9fcb.txt,78,f68b66360cbae4ff0274a89897d79b88d5b9f9fa35849017e94808cdbdb48e8d
after,train,labels,dataset_clean/train/labels/T_23_20190608_090427_jpg.rf.7e9729cefb9438b26d4e0af8154c1cac.txt,76,c68c05a3eeb68add9226d7d4d87530d8417f0877c9c9b5e1189efa0fe7104af5
after,train,labels,dataset_clean/train/labels/T_23_20190608_090427_jpg.rf.cbfedd93028c21f87488a31033a53edd.txt,77,cd66b4928a223b227d8272f1ac26a40ca36b5ba3de50afb1b589dea1ae47daa0
after,train,labels,dataset_clean/train/labels/T_24_20190608_091157_jpg.rf.34781eb1d5b37457f71370860a1e8ab5.txt,78,e19a3bec03af5d1bf122eb88a74e2fc432eaad0ea7c30a81874ed67a188d15fe
after,train,labels,dataset_clean/train/labels/T_24_20190608_091157_jpg.rf.3848a659c7abb9dbb1f28a6c35f72ba7.txt,77,cb6c35af90bcafd2372c84e16a2cb1b264a921e1cfc3730fdf30692edcf4f098
after,train,labels,dataset_clean/train/labels/T_24_20190608_091157_jpg.rf.3994ea0b16a96391b8db966d853b8121.txt,57,97a55465bd60c1abede4c0f87398c45cd7326f23198a0d0cb1405b14fcbfd1d2
after,train,labels,dataset_clean/train/labels/T_24_20190608_091157_jpg.rf.7d3d05ccfbcd75bc5f07b5cb7fa7163a.txt,77,cb6c35af90bcafd2372c84e16a2cb1b264a921e1cfc3730fdf30692edcf4f098
after,train,labels,dataset_clean/train/labels/T_24_20190608_091157_jpg.rf.8fe1ccad6224d03270a780707c5d671c.txt,78,e19a3bec03af5d1bf122eb88a74e2fc432eaad0ea7c30a81874ed67a188d15fe
after,train,labels,dataset_clean/train/labels/T_24_20190608_091157_jpg.rf.a1ed5d0d57736136eab19cf1a5efad41.txt,65,f02ce0ea2ad5c6b955a3dc81d7ccb6c4ac7f45d5de84c0e4ddced5ef570fc034
after,train,labels,dataset_clean/train/labels/T_24_20190608_091157_jpg.rf.a963912717b372ff61434f7025159d0f.txt,60,fba73ecd3b28aa2413c78acd108c6fc90d0edb0331b6e4bed1cdecb837f8ec2c
after,train,labels,dataset_clean/train/labels/T_24_20190608_091157_jpg.rf.bfa94e0b5d75210c2b73c3e89b9b7db1.txt,79,f96e3217861b8c5d61d17974cf51d6e153f846d5da93d2069e8bd4033d8b462a
after,train,labels,dataset_clean/train/labels/T_24_20190608_091157_jpg.rf.c050d32b964e59d6232e54bd5df46249.txt,57,97a55465bd60c1abede4c0f87398c45cd7326f23198a0d0cb1405b14fcbfd1d2
after,train,labels,dataset_clean/train/labels/T_25_20190608_092503_jpg.rf.23115f92d780a94a3116bd9d30c56e5d.txt,69,75ea0671f00569eb7426e8d928329615210c30e31c03f5f0e1efb82bc857af76
after,train,labels,dataset_clean/train/labels/T_25_20190608_092503_jpg.rf.28dad3429218da6d8237da0ea9669d0d.txt,69,aef31b8da3bfb9c5f7bc117a32d36c21d50982bc1aced4b9b0c6e364c5197fd5
after,train,labels,dataset_clean/train/labels/T_25_20190608_092503_jpg.rf.7dbbf3e2425e8ba2d72db7b3728d41aa.txt,79,c4abcd7b9aa95a162866ad8e43fbd321f3f094e67174ffc7fdfec2f9573e2deb
after,train,labels,dataset_clean/train/labels/T_25_20190608_092503_jpg.rf.cf7ba67a7293d37ec22fdecfd6807ff1.txt,77,e3b9ed65c565e2e09f4cedbf5283741c85f28852e7d1a17fcc7c2ccdd83cd1bd
after,train,labels,dataset_clean/train/labels/T_25_20190608_092503_jpg.rf.e64289ef2c96ddb00a3e7e5bbbd0ddd7.txt,69,aef31b8da3bfb9c5f7bc117a32d36c21d50982bc1aced4b9b0c6e364c5197fd5
after,train,labels,dataset_clean/train/labels/T_27_20190608_100451_jpg.rf.5db8b7e7c909e51706d542adc4353de3.txt,69,e6f5e53da7b4ce145b7d267d2076e9f267e2cf7c24ccc35db92a1d2e65e252d1
after,train,labels,dataset_clean/train/labels/T_27_20190608_100451_jpg.rf.872af632ba51d62a3ac459a7e2dabbbb.txt,78,f86f9ca5724637fb4c69557a287c5107d9d131cbdb88153a7cc5e0c99745d6a0
after,train,labels,dataset_clean/train/labels/T_27_20190608_100451_jpg.rf.8f88624df99a5367067270bbc824048c.txt,78,f86f9ca5724637fb4c69557a287c5107d9d131cbdb88153a7cc5e0c99745d6a0
after,train,labels,dataset_clean/train/labels/T_27_20190608_100451_jpg.rf.d7ec0094376e245135284de2bff0aa7c.txt,77,17c63619c7ae2c3b3342e1a9181efec8038f627cde34f2f67878158392071242
after,train,labels,dataset_clean/train/labels/T_27_20190608_100451_jpg.rf.ff0bc9492ee4f335a9da64ccd718da1b.txt,77,8dd26fce5427d4640b2fc37ca5097385966d7a13c3507e8fa978021f014f799f
after,train,labels,dataset_clean/train/labels/T_29_20190608_110432_jpg.rf.1cc4c46f90e105315c48edf44cd03be7.txt,68,55046c2edfdf958659bb481d37a256974e157599ae470cf57cc2dc4a0f205686
after,train,labels,dataset_clean/train/labels/T_29_20190608_110432_jpg.rf.1f1eeb64925113dd509f6d345fdffca4.txt,68,7168041cd304f0d1697533d49a38c67431f8dc04805096b7516749881c2c4621
after,train,labels,dataset_clean/train/labels/T_29_20190608_110432_jpg.rf.6340ca8e19020187bd0ad9337330f8b2.txt,68,55046c2edfdf958659bb481d37a256974e157599ae470cf57cc2dc4a0f205686
after,train,labels,dataset_clean/train/labels/T_29_20190608_110432_jpg.rf.ad0a45d95ddcd51877a4022990346abe.txt,67,8028303c8fae84f8cdc9a3470be1ce328a5f0f0cb104a4e7ab42831e4ad833c6
after,train,labels,dataset_clean/train/labels/T_2_20190606_093707_jpg.rf.335060cc24f79e931979482005f541a0.txt,77,f2f6d35e0e8be6deba880b203f0401806b0a961799d63c2e23a11b792703d731
after,train,labels,dataset_clean/train/labels/T_2_20190606_093707_jpg.rf.501c39d63a0847088d1b7e935fdea6df.txt,77,dddd3bc75e638081a7df35367fe829414f36ab888e3446046e4dfb5093e3b046
after,train,labels,dataset_clean/train/labels/T_2_20190606_093707_jpg.rf.93abcef1c99acffc90b383bcf800738d.txt,77,dddd3bc75e638081a7df35367fe829414f36ab888e3446046e4dfb5093e3b046
after,train,labels,dataset_clean/train/labels/T_30_20190608_113211_jpg.rf.1ffc3a42a626805e7f47f0737da2d777.txt,77,a45329135a0dcfb79dce427e1bce8ff9e98b606b3cb98a89a86e05fecdd4737c
after,train,labels,dataset_clean/train/labels/T_30_20190608_113211_jpg.rf.79b476364a4cab7c833afbed6cffe921.txt,69,f569b7a428c2b70f67a1413e343235cdc48780ada9b8b246056aeeb20e470e14
after,train,labels,dataset_clean/train/labels/T_30_20190608_113211_jpg.rf.9c81e298b67ce83d0d65bfe82e0f2e53.txt,78,7789c713f4063495eacf0fea03b10b6bde2f20a035c8be00b80cb8f75d0af5e0
after,train,labels,dataset_clean/train/labels/T_30_20190608_113211_jpg.rf.a24c4273712a291c6d71eab534c68907.txt,78,944137481fa683038e63b183051c3be6dc00aa4cb9d0ddab9eb1fbdf7e780fed
after,train,labels,dataset_clean/train/labels/T_30_20190608_113211_jpg.rf.a33cc6bdd64a8748da3e7aca7066929d.txt,77,a45329135a0dcfb79dce427e1bce8ff9e98b606b3cb98a89a86e05fecdd4737c
after,train,labels,dataset_clean/train/labels/T_30_20190608_113211_jpg.rf.c24df1b0cc8b80c529240cd0e819d83e.txt,78,c0946a083d299d8187e6fe6617696c6f16e0425c2f48724360d6c33728d9bffa
after,train,labels,dataset_clean/train/labels/T_30_20190608_113211_jpg.rf.e89b577fc2fa5ffc3039dd23046ce443.txt,69,f569b7a428c2b70f67a1413e343235cdc48780ada9b8b246056aeeb20e470e14
after,train,labels,dataset_clean/train/labels/T_31_20190608_113406_jpg.rf.13d36e88e5e5de31a86eef880cc1f681.txt,78,5181fb7e85f1ef7641f9fbec2492c478e828166f119f20be1601da700bc81839
after,train,labels,dataset_clean/train/labels/T_31_20190608_113406_jpg.rf.91344cc38b20004eb2e8cbb874175aea.txt,64,295a51cef140c7b44716b9fa98cb780097c6dedf064f048bbd066dbbddcf84a8
after,train,labels,dataset_clean/train/labels/T_31_20190608_113406_jpg.rf.a89cda70425785c87673361cfad20285.txt,64,295a51cef140c7b44716b9fa98cb780097c6dedf064f048bbd066dbbddcf84a8
after,train,labels,dataset_clean/train/labels/T_31_20190608_113406_jpg.rf.e0378f660a06cc348a255fa43892e514.txt,77,4c9efdc9cc47667f10fe279ce85c1d6d5305d677676422d648b845a78003ab0e
after,train,labels,dataset_clean/train/labels/T_32_20190610_075738_jpg.rf.19174e33a438a7f7e89635c4cfca1465.txt,78,a80e3b4d6fc17cbb0e8952d75177fc107baf5113dbb6b7d3e3c10df3aff71cd0
after,train,labels,dataset_clean/train/labels/T_32_20190610_075738_jpg.rf.1ecd934cdca00b7bd69e8f9f0e008098.txt,78,a80e3b4d6fc17cbb0e8952d75177fc107baf5113dbb6b7d3e3c10df3aff71cd0
after,train,labels,dataset_clean/train/labels/T_32_20190610_075738_jpg.rf.4cfcc23c8bda9644aad4fd049e4a0713.txt,78,3391cff9001f5b9db35d7acb6da181dd114831f3d87f2a6be36188e31ca4c281
after,train,labels,dataset_clean/train/labels/T_32_20190610_075738_jpg.rf.50a34a5d8074dbd02fee8e88b4053c83.txt,79,f4ea4fad487a1d04e14293fb46918ae305c03b856d1d1e1b6d13bd034563a558
after,train,labels,dataset_clean/train/labels/T_32_20190610_075738_jpg.rf.8d0d89371690e3fa1ed644777f5887df.txt,78,4611121e87331a902e773bb690ee61490cb28bd40810b714807233dac119e606
after,train,labels,dataset_clean/train/labels/T_32_20190610_075738_jpg.rf.b90728121d2bf40cbe564a3a92aceffe.txt,79,1cbac9bdd7e55f5e9fc82a7bfee0cd6f2450c7e0b05aa1050641b2a9322f4d66
after,train,labels,dataset_clean/train/labels/T_32_20190610_075738_jpg.rf.d55b3d9e5987b4337f6aaff1a1302137.txt,79,145c2a94f3a5d93a78ba71ded814427c31589633acf05dfdf3fdd3ec3f3980f2
after,train,labels,dataset_clean/train/labels/T_32_20190610_075738_jpg.rf.e5cc6f4aeb4c05eadce623478440f893.txt,79,f4ea4fad487a1d04e14293fb46918ae305c03b856d1d1e1b6d13bd034563a558
after,train,labels,dataset_clean/train/labels/T_32_20190610_075738_jpg.rf.eb9acb5e11eba38bab551921835ba5df.txt,79,145c2a94f3a5d93a78ba71ded814427c31589633acf05dfdf3fdd3ec3f3980f2
after,train,labels,dataset_clean/train/labels/T_33_20190610_075938_jpg.rf.24693511386c1a71d872ab4e953a4dbb.txt,78,2e1e5d3b99983bdbafe89591de710637b37cc1fd8302aedb2f106e8f67874e73
after,train,labels,dataset_clean/train/labels/T_34_20190610_083355_jpg.rf.9561f9a1fd3b17783d972f139a141328.txt,76,720997442978ab2e10ad56b72d5ad76a9f9b62372b46b2785e9986efabd00c3a
after,train,labels,dataset_clean/train/labels/T_35_20190610_084118_jpg.rf.1c2da0dda4ad5db3d4b6863e4f86dcc6.txt,77,098ca3d014e41468f0969110fd689327e1eb113114f66f64a06e08889b82a854
after,train,labels,dataset_clean/train/labels/T_35_20190610_084118_jpg.rf.d044135de35932ec42d595acc96d2a37.txt,78,79b7c30e7b525e9063218bf54ad04847b8228ff92a38ece3c6728ad2acf1cb71
after,train,labels,dataset_clean/train/labels/T_35_20190610_084118_jpg.rf.f2315d20d1346656277593bec9f3b389.txt,77,098ca3d014e41468f0969110fd689327e1eb113114f66f64a06e08889b82a854
after,train,labels,dataset_clean/train/labels/T_37_20190610_085835_jpg.rf.0687264c9cc0afdabe0f3d76a784d43a.txt,78,af91398fdaa6660e9c134a50411accbf5b191c2d7ff34091f5de427b79ec66d1
after,train,labels,dataset_clean/train/labels/T_37_20190610_085835_jpg.rf.5eed56bbf65468261df6cd7be9b79a61.txt,78,6168874c8e19cfc370ccfe5230b004f9a39f4f00b25ffadbb89c62369eb12dd6
after,train,labels,dataset_clean/train/labels/T_37_20190610_085835_jpg.rf.8a855d06dc425fa17ea22b3b1f12fa7d.txt,69,aab6d9487416e2b0d594a407b0d279d8542fd2aef8d23de993114d27be4a6975
after,train,labels,dataset_clean/train/labels/T_37_20190610_085835_jpg.rf.959d92b54f4544e81f2ce6a2868e6527.txt,77,6154770d3b86f996191c04ae71eb9db64393946e4ef4fb7f7a0129ba2fec31ea
after,train,labels,dataset_clean/train/labels/T_37_20190610_085835_jpg.rf.bcea3edb0327722668c2a8e76a7a7a00.txt,78,af91398fdaa6660e9c134a50411accbf5b191c2d7ff34091f5de427b79ec66d1
after,train,labels,dataset_clean/train/labels/T_37_20190610_085835_jpg.rf.e888441f90562b6ce1860c5da2490458.txt,78,6168874c8e19cfc370ccfe5230b004f9a39f4f00b25ffadbb89c62369eb12dd6
after,train,labels,dataset_clean/train/labels/T_37_20190610_085835_jpg.rf.f1ae5102af87ca5da4611b52a89d1353.txt,79,8af04602bb691b39699a9f8dffa0b8dc3f77e7dd5f53d5b3687c703aa70f986e
after,train,labels,dataset_clean/train/labels/T_37_20190610_085835_jpg.rf.f26c2f3bd03082fe52e59b2c3795d7c6.txt,79,c593bfcff5cc41fda32e43763b39701ed09608ee6aa4582e5b1bb72051c25b2b
after,train,labels,dataset_clean/train/labels/T_37_20190610_085835_jpg.rf.f56ec4a1d70c8ec2ba9d6fcb2485a514.txt,77,6154770d3b86f996191c04ae71eb9db64393946e4ef4fb7f7a0129ba2fec31ea
after,train,labels,dataset_clean/train/labels/T_40_20190611_080529_jpg.rf.741642c4518febe92a1dfe6c47211eaf.txt,79,0d7b356792d8721ac309512dfeb58666a5b515d3ea65d4c08b3b3a564c10fd54
after,train,labels,dataset_clean/train/labels/T_40_20190611_080529_jpg.rf.962d49159b05a4b0c59b127a6aa7052c.txt,79,0d7b356792d8721ac309512dfeb58666a5b515d3ea65d4c08b3b3a564c10fd54
after,train,labels,dataset_clean/train/labels/T_40_20190611_080529_jpg.rf.ab3b68d6ee8fbed94051e2e906cfc78a.txt,78,81fbe2d89b4e8db5258949128158b0d5b2ac93874b04bc9c524b0e85080a6895
after,train,labels,dataset_clean/train/labels/T_42_20190611_082701_jpg.rf.35c7aaa9265e3ab0c7da450adcc6425b.txt,77,40901bf9cafb5c3cf3d5762f1a96a4ad276413843b63cce2669aabdbbeb53aa6
after,train,labels,dataset_clean/train/labels/T_42_20190611_082701_jpg.rf.705da5023dcd7879600266f0e246bb89.txt,77,073f30d354eaac055b0b4691f32a66e03dec3154d55fa8ab4c04875cbaf49c76
after,train,labels,dataset_clean/train/labels/T_42_20190611_082701_jpg.rf.710ecf92791018caf1b767c29ce38ed6.txt,78,50ebf762ba5cebdd1d863c1b02cffdf6da96ab0d48a31115e93bc6494dbb39c0
after,train,labels,dataset_clean/train/labels/T_42_20190611_082701_jpg.rf.760bf10367e9bf9f3d18100763d4471e.txt,78,dae752c505d82a728a0cbebda64f2e7231965337c5c902a8f36cb0ab7dddfb54
after,train,labels,dataset_clean/train/labels/T_42_20190611_082701_jpg.rf.93815f19828c126da48c25e853da3c25.txt,78,dae752c505d82a728a0cbebda64f2e7231965337c5c902a8f36cb0ab7dddfb54
after,train,labels,dataset_clean/train/labels/T_42_20190611_082701_jpg.rf.b65fb4e0f0176aab722c28b6ad794042.txt,78,425b2492c1837b577ef1cb3393140c500d78c9c75deaff1bfdf6735061ca3adb
after,train,labels,dataset_clean/train/labels/T_42_20190611_082701_jpg.rf.b6a41fde7fe604c71fd8fb63b2a8e5a3.txt,78,425b2492c1837b577ef1cb3393140c500d78c9c75deaff1bfdf6735061ca3adb
after,train,labels,dataset_clean/train/labels/T_43_20190611_083341_jpg.rf.2a1a8ab303dc307d06c21c97120c2290.txt,78,498e523e214eb85e3a361aaf8fc6fb61132fdc86bb3bd5f4158baf1adb878988
after,train,labels,dataset_clean/train/labels/T_43_20190611_083341_jpg.rf.2ffe914f0a462fbf9b8ccb2382a9b094.txt,67,a003bd7c604204500f798c9dcc77e607d982b991ac9d6d6e668b3ff7d0dfb91c
after,train,labels,dataset_clean/train/labels/T_43_20190611_083341_jpg.rf.5a55f14a25f766131a45aa4f9f580a49.txt,67,a003bd7c604204500f798c9dcc77e607d982b991ac9d6d6e668b3ff7d0dfb91c
after,train,labels,dataset_clean/train/labels/T_44_20190611_083543_jpg.rf.5dcdfae2103b198108548930b8097a77.txt,78,a0adc3b9e504a166cbd2771966952c883b92a848b580eaa873465b13baf30d93
after,train,labels,dataset_clean/train/labels/T_44_20190611_083543_jpg.rf.73ad1c601a2255a2a9cba5e8637246da.txt,78,3fabe1ac754f1961760e7c0ad62a87c66f8eee80fd8781af8f17b8fbb333a313
after,train,labels,dataset_clean/train/labels/T_44_20190611_083543_jpg.rf.7cc6c74b920bffb1e7292416d7359eb1.txt,79,aebb855bf2a195dae0f0c09196572d9d0e72ff9672a3ff4457598a8a79c2e9c4
after,train,labels,dataset_clean/train/labels/T_44_20190611_083543_jpg.rf.81757441061e8c73c5d868b3e820fe97.txt,78,a0adc3b9e504a166cbd2771966952c883b92a848b580eaa873465b13baf30d93
after,train,labels,dataset_clean/train/labels/T_46_20190611_091248_jpg.rf.045f3ebd55c4ec8cd0ddb7972b0c18a9.txt,69,abec30bf364b4d9c076d6653c5f3bd1928309a40d30446aeb13854425d8fddf4
after,train,labels,dataset_clean/train/labels/T_46_20190611_091248_jpg.rf.34e0af45c2856f439cdcfed0132c17df.txt,79,0ac0dfa600186e43ce9555d82bcda7a1e64670491efb4ce1cbaae0fa04e255c0
after,train,labels,dataset_clean/train/labels/T_46_20190611_091248_jpg.rf.4342a2d6cc6e9af851a28165d3418c7e.txt,79,0ac0dfa600186e43ce9555d82bcda7a1e64670491efb4ce1cbaae0fa04e255c0
after,train,labels,dataset_clean/train/labels/T_46_20190611_091248_jpg.rf.52e4f1781f08c3c5543c1979e866eb53.txt,79,d31f77a35c085e477b3d3348cb5f8d8077ef79cedef689a903b1a6b214608426
after,train,labels,dataset_clean/train/labels/T_46_20190611_091248_jpg.rf.aa788192d68aefc788b4dcb267339054.txt,79,1f5b8e4a5dada516f60bca1987f29dd51d7307f2d0f3e25b4e04309fa1dd9856
after,train,labels,dataset_clean/train/labels/T_46_20190611_091248_jpg.rf.ddcf510f66084174e41f3c233802dc5e.txt,80,31f9b9b42cae487ae82cc641b86af683e14b6c328891f0c69cdaa52e66e7b82a
after,train,labels,dataset_clean/train/labels/T_46_20190611_091248_jpg.rf.ebc90b414b7924369e700266c70fc225.txt,79,1f5b8e4a5dada516f60bca1987f29dd51d7307f2d0f3e25b4e04309fa1dd9856
after,train,labels,dataset_clean/train/labels/T_48_20190611_095442_jpg.rf.63c8542e98695791b7c6cc047ae506b6.txt,79,6a8ce775790efde54636fa306d6b35625f1a34eb97c13cba3dd4cb7c0f2df6dd
after,train,labels,dataset_clean/train/labels/T_48_20190611_095442_jpg.rf.b51fb5beaa6e147bb0cb63261d56dd95.txt,79,c4034deb16cb32ee5c7da2d3de32ee9210b4d4ceb1969d18395ec63068dfb1d6
after,train,labels,dataset_clean/train/labels/T_48_20190611_095442_jpg.rf.e1d93533761cfd9b1c599d1ed5fad2b6.txt,79,6a8ce775790efde54636fa306d6b35625f1a34eb97c13cba3dd4cb7c0f2df6dd
after,train,labels,dataset_clean/train/labels/T_50_20190612_080012_jpg.rf.63c1d69fa4301eef61f73164ec46f014.txt,77,f0b8f7b62dea9616b42f969f5687999d80fe61210ca98791bd8213d19ef4c071
after,train,labels,dataset_clean/train/labels/T_50_20190612_080012_jpg.rf.8dbab25b2fd95953d7f2bb318ac8edc4.txt,77,27ccc1fc9c3342d70f4127f4c362bd9e5debecd6f4e04b378a30abf7fc8fb191
after,train,labels,dataset_clean/train/labels/T_50_20190612_080012_jpg.rf.a2796dbfb9a154d52f74bd23386cadfb.txt,77,f0b8f7b62dea9616b42f969f5687999d80fe61210ca98791bd8213d19ef4c071
after,train,labels,dataset_clean/train/labels/T_50_20190612_080012_jpg.rf.bc83ca596db511cc6be46d1c7e2b7784.txt,78,0a841d0b8a7128cc9f24108dded1275e3e888e32ea40debace17fa8605fbba61
after,train,labels,dataset_clean/train/labels/T_50_20190612_080012_jpg.rf.e351a64a135f954e36cdc6c2f40e0548.txt,77,5530f77d63b5227bc527919b858cb24c1df218902dc3d00c8835e8a147ce12c4
after,train,labels,dataset_clean/train/labels/T_51_20190612_080714_jpg.rf.329378a60593c50c2927c48eaca159c5.txt,77,6cf9b130859ea052ac964b0d081ce4dde36689b996d03ed18a09d2c28c442327
after,train,labels,dataset_clean/train/labels/T_51_20190612_080714_jpg.rf.4283dfdf89527805300da73549e14e4a.txt,78,690747ed839e19e87dccf5a9a17213e4edec0e2ba6aae4fd236eeeb4680be5df
after,train,labels,dataset_clean/train/labels/T_51_20190612_080714_jpg.rf.51c21d59f8608a7573b372a8ed23bc71.txt,79,6b6168e6bb256a4a563261e0a73ec3e14a40bdf01bf19efdb04005d264fd497b
after,train,labels,dataset_clean/train/labels/T_51_20190612_080714_jpg.rf.9c90cffb3593ee9e6489e3a88f372658.txt,79,defea1cdeee57786de31de771f61273d3e75f300bbe94f9f15bdd89a0334225e
after,train,labels,dataset_clean/train/labels/T_51_20190612_080714_jpg.rf.c35a71be56eeab3b5731002e3bd4a344.txt,78,690747ed839e19e87dccf5a9a17213e4edec0e2ba6aae4fd236eeeb4680be5df
after,train,labels,dataset_clean/train/labels/T_51_20190612_080714_jpg.rf.cc8da33813025b56d6195e8d1d2a9a85.txt,79,defea1cdeee57786de31de771f61273d3e75f300bbe94f9f15bdd89a0334225e
after,train,labels,dataset_clean/train/labels/T_54_20190612_081705_jpg.rf.2ba9f70ee51b33abba9fbe0e4a8ea054.txt,78,cca7117ad8bee1f3aa96f1f15c639d90cc6ea7fff1d07b07a364a9cf1b9da70a
after,train,labels,dataset_clean/train/labels/T_54_20190612_081705_jpg.rf.659f6e537c217839c35cccdf0276318b.txt,76,88056189dcc78d9499a52a71e7cc22b98113f18c3dddb6d48720aceb62a5cb22
after,train,labels,dataset_clean/train/labels/T_54_20190612_081705_jpg.rf.9bf71462cb0d09e830a1caabc64dcb43.txt,77,b0162e3ed8df95b79d1dd6f6b0b6cea1953d9e2577c3e01ee94997f021afa966
after,train,labels,dataset_clean/train/labels/T_54_20190612_081705_jpg.rf.a8fab571993ac01ebeb716cf08d4bb08.txt,68,f8adcb26c154c39175843c8e97d0540ac8fc0869386b6e75db8a38e61b989b6d
after,train,labels,dataset_clean/train/labels/T_54_20190612_081705_jpg.rf.c3e109d1ee2d2217c0ea9ec85be1fee3.txt,78,5c2e4ac945cd8bf004961798ffe7249ed4426cd339036e97043fdc63d3eb6e55
after,train,labels,dataset_clean/train/labels/T_54_20190612_081705_jpg.rf.ca88754c8d431e7f306172951db462b9.txt,78,cca7117ad8bee1f3aa96f1f15c639d90cc6ea7fff1d07b07a364a9cf1b9da70a
after,train,labels,dataset_clean/train/labels/T_54_20190612_081705_jpg.rf.f782fb5ead177520a8ca5cdf5240e980.txt,77,b0162e3ed8df95b79d1dd6f6b0b6cea1953d9e2577c3e01ee94997f021afa966
after,train,labels,dataset_clean/train/labels/T_55_20190612_082104_jpg.rf.046dca070599401f544665e2635977fe.txt,79,18d70f8c3cc081354ad5f6b41b35d0751862d20a8cd57ac63de891415e8cf60e
after,train,labels,dataset_clean/train/labels/T_55_20190612_082104_jpg.rf.1e0d3167a8ea3b07f770d11b608f46a4.txt,79,2d8fa74ea476b732f90d4e9c23648c7059a2f5e9e5a1e97a8546bd9813e20921
after,train,labels,dataset_clean/train/labels/T_55_20190612_082104_jpg.rf.20ae470eda49026f9304905aa1ccde38.txt,78,4406716d3bd53970b2368c85c27be0051290f0790b029810a47ba3b145b90ee1
after,train,labels,dataset_clean/train/labels/T_55_20190612_082104_jpg.rf.3b3db9c8b54186224bb9d0c36ae66720.txt,78,323445f654c2078afb4186eebebd279b53f724560ae7eee52c6e7b0484610f2a
after,train,labels,dataset_clean/train/labels/T_55_20190612_082104_jpg.rf.3fdc9be3dd36e064acf3d709f231b5d6.txt,79,2d8fa74ea476b732f90d4e9c23648c7059a2f5e9e5a1e97a8546bd9813e20921
after,train,labels,dataset_clean/train/labels/T_55_20190612_082104_jpg.rf.d4ed4797f15e47228a99ca68ba472bf8.txt,78,4406716d3bd53970b2368c85c27be0051290f0790b029810a47ba3b145b90ee1
after,train,labels,dataset_clean/train/labels/T_56_20190612_083151_jpg.rf.ae368b2f098c27ad4ce8413066faf9b5.txt,79,64f2df7db8d53519e4eeb53947d2c7b8e93a34c46edb7e48cc0f32c5c0664a35
after,train,labels,dataset_clean/train/labels/T_57_20190612_085736_jpg.rf.4c5ab09cdd781a6e27919482e8d42aba.txt,77,e10d880e6e4332e272f15c9e4c085c174b64a9893345a768e07c7affd2a64c9f
after,train,labels,dataset_clean/train/labels/T_57_20190612_085736_jpg.rf.662b43f8f5ffdd5f654bad856b7976a9.txt,78,1f4765f288f8f9f733b573a7819ab190f19d47362dddaf42404b83c2bed82963
after,train,labels,dataset_clean/train/labels/T_57_20190612_085736_jpg.rf.78a2c077ea63ddac8224353bbf8b3464.txt,78,1f4765f288f8f9f733b573a7819ab190f19d47362dddaf42404b83c2bed82963
after,train,labels,dataset_clean/train/labels/T_57_20190612_085736_jpg.rf.972e1d59ad6a52ee48e4cb7d45fb53aa.txt,76,2cd2c033b9ab498cf304edbf0bc0ff724471296b257a188b8db7c66bf0fd6041
after,train,labels,dataset_clean/train/labels/T_57_20190612_085736_jpg.rf.c8652b4ea88e4cb0730ce6a9856f69b2.txt,76,2cd2c033b9ab498cf304edbf0bc0ff724471296b257a188b8db7c66bf0fd6041
after,train,labels,dataset_clean/train/labels/T_57_20190612_085736_jpg.rf.e6889548c8164dd690155edf0b8a8c14.txt,78,48efde0b3ae15754beeb500b8b524a6de4e7aa3ecd9ea014b0b2b784d6a989bf
after,train,labels,dataset_clean/train/labels/T_57_20190612_085736_jpg.rf.fecda9c9215a9823a47c7304305f40cb.txt,79,68bf89acf2fc61fcfc5fbdfaa470411021a6124528152a2666aa8ec9b8d44670
after,train,labels,dataset_clean/train/labels/T_58_20190612_090128_jpg.rf.156841d69c001259955a1128b5d2b7fc.txt,77,bdcd3cef6cccde4e5f2769fcdf8ed242e28f14af321d147781fad9484e6c2ade
after,train,labels,dataset_clean/train/labels/T_58_20190612_090128_jpg.rf.38d69f1d9ad40f3689bd62ebac9789cd.txt,77,544a32aed505d5c5b3e5e9f50cb627ec79f55213b4a7be6b68271a1ebbee0455
after,train,labels,dataset_clean/train/labels/T_58_20190612_090128_jpg.rf.a59d4d3290f87d121cdf306e8b4a6e8b.txt,77,bdcd3cef6cccde4e5f2769fcdf8ed242e28f14af321d147781fad9484e6c2ade
after,train,labels,dataset_clean/train/labels/T_59_20190612_090635_jpg.rf.4fbbb7a425fd258616c8cfc2a994275a.txt,68,94464eaa92e0526f1025a14752c4cbdb66aa99de7ed1080d1880881c6d149872
after,train,labels,dataset_clean/train/labels/T_59_20190612_090635_jpg.rf.83b48f79ac993894e58c4351f326ea50.txt,69,677d32a69d3829dad352d2ff1ea74d65fb4f786028bb9aced43178e345997a3e
after,train,labels,dataset_clean/train/labels/T_59_20190612_090635_jpg.rf.f14385e703a81cf2d488a2d66a4a1f34.txt,69,677d32a69d3829dad352d2ff1ea74d65fb4f786028bb9aced43178e345997a3e
after,train,labels,dataset_clean/train/labels/T_5_20190607_074439_jpg.rf.259ecaf5199aaf00feb337f90adec02a.txt,78,32cd77cadad875f101fe867c58c2af8a260e0cfd4ab6fc47b34a8352991661dd
after,train,labels,dataset_clean/train/labels/T_5_20190607_074439_jpg.rf.b5f4d8c1367664d7b9ab4f12feb9484c.txt,79,76b0aaa8c5e2061dbf374d14c0c91fcbb55968791709da3209c1d6815fe8ef23
after,train,labels,dataset_clean/train/labels/T_62_20190612_091625_jpg.rf.55ba7fecc54e5719078ef939af9e198e.txt,78,83780017d04648143ef631737fb0d452454c79d16e5970b1d4b53914c4c53ef1
after,train,labels,dataset_clean/train/labels/T_62_20190612_091625_jpg.rf.7bbb40b6b35ee2dad00f8d2ed718f26a.txt,78,83780017d04648143ef631737fb0d452454c79d16e5970b1d4b53914c4c53ef1
after,train,labels,dataset_clean/train/labels/T_62_20190612_091625_jpg.rf.e2f9be78abb838dcfd747921696902f1.txt,69,531c337a859f6d82d096de957b02584b64558e9a7b0dcc39c3dbfff3bde4aea3
after,train,labels,dataset_clean/train/labels/T_64_20190612_092742_jpg.rf.16d6a40d1261b660f74b3f9f9a9cfcab.txt,79,681ee51f271741b572d915b90cd35ed12e558e04adac0035b5e32c5b2fe92b32
after,train,labels,dataset_clean/train/labels/T_64_20190612_092742_jpg.rf.1a1657334cd30905e5528058a3a6e207.txt,80,28dbd65344ca0df8643ea2618a8efc50046f81ed5c10dabf4c5f5b1ea31874e4
after,train,labels,dataset_clean/train/labels/T_64_20190612_092742_jpg.rf.548d8dac2da05a91a5ef228df792cca8.txt,79,2127a1c5739f9b74c81cf9e09f8ee1693b1c7a26b93c437f4436210c2f958f5b
after,train,labels,dataset_clean/train/labels/T_64_20190612_092742_jpg.rf.9747868f1ed4bc86665cb3916365e888.txt,80,28dbd65344ca0df8643ea2618a8efc50046f81ed5c10dabf4c5f5b1ea31874e4
after,train,labels,dataset_clean/train/labels/T_64_20190612_092742_jpg.rf.a2b365bab24167559c71103885be9a77.txt,79,bf552193eb39e992657e39c69ef40a9a0b04e46bd5044f67b4a11e32021f5356
after,train,labels,dataset_clean/train/labels/T_64_20190612_092742_jpg.rf.e08a7c7e5da8aa5a96a9f92c89110c6e.txt,78,a39d39cf74254b12a03597001eb507f830f33ba9290a2920370fe0203f8f611f
after,train,labels,dataset_clean/train/labels/T_64_20190612_092742_jpg.rf.f6aafb6886998518b31b2dcf407f4794.txt,79,681ee51f271741b572d915b90cd35ed12e558e04adac0035b5e32c5b2fe92b32
after,train,labels,dataset_clean/train/labels/T_65_20190613_075213_jpg.rf.03280f07146c01935fa1b07368eda0be.txt,79,3211edfe287be460ba39263605c2d28c2e52b8116e6ec60a7b528ac0a72b7743
after,train,labels,dataset_clean/train/labels/T_65_20190613_075213_jpg.rf.0595282c23e1595b893683470a9b62a3.txt,79,3211edfe287be460ba39263605c2d28c2e52b8116e6ec60a7b528ac0a72b7743
after,train,labels,dataset_clean/train/labels/T_65_20190613_075213_jpg.rf.097bc273a74af4e3c5df0309d0ff5361.txt,78,96a8a8173724a2eecf840754b6130250f1b3cbaec26e82fc8c796c0499e336fd
after,train,labels,dataset_clean/train/labels/T_65_20190613_075213_jpg.rf.3c9ca049cbfd886e6828519ebca53516.txt,78,68ae2a991c16fcf1abcb4b8e1092c1b3b4d52556868fbe7f7f923f558925b85d
after,train,labels,dataset_clean/train/labels/T_65_20190613_075213_jpg.rf.732015e72861743c33f97180ceca2082.txt,78,fb1ba29f1fd7ed00274a5663752f363e3da4734c8222cc4d49c7eaae9532c76c
after,train,labels,dataset_clean/train/labels/T_65_20190613_075213_jpg.rf.b4842356b2b313c2a50ccbf0a3d1465c.txt,78,81c11b7dae772b876b0be1dd3e2051f226f93dacd997bca6550f6cb371e60cc9
after,train,labels,dataset_clean/train/labels/T_65_20190613_075213_jpg.rf.be6faf99b9a7e4ab02d86f058497b4b4.txt,78,68ae2a991c16fcf1abcb4b8e1092c1b3b4d52556868fbe7f7f923f558925b85d
after,train,labels,dataset_clean/train/labels/T_65_20190613_075213_jpg.rf.d026ac778e76ac0e34f1de7c81271a5b.txt,68,b9a8072c19b9a00d7f9fa5953d7712d08790110c1d0954dfffa72aa8cf1bd4a0
after,train,labels,dataset_clean/train/labels/T_65_20190613_075213_jpg.rf.d3ce5828f4d335946df70c3a3d72b4a8.txt,78,81c11b7dae772b876b0be1dd3e2051f226f93dacd997bca6550f6cb371e60cc9
after,train,labels,dataset_clean/train/labels/T_66_20190613_075959_jpg.rf.69afb3fd6016ba34de16bdddb1ed3936.txt,77,02901df5f1fb43db812a029f5a820b7ebcd5fea4c041dd9e31daf7636828fa26
after,train,labels,dataset_clean/train/labels/T_66_20190613_075959_jpg.rf.6cb516bae8799e0b7d91de0433b6f35f.txt,68,9d730e6a7758a5412f324cb33a1367584130cdda5533ccad0fd11671f46439be
after,train,labels,dataset_clean/train/labels/T_66_20190613_075959_jpg.rf.7f7d1cf11ea02cc1ec3bffd727314804.txt,69,2abfa3c0098180d3d9f8b21f867622d62cc77978ae640b3d382b16819f98f9aa
after,train,labels,dataset_clean/train/labels/T_66_20190613_075959_jpg.rf.ca3b850379662cbafd5137a5f3a582fa.txt,68,9d730e6a7758a5412f324cb33a1367584130cdda5533ccad0fd11671f46439be
after,train,labels,dataset_clean/train/labels/T_66_20190613_075959_jpg.rf.d4340237a5feeac30d1cdc6d512eca6e.txt,78,3148602263ef293c249978fede97d6765992deab833d183c56eb5323dffaa6dd
after,train,labels,dataset_clean/train/labels/T_66_20190613_075959_jpg.rf.db2c114a687eb86e421f2a44d45eea9c.txt,77,02901df5f1fb43db812a029f5a820b7ebcd5fea4c041dd9e31daf7636828fa26
after,train,labels,dataset_clean/train/labels/T_6_20190607_074640_jpg.rf.1d2e416a95e7f8e414e3b31f069191c7.txt,77,8b5f88d0f6089c2daf45879f039b7a6e1dfd84c9ba09a813fbd8ddc5a3576e19
after,train,labels,dataset_clean/train/labels/T_6_20190607_074640_jpg.rf.2239e28d13dfd7b88164d346bd0ada39.txt,78,0463c97f4e4f79bc68084b8d55992d324203bcecee875730b26dc61c3ef5081d
after,train,labels,dataset_clean/train/labels/T_6_20190607_074640_jpg.rf.2497b3af1b013242fd6cd4b16440f166.txt,78,bb66e26cce2f58304873c29187cda33d9e1a953204f51ef03f3f0cbd6f593bcf
after,train,labels,dataset_clean/train/labels/T_6_20190607_074640_jpg.rf.4f010307274129ece94e81e71e0c502e.txt,79,6d194a6a9ffbd29064235bf3edd21ccc2a92107a9f9c4c8f31adc106b264769c
after,train,labels,dataset_clean/train/labels/T_6_20190607_074640_jpg.rf.74110a9f69757dcdfa399f58bd2b8d44.txt,79,6d194a6a9ffbd29064235bf3edd21ccc2a92107a9f9c4c8f31adc106b264769c
after,train,labels,dataset_clean/train/labels/T_6_20190607_074640_jpg.rf.8564b99c6ef14d5237ca754cb87dc4eb.txt,78,0463c97f4e4f79bc68084b8d55992d324203bcecee875730b26dc61c3ef5081d
after,train,labels,dataset_clean/train/labels/T_6_20190607_074640_jpg.rf.c969ae675e34dea10c4bbeaef1e5673d.txt,78,ddfaaf71abfe4303bb64c753b48d66f7e316ac7b15aef60f410a157ddfe04326
after,train,labels,dataset_clean/train/labels/T_70_20190613_081811_jpg.rf.0acee5554542a13c34765a32ca72e16d.txt,77,6d7b553a6db602a716b32234c88baa20c96e5016c3658e3cf37cac1fe0887cd4
after,train,labels,dataset_clean/train/labels/T_70_20190613_081811_jpg.rf.4ae438bed1c45765d04057d45a49e7b7.txt,78,71747808a07ad5c38ff6cf80bad03b67c31bc16536e985a72ad98fb4dd9d8ac5
after,train,labels,dataset_clean/train/labels/T_70_20190613_081811_jpg.rf.93fa4b5249b52bedd21ec2991df57f4b.txt,77,22866cc746bd21e582b6c0fd426c9ee87e32d4ba531b42dc7b12c4be3de0d7bb
after,train,labels,dataset_clean/train/labels/T_70_20190613_081811_jpg.rf.b0543e13424b27127412b1215b9c9a7b.txt,77,22866cc746bd21e582b6c0fd426c9ee87e32d4ba531b42dc7b12c4be3de0d7bb
after,train,labels,dataset_clean/train/labels/T_71_20190613_083200_jpg.rf.0b592eab79edf69bdf1abbb7598ebc0b.txt,77,c3a4ed0e8e356d8fd3c827494a34bdca51d2f415b7ba183580689bb8b693e05f
after,train,labels,dataset_clean/train/labels/T_71_20190613_083200_jpg.rf.1946d44fc347bbbab18d409e606802e5.txt,78,dd2afb7aa02f180fe450898376d6fa5ea1ed26138cef72c8ae40e92c3e7c6878
after,train,labels,dataset_clean/train/labels/T_71_20190613_083200_jpg.rf.2e240a843b46eaa294d6575b951be522.txt,77,f00d8ee3453dfcb518503c91ffb3e7f4ed4126e13ab4ddeb2daf9a51c145ce9c
after,train,labels,dataset_clean/train/labels/T_71_20190613_083200_jpg.rf.7e10ed5543ab045ffb559a7a9cf9ded4.txt,78,d68d53353bca4ab4b3b2f251e21b27772a3a6c0863b8854b621b9ee0d85a4911
after,train,labels,dataset_clean/train/labels/T_71_20190613_083200_jpg.rf.8f762cdd614814b9428d4194b120a631.txt,78,dd2afb7aa02f180fe450898376d6fa5ea1ed26138cef72c8ae40e92c3e7c6878
after,train,labels,dataset_clean/train/labels/T_71_20190613_083200_jpg.rf.be93f3f6ba2d99eda9e9f54fcb2a4da7.txt,77,f00d8ee3453dfcb518503c91ffb3e7f4ed4126e13ab4ddeb2daf9a51c145ce9c
after,train,labels,dataset_clean/train/labels/T_71_20190613_083200_jpg.rf.ea5aea6a75bfaad057a2b771585ba30a.txt,78,1efb3eb03724675fd501a96e6ef6b9dd411a23bf513decadd3d3081ce018e5f9
after,train,labels,dataset_clean/train/labels/T_72_20190613_083940_jpg.rf.0523f01edf1ac22ec1e17875eb945c25.txt,78,d21febe1ebf8ca53065d6f57b95f32fd97c35e56c1b4bd3f1c8c1364362ae7d3
after,train,labels,dataset_clean/train/labels/T_72_20190613_083940_jpg.rf.37ccc3b85cd793998b002dd7ce88c13a.txt,79,aa7348a99ac52d663f3d2365c0e2fc1b348247f65a49c9383ede912f86c201dc
after,train,labels,dataset_clean/train/labels/T_72_20190613_083940_jpg.rf.4347cadd0b7246328539a8069a7feedc.txt,78,49e38dc7cafa350834f23e4f513d85cee73390122bd7bdd5f9b39fe6ad507936
after,train,labels,dataset_clean/train/labels/T_72_20190613_083940_jpg.rf.a46a285bf451a58079570399145ac667.txt,79,ada01bbde1fbd9f1b5b31aa54f6e792c6bf156cff7ea06f03d05bde7ea67b460
after,train,labels,dataset_clean/train/labels/T_72_20190613_083940_jpg.rf.a5a0523d535fdec13ebae251c9e37dfe.txt,79,aa7348a99ac52d663f3d2365c0e2fc1b348247f65a49c9383ede912f86c201dc
after,train,labels,dataset_clean/train/labels/T_72_20190613_083940_jpg.rf.b239e47962f9d4cc9d283282725c9768.txt,79,aa5a51cdb1bf029e952bdcd590bec36abb8e6081d8a5e75d4ada570a33ca2a51
after,train,labels,dataset_clean/train/labels/T_72_20190613_083940_jpg.rf.d902d2def5dfa9b40deb0bb7bb138bc8.txt,79,ada01bbde1fbd9f1b5b31aa54f6e792c6bf156cff7ea06f03d05bde7ea67b460
after,train,labels,dataset_clean/train/labels/T_73_20190613_084628_jpg.rf.62b984738f9e290e05dabe0dd5a40188.txt,80,a4342f809e2ff543dfffc32d03216610ce93008acebdc8db46afdc940aea5090
after,train,labels,dataset_clean/train/labels/T_73_20190613_084628_jpg.rf.670afae156b0eef7ee01dde90d82b63e.txt,78,028cec245e68fa361260699255ced4383b0b7f4780417e45e13bf25830c83663
after,train,labels,dataset_clean/train/labels/T_73_20190613_084628_jpg.rf.691f4e1fc751d40665024d333691abf2.txt,70,fe600f772a0707e61cdb1e94ea94486922dc40adb5f63724ac21fcece8bf3edf
after,train,labels,dataset_clean/train/labels/T_73_20190613_084628_jpg.rf.7e713a5a7cff2951ced5e9d91b619eda.txt,80,a4342f809e2ff543dfffc32d03216610ce93008acebdc8db46afdc940aea5090
after,train,labels,dataset_clean/train/labels/T_73_20190613_084628_jpg.rf.8db6c5c996dc83690a8336074e0e7b04.txt,70,50608d797922b8f64f1a0c37120513ac1ae2c418834a0a1d54a7842c8d21398d
after,train,labels,dataset_clean/train/labels/T_73_20190613_084628_jpg.rf.a41a1c9ff9f94daee28865a024affd80.txt,78,9dafffbdac3f7333fa12e63bc1d27efadbf3b35797ddad1a1af63d132211b6fe
after,train,labels,dataset_clean/train/labels/T_73_20190613_084628_jpg.rf.b5e5d13214df827a7f0729f09c6863c7.txt,78,9dafffbdac3f7333fa12e63bc1d27efadbf3b35797ddad1a1af63d132211b6fe
after,train,labels,dataset_clean/train/labels/T_73_20190613_084628_jpg.rf.ce6358e6d1d6026216f410ff3afcc28a.txt,80,bf94391d7537af8be2a1942c869a1dd2b8fc1c53c78b4c426e355d86cb814536
after,train,labels,dataset_clean/train/labels/T_73_20190613_084628_jpg.rf.db128b8b00513466cd72081799312af9.txt,70,50608d797922b8f64f1a0c37120513ac1ae2c418834a0a1d54a7842c8d21398d
after,train,labels,dataset_clean/train/labels/T_75_20190613_092335_jpg.rf.31cbb4655027b591be1e03034f97a39f.txt,68,60a00bee426d1b8a684ae8affa7f2b33d603eb59051e08165c4d421c8550c08f
after,train,labels,dataset_clean/train/labels/T_75_20190613_092335_jpg.rf.4514082661f71f8aef02e544d9a915b9.txt,44,5a5db4ee2f02d9bcdd57e0d54791b1500b7f441eee254daca2c02951a2ad01d8
after,train,labels,dataset_clean/train/labels/T_75_20190613_092335_jpg.rf.4970fbdabdb9efc99b482441a6f2135a.txt,77,6f4457c42aeb90dd37c45078453fd520daeba6eb6e7de13d25f806cd00a59e14
after,train,labels,dataset_clean/train/labels/T_75_20190613_092335_jpg.rf.622dab9df24113c69f283de1f8694fa8.txt,77,6f4457c42aeb90dd37c45078453fd520daeba6eb6e7de13d25f806cd00a59e14
after,train,labels,dataset_clean/train/labels/T_75_20190613_092335_jpg.rf.934961c2b2501af39351c10a80d3e4df.txt,79,72c295c704a7a8f69406207741e721e9aad84ffda4e425a07aa68949731b193b
after,train,labels,dataset_clean/train/labels/T_75_20190613_092335_jpg.rf.a4b35c6b30f8855dfd99ea4d5440cc93.txt,79,a0c058a3dac822d0461ed5f0a5e1057b2094b492562c22177d963e530ad8ac35
after,train,labels,dataset_clean/train/labels/T_75_20190613_092335_jpg.rf.c6b80b7d477faf48ace675f6f79ea478.txt,79,ea0119663b8d31aa3e13ebb32ec8bcb61fed83eca9b0928b31751c659b64f5f7
after,train,labels,dataset_clean/train/labels/T_75_20190613_092335_jpg.rf.d63a49d7ea999e04a44fa8864119f26d.txt,79,a0c058a3dac822d0461ed5f0a5e1057b2094b492562c22177d963e530ad8ac35
after,train,labels,dataset_clean/train/labels/T_75_20190613_092335_jpg.rf.ec107c06c2c5e4bd93c30cadc921c902.txt,68,60a00bee426d1b8a684ae8affa7f2b33d603eb59051e08165c4d421c8550c08f
after,train,labels,dataset_clean/train/labels/T_77_20190613_093815_jpg.rf.1d01a9ad357742518c19cc7804a1835b.txt,79,85109f12fb0005132b1becdf1a8c9e0c539dd8c0df42aadcaf960c79baf87d9a
after,train,labels,dataset_clean/train/labels/T_77_20190613_093815_jpg.rf.46df9c64c79908cfb23da20494c9a6b0.txt,77,ca485a9a79a12d06da14ab54987cf9934a11c742b5a9c7057a14a0b4d3268430
after,train,labels,dataset_clean/train/labels/T_77_20190613_093815_jpg.rf.5c089f6fffabd28ca26575b175d91b82.txt,79,85109f12fb0005132b1becdf1a8c9e0c539dd8c0df42aadcaf960c79baf87d9a
after,train,labels,dataset_clean/train/labels/T_77_20190613_093815_jpg.rf.84eaaa572126028de188f660bacafa42.txt,77,e580a208188c258e42bab2e779d383347e333bfb240178ad0eed2b19d1425dbc
after,train,labels,dataset_clean/train/labels/T_77_20190613_093815_jpg.rf.863285edfcc31a509e61379d95bf22c1.txt,77,ca485a9a79a12d06da14ab54987cf9934a11c742b5a9c7057a14a0b4d3268430
after,train,labels,dataset_clean/train/labels/T_77_20190613_093815_jpg.rf.9e0e20674fa40ccabee4901c9e1def24.txt,79,0d5ba2ccb6faeee927e801652fdca2f055e998f68923b222a123f892980973cd
after,train,labels,dataset_clean/train/labels/T_77_20190613_093815_jpg.rf.c5377f2e043768f54c43a43e64ac59a7.txt,78,afc20dc284ec17ab442843417050a44d8518df8f77f73bc4efc6dcf571a5f190
after,train,labels,dataset_clean/train/labels/T_77_20190613_093815_jpg.rf.d2eb8fc46414cfe5f74e68e8a2a8117a.txt,68,f672d6400df73a7a494d131101c3fb0ce9ad795a7a9bc63e9dd7cd67b546ab8e
after,train,labels,dataset_clean/train/labels/T_77_20190613_093815_jpg.rf.ffcc78f4e4e41c5f8b0c063c331fcc12.txt,77,e580a208188c258e42bab2e779d383347e333bfb240178ad0eed2b19d1425dbc
after,train,labels,dataset_clean/train/labels/T_78_20190614_074753_jpg.rf.15ddaff8130521116151bb6f5ac610a7.txt,79,22d720c7560c0606a7c52312418baf906cfb79dba59c88796431b8b563ccc2b6
after,train,labels,dataset_clean/train/labels/T_78_20190614_074753_jpg.rf.33dd42a49dd552041e2b22633b47d534.txt,79,e91d83de7b7651be09964e3cb6e1c9a98aa4e7c549d9491232be703123e1bf67
after,train,labels,dataset_clean/train/labels/T_78_20190614_074753_jpg.rf.a2bfb748a6b01908f6d0a9b586893805.txt,79,41cd3fa156601c89e1e996b29578271fc680027cc65dbdf4f8f5afc6119d57f5
after,train,labels,dataset_clean/train/labels/T_78_20190614_074753_jpg.rf.cc3a9050f2857dbcb9a0cde2f34dbd0c.txt,79,e91d83de7b7651be09964e3cb6e1c9a98aa4e7c549d9491232be703123e1bf67
after,train,labels,dataset_clean/train/labels/T_79_20190614_075002_jpg.rf.4e730add28f0f93a136dd68fb9262395.txt,66,adfc5bf25ea1e2eb0678b21ae33c77c21849c9bfc3a057960e0562cf10f72eab
after,train,labels,dataset_clean/train/labels/T_79_20190614_075002_jpg.rf.8f620b68be527a3711c9aaeff201cab1.txt,67,014a40819d7d002eec66441b18cb5667928423a53f2be0379492baf41112e580
after,train,labels,dataset_clean/train/labels/T_79_20190614_075002_jpg.rf.9722525b1506fd21a3bd468e8a11c08c.txt,66,adfc5bf25ea1e2eb0678b21ae33c77c21849c9bfc3a057960e0562cf10f72eab
after,train,labels,dataset_clean/train/labels/T_79_20190614_075002_jpg.rf.a9be06003b32a07b8bb67a8dbbbc75c3.txt,78,c430ddb09a71c03c353b2b814625a54f22d863f32032a49074b27dbaa76d978b
after,train,labels,dataset_clean/train/labels/T_79_20190614_075002_jpg.rf.cd7d051e310e98bb3889ba9325c986da.txt,78,c430ddb09a71c03c353b2b814625a54f22d863f32032a49074b27dbaa76d978b
after,train,labels,dataset_clean/train/labels/T_79_20190614_075002_jpg.rf.df5ea607467b34ddb3507170d246f7aa.txt,78,8124f03a50faa39c94330e5f5fe63a4e42059477790d2a5ffb330f60fdc31345
after,train,labels,dataset_clean/train/labels/T_79_20190614_075002_jpg.rf.e8c86aa17657c6a4056ae105ef89a617.txt,78,44e5990b90e8a763ec9f47470cc5f8ddefb13c4dca96a51c9fb7e2cae287e7cd
after,train,labels,dataset_clean/train/labels/T_80_20190614_075052_jpg.rf.7b0dc3150da4891f0257ecc5a91cc898.txt,77,7571d33e9eeb9e46541a74c817761c51c9850fd463ff7cd9dae85bf4a1ff753a
after,train,labels,dataset_clean/train/labels/T_80_20190614_075052_jpg.rf.a6f500d43d9f03b484e1562d58fdbbc2.txt,78,8dc48a158e8295f081589b30d9264d964813fdf8c3af2b699712d34f91a75db6
after,train,labels,dataset_clean/train/labels/T_80_20190614_075052_jpg.rf.c6314a0b67cfe4564f57d03b31302a69.txt,78,8dc48a158e8295f081589b30d9264d964813fdf8c3af2b699712d34f91a75db6
after,train,labels,dataset_clean/train/labels/T_82_20190614_080327_jpg.rf.8ba36e3ca635975b7628f4f53061996a.txt,77,05d00241d75ed56e16d61ed89adcc8e0113f2c5fa768e39d0d43c8a3cc25398a
after,train,labels,dataset_clean/train/labels/T_82_20190614_080327_jpg.rf.ae288e5c3447222fce501701ea00e875.txt,79,39e10d04eddffaca9bc7d1a3d4d4163aae2560a66840e870a096a94bb04ff740
after,train,labels,dataset_clean/train/labels/T_84_20190614_080746_jpg.rf.3b38fc93c2697ab911fc592bc98fa40d.txt,78,da3a6c0b80a2ad66df39f995651d795eea7a802a78db427f0be9e3915e1c3c1f
after,train,labels,dataset_clean/train/labels/T_84_20190614_080746_jpg.rf.40b7e14fb936742d67ad772b10f4e109.txt,77,48d92faab255b58f9b673df7cdb4f2ec0d62083414437bb82159f74ac8c6f79e
after,train,labels,dataset_clean/train/labels/T_84_20190614_080746_jpg.rf.48c8acb0e490bbd00fa94c9da7872ed3.txt,78,f82dac4ef6d55f77d6de1d2310fe0a5823d488ae2bb0449438de12ccd8049b38
after,train,labels,dataset_clean/train/labels/T_84_20190614_080746_jpg.rf.5adf25c4ffa1bcfc32575a5e01e3fcc4.txt,78,da3a6c0b80a2ad66df39f995651d795eea7a802a78db427f0be9e3915e1c3c1f
after,train,labels,dataset_clean/train/labels/T_84_20190614_080746_jpg.rf.cbaf23ddda0df4495f6980e6600cee98.txt,77,48d92faab255b58f9b673df7cdb4f2ec0d62083414437bb82159f74ac8c6f79e
after,train,labels,dataset_clean/train/labels/T_84_20190614_080746_jpg.rf.dc23aa9250295bd1e618141508592942.txt,79,cd25301189edde32a2746800977ce9c3c1dd2f0fe93feb7e69e7b8209342a6d1
after,train,labels,dataset_clean/train/labels/T_85_20190614_081338_jpg.rf.74c2141295fc00a2762d9a1f23923020.txt,69,1995603a49b75be9d91ee06e521f5552d37e4aea24a34f69395753eeebf09bf6
after,train,labels,dataset_clean/train/labels/T_87_20190614_081929_jpg.rf.6d45404f94bf34740bfe853509978784.txt,77,f214f64d11f8b7154da9b18e22f06118af8a191b2bb3a086c40577563eaea1d8
after,train,labels,dataset_clean/train/labels/T_87_20190614_081929_jpg.rf.939a31599fa57243e2506b3700249025.txt,77,1134d08d761d759b4cef728a348740a9c8145d832c84f7358f417fd76b6ae432
after,train,labels,dataset_clean/train/labels/T_87_20190614_081929_jpg.rf.ce246064b143b3afa4f7edec58dcaa12.txt,77,f214f64d11f8b7154da9b18e22f06118af8a191b2bb3a086c40577563eaea1d8
after,train,labels,dataset_clean/train/labels/T_88_20190614_082233_jpg.rf.07377210c7f11861613d07d8ee02d526.txt,77,7ae8f98a6f75de58c249887ffecd944c39a7f08869d06e056a2f4e01f5960056
after,train,labels,dataset_clean/train/labels/T_88_20190614_082233_jpg.rf.102cf570a19b0d32eec917ea95f0cd73.txt,77,7ae8f98a6f75de58c249887ffecd944c39a7f08869d06e056a2f4e01f5960056
after,train,labels,dataset_clean/train/labels/T_88_20190614_082233_jpg.rf.320f2c8770c32dbf3d1c15438bd2467a.txt,78,79089b68bbbfbb237f9a8684eb13c1c006a7bd66f4fb78feac437023d99f41f9
after,train,labels,dataset_clean/train/labels/T_88_20190614_082233_jpg.rf.711d825b09b93012da4407d6c3dc848c.txt,77,64e4181dbc89aa4aed68b53146897458a37ac31ad05d34343e3565eb321fe5cb
after,train,labels,dataset_clean/train/labels/T_88_20190614_082233_jpg.rf.7213f7699f5f126320e4ec69541b3ec6.txt,80,d45ccaae4a165dfcf7d8aa0761c51174079b79abb6074a266b0d6bf126671e61
after,train,labels,dataset_clean/train/labels/T_88_20190614_082233_jpg.rf.d9dbbd347d89d76a0becb5fd9ce8e9dd.txt,80,d45ccaae4a165dfcf7d8aa0761c51174079b79abb6074a266b0d6bf126671e61
after,train,labels,dataset_clean/train/labels/T_88_20190614_082233_jpg.rf.e9fa46cfef1be28b4d56998ef65e3673.txt,80,849e8f57dc8d7a6fe1dfaa54aac1aa97c99277efae78fa5fc6d5c328d3506fac
after,train,labels,dataset_clean/train/labels/T_89_20190614_082828_jpg.rf.060721f52f81a7a07dab7f9a381f2727.txt,77,3cf394e881b95c9f4992d67d7291f34c2e271b81ac7ea6417c13b3cdf99365bb
after,train,labels,dataset_clean/train/labels/T_89_20190614_082828_jpg.rf.16256b4189b678200a79db586b0d7e9b.txt,77,d0b7c8da3056ccff050ba16d05328628e5a0af2a8813d89e2ac26b5c294c4deb
after,train,labels,dataset_clean/train/labels/T_89_20190614_082828_jpg.rf.f46d014be2e7125a0901e141750010e0.txt,77,fe0a904de4f42e4586bd06cf29cb02dc7b51312b9d235e0f06a4badc1d376b1b
after,train,labels,dataset_clean/train/labels/T_89_20190614_082828_jpg.rf.f91c4af7397e511d3f2320997c10c0cd.txt,77,fe0a904de4f42e4586bd06cf29cb02dc7b51312b9d235e0f06a4badc1d376b1b
after,train,labels,dataset_clean/train/labels/T_90_20190614_083843_jpg.rf.2936004d4b2a857ddc2137703b888ad7.txt,79,ce798e23ef9ebd6602eec9a67e68a5505923d46e93e2efee1e8373de9bc462da
after,train,labels,dataset_clean/train/labels/T_90_20190614_083843_jpg.rf.90d582f70580add8377c392b444caeef.txt,69,7418117b7bba7ee4e228bfed76cd51731d091b98988d2aef7f488edd90dd59f1
after,train,labels,dataset_clean/train/labels/T_90_20190614_083843_jpg.rf.e0c352bb48800c9b80698bb618464301.txt,78,ba9fe79eeb169acfb89e1cee6514cecefd72c0dd65c381dfd82b3656b794d889
after,train,labels,dataset_clean/train/labels/T_90_20190614_083843_jpg.rf.f890969c2990bbcaa288493bb93ce18b.txt,79,ce798e23ef9ebd6602eec9a67e68a5505923d46e93e2efee1e8373de9bc462da
after,train,labels,dataset_clean/train/labels/T_91_20190614_085732_jpg.rf.35a4697fcfce5ca37bfe552fc1d8d468.txt,79,a137afcc2c1000d820fc81784dd44441c4c228ab2f27202c8405033824fb686c
after,train,labels,dataset_clean/train/labels/T_91_20190614_085732_jpg.rf.47b0bf3adab851bcb410571c1a3ee3f9.txt,79,88364c6fa66126357bcd60a78c4f5a2ef912974a49136efc22a6149157f0e20e
after,train,labels,dataset_clean/train/labels/T_91_20190614_085732_jpg.rf.4d4750feac97e636e8fe89a3d58dceef.txt,79,04dbf4711c0b6517b2495539274c00cd269677b0d26e02a0cb51f8ef0caed915
after,train,labels,dataset_clean/train/labels/T_91_20190614_085732_jpg.rf.5410ce24ce9c98ea643a8e0441d84383.txt,78,246b84ed4be99b1a63f31c5e9ec169a85d667e5c5a8a7d726ea1814721be4395
after,train,labels,dataset_clean/train/labels/T_91_20190614_085732_jpg.rf.580437b71825c5f7d4d213c5162a9275.txt,78,246b84ed4be99b1a63f31c5e9ec169a85d667e5c5a8a7d726ea1814721be4395
after,train,labels,dataset_clean/train/labels/T_91_20190614_085732_jpg.rf.8419db9e98f2896a53e9819a12c0f864.txt,79,88364c6fa66126357bcd60a78c4f5a2ef912974a49136efc22a6149157f0e20e
after,train,labels,dataset_clean/train/labels/T_91_20190614_085732_jpg.rf.86505784d6d00ba8c42f48246caff2e6.txt,77,f424d0ec287bde852c9793aa5f1c20dc7912a3b73c38a8c757239356b4222d00
after,train,labels,dataset_clean/train/labels/T_91_20190614_085732_jpg.rf.9c4404853365f2e96305461bb10e1253.txt,79,c6941ae977429a4fff9dcf9a1a15cd1e12cf21aec553e35eaf77c34533488448
after,train,labels,dataset_clean/train/labels/T_91_20190614_085732_jpg.rf.ea94d6e364f243acf51799586c26b289.txt,79,a137afcc2c1000d820fc81784dd44441c4c228ab2f27202c8405033824fb686c
after,train,labels,dataset_clean/train/labels/T_9_20190607_075803_jpg.rf.2c0a79939c3a5cb2caef65598d46c5ae.txt,68,01330bf1d544b7e59a59d4a9d74f67face1036619644fef0081a5c1fb3e17b19
after,train,labels,dataset_clean/train/labels/T_9_20190607_075803_jpg.rf.a82ee7d5d13cd9c5347649082f2e7fe6.txt,68,01330bf1d544b7e59a59d4a9d74f67face1036619644fef0081a5c1fb3e17b19
after,train,labels,dataset_clean/train/labels/T_9_20190607_075803_jpg.rf.cbc25dd3864ddcacb4646767d2384740.txt,68,c95acac1a2ba6af1e127b868c48a29cb7b803b8c72ed63cd406e41cb996bfd3f
after,val,images,dataset_clean/val/images/105_png.rf.5b20251b7cd910e9b08c72ee9b5b7516.jpg,371674,2270f25f030b7f8b2638c4b1c93ec99ff9887065e663d3c8ec6042d2147ff327
after,val,images,dataset_clean/val/images/105_png.rf.6dcb31ab5f722a75fc988d65496ca4da.jpg,371621,320241470dba620ba804319d782e3c389babf38b5c3ac632f8d39fa276c2e6bd
after,val,images,dataset_clean/val/images/105_png.rf.7e557f4625ffc569df3a57bccf1b2d5f.jpg,372347,0a89772181a0d7a751a1b7a062e7fb1bdd80f18b02e8f4ce484a378ac6225fd8
after,val,images,dataset_clean/val/images/129_png.rf.21250676c6c1e1efcbad33cf5120c049.jpg,173930,5e3a226bdb813b2b79d46c47609eb8d4a164b55491c0115bbdd3282e5944b282
after,val,images,dataset_clean/val/images/129_png.rf.58ae3f7c59ff30b1274d2f66ceb6c2b6.jpg,173705,ec5fc19fa9c2098c30fa9fff93fd069a288de771af4dfb8f6f453448acbf77e1
after,val,images,dataset_clean/val/images/129_png.rf.919e6594ef11d0bd9ed428d97d17064f.jpg,173865,89a559b0d7a2cbc9199f7eac1a4b8182270ebc48366a584c60ab6867c7d91cb5
after,val,images,dataset_clean/val/images/12_jpg.rf.0241efebde10c4f6709db9bff74f03ab.jpg,20173,2f1c5ccaf6a4dd86dc3ae7f22af7527e0723b3b5e843d573178ffe8c190a1f25
after,val,images,dataset_clean/val/images/12_jpg.rf.177fadd61198d9924ac3d3cfeec81dee.jpg,18750,efa85151799622bdd678593136cfb3f3692a1139af780b9b5d5324aaf394b6d8
after,val,images,dataset_clean/val/images/12_jpg.rf.6db9685f411411e76ad833d88ca2f750.jpg,20268,7f73ee1c31898c7f8a001f1bf6124c5f34827fbf948ba36506fe0d1dc557746c
after,val,images,dataset_clean/val/images/12_jpg.rf.75491878094f4ad1da7abe6c4e41fbad.jpg,19907,cd9fcf023c80a8e702b76f182c713661d4fe7bdfc6dfddeb3778f33cea88b4d0
after,val,images,dataset_clean/val/images/12_jpg.rf.8afe95ec7c9ccee1e45f256b1b20d42d.jpg,18759,2fd7fcd6e937c747c59db0ada086f89e4a803f8e737bd8dc5f0f4160de857a6b
after,val,images,dataset_clean/val/images/12_jpg.rf.9415d73fc2d78a40209a22eaa3e0a852.jpg,20066,68f43cbffe02d223b9e08222a7acff78553051a1cb13d0f7f4b1b3a26f1c675e
after,val,images,dataset_clean/val/images/12_jpg.rf.c3a0c45bfd421315f3dd9d0b87ae0c6b.jpg,19856,ff89042cc66317a5467520f3d28591f1b923b2d375ae8f272b9bfe9c9c189bb7
after,val,images,dataset_clean/val/images/12_jpg.rf.ca36ee0f7f52f6e18835b7761b478341.jpg,18740,0996e28f00c6bb9af26a4e4e4e1d9240b8f0d479fc2c987bd6d5a25a2241905b
after,val,images,dataset_clean/val/images/12_jpg.rf.db7ffa2b79669cc6ca807fc3ea1aa003.jpg,19857,563d3ee76b02dc994c5a3ec507f8f901bf081cc76d250c7437f9eff211519265
after,val,images,dataset_clean/val/images/14_jpg.rf.1d9538f09f21a1b41d43a765410bca6e.jpg,17314,9226cf15048fe015f2c4b9fc3e3ba542801ed278e24d684f145e15da9465d82c
after,val,images,dataset_clean/val/images/14_jpg.rf.3e4c540c8235ac89740b62b4f31d1724.jpg,17221,2885afe163a7e7ac4265f170df60b3018e136284c15a9442c4a0a9af78a39a2d
after,val,images,dataset_clean/val/images/14_jpg.rf.75b58d87efc199485b22c3c6c8b691b6.jpg,16987,f31c74c7234288c7e33a13f929177fe91ca6e3c55be34ad3d6a9df2a5e570725
after,val,images,dataset_clean/val/images/14_jpg.rf.77810077fab97a688a788435f16d9738.jpg,17295,802763e1fe473635c8d7ef9337375e81cc3933d63991d70a4347645e044322ed
after,val,images,dataset_clean/val/images/14_jpg.rf.b2b178e2ed52e0ef0585bf6e3a1d68f8.jpg,18116,6d1df328532de5315fba3a55fbac06b25f380027e27fd188fd359ffa401c67f0
after,val,images,dataset_clean/val/images/14_jpg.rf.c30f2d9a3789eef420059ec7c3099224.jpg,18025,15b0304a388f9a9935d82fc6bf7d69fbdc1bd98f4d63ffdae814e0624e80ad76
after,val,images,dataset_clean/val/images/14_jpg.rf.e44fabf52a8743ceeec7781bcb74dc7e.jpg,16506,cb771a24fea3b5fbc8c6a2d198a3a4ea8633f8d82079cf0b364206860d03647b
after,val,images,dataset_clean/val/images/14_png.rf.5d997a3275d84b45829b01420a3f0500.jpg,144962,ad1881b7a2e86e744886a197606e2caab2bbe3d8fe9b49f9cf9dc3327b20b012
after,val,images,dataset_clean/val/images/14_png.rf.b130dbf41a26449dd7f35f3a47c65b70.jpg,145078,8a3c09d50bc9227c3ae11e1866272b1c83e29ea4592c72304be1737309b40759
after,val,images,dataset_clean/val/images/14_png.rf.d2c148eef5e9d77a38dbce294d6e782b.jpg,145225,91a2690f689e9fb9444c3e57159f1225ae6f9f9c65c307f21596da310e111e5e
after,val,images,dataset_clean/val/images/156_png.rf.30bde30d3d99cb4faf2af908ba3677d9.jpg,253323,983e8d8adba1b20f43a9f61a18d196a999a5fd7ab0cb7906401661cd717b8f38
after,val,images,dataset_clean/val/images/156_png.rf.48a3e2905342e9fb8126bea3eb756d73.jpg,255620,25b4d8400df5cadf8fa47ba0b9005896d956a0e8dc0b63fb927a28c5989f40ba
after,val,images,dataset_clean/val/images/156_png.rf.bc97d5313096c4f99fe1f2b2980a2215.jpg,255758,9040a5aa77eb601aa93a783ff2ec2131dd24119cc9ea2259b9a349e04e30d55d
after,val,images,dataset_clean/val/images/15_png.rf.6b02529e5c64fd67d65ec1c5b2aac905.jpg,335770,d75da1f9e0ecc07890bd96cbef2eafda2e8727c875160ae9a4df5dd91f869792
after,val,images,dataset_clean/val/images/15_png.rf.96d6da33473e23045d35689841327e9d.jpg,335833,6cbdae859968bb85dc01f4691e06e97286d814496bee91b1b62995dec3325457
after,val,images,dataset_clean/val/images/15_png.rf.afdff78460393fd892ab1b735e16a363.jpg,335498,67dd45178e688e4f13278e42ecb046a119c9d7ee020cf1f7a26eadaa1b5e4484
after,val,images,dataset_clean/val/images/17_png.rf.9db50ad335e967eb1c0d37b5c140a509.jpg,227973,b51a2422bc7e4f2456a25191dd99ad76972bf6f864620455859953d418efa5ab
after,val,images,dataset_clean/val/images/17_png.rf.c1a4d12d02f8dc5a9df668f5b422efe2.jpg,228188,05ac025e4c673600e8c062a55ae184f68f2e2271b4367858f0db5470a7207107
after,val,images,dataset_clean/val/images/17_png.rf.e6660de448150274b1f061f8c13775fd.jpg,227536,80ba32db38b9ec9d3d8690bfce5bdd07b5df2caa7feddab552bc4d87225948e3
after,val,images,dataset_clean/val/images/185_png.rf.24a493f0fd36fa690307301dcdf3c6a0.jpg,215864,07e103ca15f081fa1589d711bb056e2871da249e433dd95921f7c6f1a29c1071
after,val,images,dataset_clean/val/images/185_png.rf.264526275a7c8c5080e12704edb328ff.jpg,215782,f74331ac81a14a77ee4fe10ddcfb0056eab243477335678fe4736711232b3576
after,val,images,dataset_clean/val/images/185_png.rf.9a50f2afcd58007201c885a8a254da7e.jpg,215805,42cb44ea08e99c289d9b02e4b94e8bdfd075bf4e25342987d53f017b0fb47679
after,val,images,dataset_clean/val/images/186_png.rf.1a12b9eb7fb1bab112d619b4809a7bde.jpg,208105,46d55d5cfab5ae857effef78d94b53bba96cc96ced6e93f7e1db1a7d6331144b
after,val,images,dataset_clean/val/images/186_png.rf.2f9789658d1903b4896f077ee126dddd.jpg,207178,d593dbf8e6da46e11d7e2a8468a2692c6d9f886de5faf9a44c603c1a2ce18c38
after,val,images,dataset_clean/val/images/186_png.rf.586f2246926e93229c115d7ae4989758.jpg,208102,a7004bf154f2de162d294745e25d547fa7754d602bafae3492cf4ff6e6a71304
after,val,images,dataset_clean/val/images/192_png.rf.37623052be0b0f73649728364eb64aeb.jpg,253274,9750e323172084b295c555e27e5e21ea685ec74f0a785e72a58792ca66375b55
after,val,images,dataset_clean/val/images/192_png.rf.3c7c431a4d1f489d898d9088e1314ace.jpg,253643,25517a60d3c53e2bce15a303cfdd7af7c848506885d89daa0f23b887420f9183
after,val,images,dataset_clean/val/images/192_png.rf.8deb8c8040c580040946e2471e4142bb.jpg,253593,388c8ae3e594491d1ecc8782a3b01007268c7485a01d3d63e43f6e8262dc6244
after,val,images,dataset_clean/val/images/193_png.rf.3789e4bb4668d584a796b39c909546d4.jpg,269238,cd542deacd71c4e1dddaab749e009de247e162c27fb08c4288457fb9bcff80b0
after,val,images,dataset_clean/val/images/193_png.rf.659c9ba804d6be9b98f13d7d3e86e4aa.jpg,269018,816fe61be4a4f6183fcc50aecc96fe2cc8d2f22e25187f5cbc9225e55319658a
after,val,images,dataset_clean/val/images/193_png.rf.79c0a30e6fe92d9d3d1f8569ba66b6b9.jpg,269194,a30ad6679476b0055bd6c175a9c8e5b00e45c625fec6c6647b3e28dc86abba2f
after,val,images,dataset_clean/val/images/196_png.rf.1e03d55cb32ce83d8d524eef0b75a43f.jpg,359405,9f8085ebedd03a393171f72c4a44186c02617d5ad12730aaf05a60cade2c0b3a
after,val,images,dataset_clean/val/images/196_png.rf.4d16834b091e34313dda09a1d25bf0e6.jpg,359154,88020fd58fe92aad67d9bba0755088df4fbc128843e290cf5532e8bf9ff9fb7e
after,val,images,dataset_clean/val/images/196_png.rf.b40e9a10934ee176056f094b34d4ef40.jpg,359323,47de5be0470111eb3d7ce8f7eca54a3e6e19e1dd246badb6ac93eba7417c23c0
after,val,images,dataset_clean/val/images/20200131_205917_jpg.rf.1e9d9172e3e01072d2023a1870e1617f.jpg,16427,42d17329d9c5add3d588af2e8e71053c393427a63ec349ec331f41cc2eb95be6
after,val,images,dataset_clean/val/images/20200131_205917_jpg.rf.2ee5a171c1319928e72de4834f931ec1.jpg,16391,8e9aa4d3ed014a6cd960178bbd311b7549b873f980034e48079cb69e7c192547
after,val,images,dataset_clean/val/images/20200131_205917_jpg.rf.4c2f921cae66ec9aaaaa29da0965004c.jpg,16359,194d716a8fd9164ea2680bd864769239e07e789ac267148aebfaded1fb5a9dfa
after,val,images,dataset_clean/val/images/20200131_205917_jpg.rf.4fc8c263fffbea9314a373932de43083.jpg,15885,25bb321f73aada6f60abaa5877b4eee599974c922846cb859e7b8e9727b6d077
after,val,images,dataset_clean/val/images/20200131_205917_jpg.rf.61af7087b29c018e5fb78982ba3f31e4.jpg,16083,61aa71654cb70a0b8759eb7204b4dd49fe3de808b25d0dc6cf73b2d99d7723c3
after,val,images,dataset_clean/val/images/20200131_205917_jpg.rf.b160fa985ab8cf88e550e97aa7e1a3a3.jpg,15530,5e826bfb7cae97a5c6e44bd0ebc1dd56a90211b9704b23b010e32cb5cc9fd3b6
after,val,images,dataset_clean/val/images/20200131_205917_jpg.rf.cf1c07aaade061acdc004a75da4e04df.jpg,15893,f7d991b879bb1c873036adc67afa23ee6440c4ec9274e20fb8d545deb50ded80
after,val,images,dataset_clean/val/images/20200213_151234_jpg.rf.791cb786fb17a3fe2fca7457b69c0423.jpg,16254,160b704814868e558e60e50376593d3f543607bd2ab998d4fddabd6fde6d634f
after,val,images,dataset_clean/val/images/20200213_151234_jpg.rf.d98dace8c646b77faff2a96aec121c8c.jpg,16203,72ff3373b826a896f4aebb1cf0aebd9b2a4bb30fbbd36af6e74552da3a56ec36
after,val,images,dataset_clean/val/images/20200213_151234_jpg.rf.f6e036b8e19ec994a2be53fba9ae62d7.jpg,16012,fd1f0e03cb5307a2c2f63c31af5b14122b9ff229de8f22d44689fa8fa1f7c981
after,val,images,dataset_clean/val/images/20200213_160045_jpg.rf.551afe18546a9abd92c1d7f65c21088a.jpg,13431,319be81b7301ea1bdc2b0a0e5461baf28c3c320ebb67dc6b8e15b120e0cfc7fd
after,val,images,dataset_clean/val/images/20200213_160045_jpg.rf.5b5ccf3772108ba31c64a0a1580d5c34.jpg,13976,6cba1bb66c4d53129457cc5fc2512bbf7b714eae3956341d084dc84240e0b1c7
after,val,images,dataset_clean/val/images/20200213_160045_jpg.rf.6fe98711680359554114cd2459d2cd6e.jpg,13700,b27d40174746698c23459678b6d611f9b49f0ffed7f1422c86a984b470ee0fb8
after,val,images,dataset_clean/val/images/20200214_123002_jpg.rf.076e4d7ee2141afb1295479381edc309.jpg,19083,96068ef184bea6a3fa972edade39647a05bcf4ea4ab9fff32bb768a53154ad3d
after,val,images,dataset_clean/val/images/20200214_123002_jpg.rf.09a873e1b2816ba31d015398dc7d1288.jpg,19708,9d562cef1b9b7a9c2cc7258499ca9e4fb6b6008f0de2fac7adbc87b083a9af46
after,val,images,dataset_clean/val/images/20200214_123002_jpg.rf.1972fa754bc94a876efe7d3654a6b8b4.jpg,19842,1e1badb5eeca27613eb8376331af8016520f8e53033aa31e2bee2dd84f1e8b30
after,val,images,dataset_clean/val/images/20200214_123002_jpg.rf.533e605fa338979653d93b1a15197a3e.jpg,19493,d568a23382b4c0ab86c0d041836b6965d1fb6e62436c1571886d53b5179053fc
after,val,images,dataset_clean/val/images/20200214_123002_jpg.rf.742d0157719d69001e7da3d9d290d4a9.jpg,18633,5b046fbee3ec2512a30e49b46a756dcc10148902c6ffe563c3f142f5e2f22333
after,val,images,dataset_clean/val/images/20200214_123002_jpg.rf.7bd234160c19891483249bf4504199a1.jpg,20106,33d1a1dd1314f6d07013817d59d854818c33b16a322b3dbaa03bfa050f5279f3
after,val,images,dataset_clean/val/images/20200214_123002_jpg.rf.c69238d2eafeecb15b5257fd094c471e.jpg,19397,657004441f46187a8ca6c918084b23dcb1dc29cb9ccd6da116b9d3febea52e9f
after,val,images,dataset_clean/val/images/20200214_123002_jpg.rf.d09fec2d0e68e3abf58257d9a8b4ddf7.jpg,19510,8eeef46cf19dce7ee040c0dd644cec46f480268b9e16e4fc47ac182eb11602a1
after,val,images,dataset_clean/val/images/20200214_123002_jpg.rf.e8c306790944020897f31f55b0010c44.jpg,19695,0d99e81b397791713b75fd527ce7515daad54a4cadce4ed223268b867cca6c04
after,val,images,dataset_clean/val/images/20200216_210631_jpg.rf.5726da19d752dca31a6fa65538e82bf4.jpg,19839,9b34fc192b82de3f459e7ff8a8d156604b99fe2e43954d875874d7451db3c97b
after,val,images,dataset_clean/val/images/20200216_210631_jpg.rf.7ded35bb840a86d005504b7f2a15b59a.jpg,18994,8fe6cc74657f42a5611dec4a85e64b388da6077d365b92713258123a131a0095
after,val,images,dataset_clean/val/images/20200216_210631_jpg.rf.c5fc42bee4ec95e402bed8f87814d9da.jpg,19262,bb840ea1da7cfa32209dfb57f2e206ce4b187bc71a8ef973157b3cb529f5410c
after,val,images,dataset_clean/val/images/20200223_185602_jpg.rf.61446cace1a4fb1617667979971ab626.jpg,16554,4fbe6e09fc77b931d6ebbe43e74a09b4448989ab2f42b5abd345cd15054791eb
after,val,images,dataset_clean/val/images/20200223_185602_jpg.rf.7fe2518bd32ca828614f6ff0d6d839a3.jpg,15947,2e3a5b88ea54ad30225f3f8f40956d6e71ebc2672a24481438faef5c0348aabd
after,val,images,dataset_clean/val/images/20200223_185602_jpg.rf.8abe2a59403c9b078ade1c65eb2663bc.jpg,16977,1d9c53bb5e9ef5162a0c640345465ee32c0cfab138820e2eaf61aa084c740efa
after,val,images,dataset_clean/val/images/20200224_115146_jpg.rf.105e5c4fa8828ba8aaacec1b23dd7fa8.jpg,19504,3d69d14fa58d314284d23ad860215b8d05e1277f533bdaf7fb74641446c67a13
after,val,images,dataset_clean/val/images/20200224_115146_jpg.rf.2ad4b2185722b7ffd2f09c8b3e31ea4f.jpg,18464,4aa38da4ba83b8563b15ba15efa689d99453429cc2bdeed1b785fd1b1345c6c3
after,val,images,dataset_clean/val/images/20200224_115146_jpg.rf.4b19b6b27db9a0dea77ed9a4e4d66113.jpg,19337,edd4a5138c32c2cb782feda970af540f61f55a575c474c0a0a70de321f8b15d1
after,val,images,dataset_clean/val/images/20200224_115146_jpg.rf.6f0f935aa3f9b20494ec47e15e90ebdc.jpg,19425,f19306309c6695ce5c3100bbe9840c2917e57c71f531344fa3bb9b0fc84e5c18
after,val,images,dataset_clean/val/images/20200224_115146_jpg.rf.7891f7c49f1924492167abef738fd8c9.jpg,19168,1aa05bb1b1312089fbb5a29a20eb987bc6fefe0cfa1f5216c35cb927b0ed3f38
after,val,images,dataset_clean/val/images/20200224_115146_jpg.rf.de1d9b6be951075d54470c6f80bb55bf.jpg,18608,05c89d977892a946c0c9e7fc5ef2b1edf5230fbf6c937b92f0f8c30576078436
after,val,images,dataset_clean/val/images/20200229_205012_jpg.rf.2edede2dd45a5cfbc3377f571406ae14.jpg,20090,2d9a401388d2d353204d43742c87ab2c28119bb0689c9788140a63b18a0cf4e1
after,val,images,dataset_clean/val/images/20200229_205012_jpg.rf.2fc5ddb31323c813ad31462f18b7b9a4.jpg,19867,b1eb6a431382d0b9f1ad1e0cefb92d215884ac4a5ad4b67d2c37a8bff5294d71
after,val,images,dataset_clean/val/images/20200229_205012_jpg.rf.63c8b652a81ee5b5d67287ab874fb5cc.jpg,20362,e6359183f0f8cc7d4a6d408204a5f1d821e8909e6e80d1ff55329adb6776b2e1
after,val,images,dataset_clean/val/images/20200229_205012_jpg.rf.9ca3a3ab6b7dedb3c848e879cfd09264.jpg,19150,9bb79309fa4be2dd0b1400f34dc51a396c1b996330cbf352e3dab5940432c2ac
after,val,images,dataset_clean/val/images/20200229_205012_jpg.rf.e5f4fd41be8426374ace547d694ff8d2.jpg,19111,69414b9eb28706b982884a3c23aecff0d1de2fdff6e58c789097f1b5ed0966b9
after,val,images,dataset_clean/val/images/202_png.rf.29c10f0709232fe4edce071f41c5b6f2.jpg,278272,c8d6882fd106aedf7fa8de873a4a0d1394231d3a95bebb6146a6fbde92300481
after,val,images,dataset_clean/val/images/202_png.rf.2f5c637ef6c4e570537987a510540dc4.jpg,278780,9b7ea2b67e037a2f3bda622d4ce49ced3c01da5f19a0ff4eedc408745b70fbb4
after,val,images,dataset_clean/val/images/202_png.rf.f1b56e17e7c89393b559e5a304660d94.jpg,278276,7fbb1e8351697edac362b0bf7e9f7214dc2e82bc0ee4109d60ee3a2fe5aa4464
after,val,images,dataset_clean/val/images/205_png.rf.84f2ad6254183dcf0c4db0a53ee7cdc0.jpg,258882,dddb71778c631df55f4887035afac5eed4398a2f925268324e83829f90cfa227
after,val,images,dataset_clean/val/images/205_png.rf.b29ba9423d305e3f830368e12ece8bc6.jpg,259845,0e1dd075410705f58e300a24eaf32ae4e855c93f41cdde436a54002672022e68
after,val,images,dataset_clean/val/images/205_png.rf.cc04b6544130134b068656848b5ec23c.jpg,259282,151c1f64195490488eead553592c2e0f80669b9bec3b47c918137666196b8f3b
after,val,images,dataset_clean/val/images/20_png.rf.08972ad2e1dcb1f8d2a3cbdfd31b250e.jpg,236974,13589c044d809fa45b1e19dc9ffc72b4031e1356cc11a2c8bfc6676c54259654
after,val,images,dataset_clean/val/images/20_png.rf.51c350593652c4412a7b14559c15bf48.jpg,236875,67c1f8d09e7ff6f997be718d803d1370261f0bee7711910f93af882e1f8df79a
after,val,images,dataset_clean/val/images/234_png.rf.07c8a9054744f2aaffc212f8a8b5ca6c.jpg,80568,34d0487bca5d15e24c652ea079a09a0f810bc74e80afdbbbb4a6cbc5af0bd733
after,val,images,dataset_clean/val/images/234_png.rf.0ee78313e3d5673560f6cc3d57d0a46c.jpg,80735,c4249a799bff0f84f59c9e7829d7ef53f499e8d3912803c3a733e41f8f44f084
after,val,images,dataset_clean/val/images/234_png.rf.ad1d2493308f74bb53eec7bd10155216.jpg,80313,ec0a281b0893cd000ee91c1cdb69db62b67c672c30c5ae5c59125e0e600f406d
after,val,images,dataset_clean/val/images/257_png.rf.28997cc47293cbd9f19fece7ad1ea98a.jpg,281039,09a126433c200df9ce66a8e4112abc4e2a22887f5b93c3cf74431f193f13d792
after,val,images,dataset_clean/val/images/257_png.rf.2c299a3478e0be754ed0abc2a8c48fcd.jpg,278884,6352c94f4f48f5160b8c419ee0a7883c8d741b1aeff42c85ecaa53077da0b61a
after,val,images,dataset_clean/val/images/257_png.rf.6ac9d7aa26cacd65b2ad1d8847e2df62.jpg,279656,13e0ebddbcae6972cc6e7c0ebc1274e2a3b7d87d767713e69d23d23c347052df
after,val,images,dataset_clean/val/images/272_png.rf.3f2b6795ec647b5d25e9ddf4eb4b626c.jpg,284161,4517c4d4ac88c4be4c3de3441d8abd40d771bbf75a2e23258480be41956d3794
after,val,images,dataset_clean/val/images/272_png.rf.a55eb78aee815c59eb14867501dbec38.jpg,285861,e5341f3df26a35a78e08ac2cd054f9e89c029f1275ab24c915348b4a31385752
after,val,images,dataset_clean/val/images/273_png.rf.309f450d6e30a57cc515635422c535ef.jpg,289790,cea3857960b3cee13610b48685ca8471ef889437ae4223ae83debb285e94788d
after,val,images,dataset_clean/val/images/273_png.rf.a76d7573cd495198b76722e5b762a8f5.jpg,288288,1ad3b4d4a06b98cb40ffbcc108be3e3450bbe319bf9bf5370519e068cec02b59
after,val,images,dataset_clean/val/images/273_png.rf.bcf3910a99f258f7abc4c077d984c06c.jpg,287806,a479bfe72990810c71c7ddd5da6107c6ba7c5a833ad2b100ad7084331d3a345c
after,val,images,dataset_clean/val/images/276_png.rf.450fd5dc4c6325402d4f37c145801b45.jpg,270675,6e25e534f0b98070ebae7b8019799070d165648e4e1147e5928486de3d9367dc
after,val,images,dataset_clean/val/images/276_png.rf.4d2835c0446df29bea1481991a0ba72d.jpg,270103,62fa39685cfb1509f88eab6b6147b9981fc8f57bed50e7b0b926b76e2746b9a9
after,val,images,dataset_clean/val/images/276_png.rf.e87721e76255076194df0a1e012b2fe3.jpg,269228,7d5e6c40f855cd09c609b22a9dc5c00dd2cc274f5492aaf1fc345c5865fffb30
after,val,images,dataset_clean/val/images/284_png.rf.13b5f6a1abac50e1c714822e1b4076f0.jpg,252707,a3e109586c898d31fb0b091c4a2ed24d3af0e5c65e886fda7cf75258938bc157
after,val,images,dataset_clean/val/images/284_png.rf.4143c5ac78c6093a6127f8b84bd5fa05.jpg,253523,15fcd7fa96f6353dc0bc0c74ced408ad99a8fd9bdc6fef5776f948540fff0c01
after,val,images,dataset_clean/val/images/284_png.rf.add4e9791d911d93e2e9c53bcd533769.jpg,252738,9c32abf208e7841e4471b1b4256995162a9c3104c83e07134fffceaad3337f23
after,val,images,dataset_clean/val/images/28_png.rf.27dd3ebbe5a0e58e0be9fa48b22e2afb.jpg,322742,86728db2b9d429ba179a611e4d9eaff4458cc78b080994a7c68c98e3450f6960
after,val,images,dataset_clean/val/images/28_png.rf.8376d1835ddc76a7c3de4e5bcddd4503.jpg,322782,47bd9ac4d4c6a414bf8b1fe06c71e9956e1ad8b07c00a7d6e0bbb40ca5b16a54
after,val,images,dataset_clean/val/images/28_png.rf.c13b329136d7bfc99b1f5c1832b47ae0.jpg,322709,1a7838b30ab457c9887ef1dedd2772cf584151618ce07c6b8675cacc0b559246
after,val,images,dataset_clean/val/images/291_png.rf.2ad255ef274e00e850d047596067f06c.jpg,194551,d81ed3c5f4db60cea5f68fe76d94b70cf865441a82285b7ac017b948d879795f
after,val,images,dataset_clean/val/images/291_png.rf.4e7ea4b886d1125bc3ca42fb2a9bee29.jpg,194525,0730fed44527b447631d898404f2f0d1eeb0d9f1136838170135d69c7c1a5586
after,val,images,dataset_clean/val/images/291_png.rf.5b0eae826e102cc3bd81a306fa223e3a.jpg,194326,9220984cde466c5797285ba2e6d72de551660ea08d18fa49ac56d05373980c3a
after,val,images,dataset_clean/val/images/301_png.rf.10990b245403fcf410342aa9fe06e8be.jpg,317134,d417ecdc432e8c20d71ae96f6f383af07da80bc8e68be2d78424b08e3e7b8a8e
after,val,images,dataset_clean/val/images/301_png.rf.7d46c1e16d850b72aacde71d25051f17.jpg,317671,fb26e87f16d607b2b68533ce279e70a7c4ece45f163a936a91956561bf50f4ab
after,val,images,dataset_clean/val/images/301_png.rf.9fd1ae7d6b709bff2de7e1c5371ba298.jpg,317526,74534fc31b5161373204ba929827105ebf7327c8600d185b995dbedf5dabe6c5
after,val,images,dataset_clean/val/images/312_png.rf.52f8efd61c09f660571b380e1bc61d9a.jpg,268617,66f261f4f101d82302867c80a9ed048ef2c491ad3c0827c337c0aea198df0059
after,val,images,dataset_clean/val/images/312_png.rf.c319aeba8273fcf4e7da182567bc0375.jpg,268753,6191fc1c559e71573079e4a60e43828c3ee5528bae63082f4a4459d0430d9d7b
after,val,images,dataset_clean/val/images/312_png.rf.f7cc3c71182faad231e4f3e41ddb3a0d.jpg,268502,0e2bcc16996a18adb204fc1554bf7770224114a9693af857d6c249d2ec7a3e5d
after,val,images,dataset_clean/val/images/315_png.rf.2df3c50b6f7b7338df71afa51581c706.jpg,261201,6311c02128096de0e2dc242eee8b808ec80893a003e2d0d6a983d786d048c0ad
after,val,images,dataset_clean/val/images/315_png.rf.6e4205332d7d4d10f54e6bdcfe2d90b1.jpg,262031,d12019a40b5d843baee42d8245d0951ba96cf9644c5beb29691d6c58d5b879f8
after,val,images,dataset_clean/val/images/315_png.rf.ecc1a180259dbfa952741e57efb53be7.jpg,259821,12153ea1f6e18bf4d8ac461b65076f4dbd67aa2c2eab125dc3fe80d7261e9bd5
after,val,images,dataset_clean/val/images/32_png.rf.64322ca29dec4c09cbde15bfab2ce48e.jpg,294268,e31bf84acbe0e84fe1617cecddd30cd7546391b7613de049f824b8cb0c84ba97
after,val,images,dataset_clean/val/images/32_png.rf.7527e04c6050d11e9f2dc59076758534.jpg,294146,ab711e50b91b5baf8f53189a10737aac89e12ca19dd3645ceef6f4dbe587e6a2
after,val,images,dataset_clean/val/images/32_png.rf.b293acbbad516b33818e3edbe9d01c71.jpg,295036,640de3cf2053d8e36d8730b02d96343dfaed7c4d79bccfdaa150a2e97f1a8abb
after,val,images,dataset_clean/val/images/334_png.rf.80155317f9693f751ad76475fae58633.jpg,324182,2a5acfdfca3aaf3661d015958c109da98355abec25f38e66ed665b31c4d36270
after,val,images,dataset_clean/val/images/334_png.rf.a4f3b4b0308bd470b8af469594494c44.jpg,324536,ea6c13bc9c46be7f509e0d422945b48d53b5c19f9ae246259e20737cd6d3fc68
after,val,images,dataset_clean/val/images/334_png.rf.cfde6c1822421865c145aaa8c56d4efe.jpg,324213,44df0779bfb70733fd0419a5f2ef495054183254cb5fdefbf7c0c19386d0119f
after,val,images,dataset_clean/val/images/338_png.rf.08158355736dda7196dd7a64962c6d7d.jpg,319572,101ffad53f2b5959e6c6ce798afe60d7b4f167a11981d91d2db9fa5c37e6af6d
after,val,images,dataset_clean/val/images/338_png.rf.6af7569d63989f010ed3cdf11d474a73.jpg,320318,6af2df08af3e900b153b68e9b133dbb590378adecd923849a4bad3a7f25a7d55
after,val,images,dataset_clean/val/images/338_png.rf.9bf0a79d4c61292eb3056e29fbb2823c.jpg,320069,f890b7e277d034536976443ce7098b7604660211cfeca3f1e8957392e466a0b9
after,val,images,dataset_clean/val/images/351_png.rf.1d1853a6bd7db9fe5a76806113e4efc0.jpg,267679,8354acc52a260e4f98fc575ddefae44a184edf27f1ee132493eff5cc7f205861
after,val,images,dataset_clean/val/images/351_png.rf.9d9d452db72d24e97074abef829b41eb.jpg,266912,cb0d92bf79296c78d37223081556cf52471cc972e2ad55d17464fddc86737c62
after,val,images,dataset_clean/val/images/351_png.rf.f52f8bd8c3c36b913325048e839eba8d.jpg,266899,671d9583c1e731944d72d5e8519b8913f2ed1c36324664702ba0e9a5bc749be3
after,val,images,dataset_clean/val/images/35_png.rf.52b8361aa986da36ce7b5e7caa020130.jpg,286567,dd164c45c709acb78342afbf23055b699da5d4a7d6f4374a3e4386696f815522
after,val,images,dataset_clean/val/images/35_png.rf.b078cb55858342bbf7dfc3635a5b6432.jpg,286680,f050addbd18a8acd5e3f786895f4bdd23b326596fba1b2e2b38e4436e72322c6
after,val,images,dataset_clean/val/images/35_png.rf.e64e2a4a4c908f230e281cafc6d916a3.jpg,286237,f0aeccf325ec950a6f1b0ed8de3cc151cdc0c1e9599345a967e80955c49aa4c8
after,val,images,dataset_clean/val/images/379_png.rf.2c42f66f209aa87a3631567cc111c5b5.jpg,298773,44d0fffe9a44fa9d89939b4a127045065c1649b603f380c420176778fba77206
after,val,images,dataset_clean/val/images/379_png.rf.8d68a9621a5bd15e9b42b4cffae6f6b8.jpg,298146,2c852bef63de4dce3e13802389f32ea1e51ffe40c91a27a0722de14a2286e295
after,val,images,dataset_clean/val/images/379_png.rf.e7443359705c3f6c8955e06585db3230.jpg,298211,65aad540a702d557817c61e64d7fafab58f04fe9cf3fdef101037bb91d5bf95f
after,val,images,dataset_clean/val/images/381_png.rf.28070c2853d6501f84f6e52b62550a0f.jpg,285465,a46edc99766c50bf24d8a8011a2bca39beed24afb9b03e45e1bb3c23d2390d5e
after,val,images,dataset_clean/val/images/381_png.rf.b5b6404260dedf2877d868d7e01265a2.jpg,285365,74b0b9539207e6183a19e85c2365e00181e6de8216eeaacfcddd4709ca8d0eea
after,val,images,dataset_clean/val/images/381_png.rf.dba0c20c1d512bfb50d47cb3025382ad.jpg,285278,e367049f6199b597a16d95a240203e9177ff80b4fca1ee8408385102438ea19e
after,val,images,dataset_clean/val/images/384_png.rf.028eccb2d78583ea63e65075c1cddb82.jpg,308702,a14f4208a10c337f08832b0cd3ab72a83811592eaf509824584bd3c8255facda
after,val,images,dataset_clean/val/images/384_png.rf.464d3731a2f4637e1afbd196b20d52e5.jpg,308845,b084859a6ad6f0c2d435b9578501b6e7412b890691408e7d9e46c36755f83ff0
after,val,images,dataset_clean/val/images/384_png.rf.7dbf1872ef0bcee9d6dd3020e9824dab.jpg,308875,3e2d5417079ccbfc45c9a457e7bd6e83ed08a5fabe2d24856d8caf658350630f
after,val,images,dataset_clean/val/images/392_png.rf.47d79ed006804aac01f60f42fb6b747e.jpg,301205,0f2ed5cc9bd598dda5d5ac22fc55f77d5500613d254ecc566f2d503d7add949a
after,val,images,dataset_clean/val/images/392_png.rf.7584e55266365d92302e6d84c58b5abd.jpg,301495,f4bf55fb1303d24cd21f4d922b14433b4d8898cd2d08614c2b995d842263606c
after,val,images,dataset_clean/val/images/392_png.rf.ec8400b68c5d08be88a0a02d8b0564f3.jpg,301301,ce2f471a0a1b9c9307c393f268b085496410619581feee3c4056a32ce033b0e9
after,val,images,dataset_clean/val/images/398_png.rf.761c1c31db6ba0dfee21509ddf138dd0.jpg,300857,547ca2691a98aa2a7209ec51405778a51cd6dec805f7ce9b820b6b8ac64228b5
after,val,images,dataset_clean/val/images/398_png.rf.7da5e1c20a5671c36c80aee69894ebbd.jpg,301070,fc905f535f53f1c6128d197d4690a999f9ad3d2582c00a1e3bfb49036b1f0b26
after,val,images,dataset_clean/val/images/398_png.rf.957b62a7c63937a9c99c2c8b51dedeec.jpg,302930,b544c956fad0934354be3bff3dace0f2cc614ad1301b85e54b7c92a2270462fc
after,val,images,dataset_clean/val/images/401_png.rf.2ada1bcba9ecbf298fa06379a75a325e.jpg,353666,1dc9a84b2742595bbdf379e4ba51178b1a765bdf50253d9cfc5a2c43f7606b64
after,val,images,dataset_clean/val/images/401_png.rf.6d83555510f61cfa7c615b385f17f7fe.jpg,353322,ddbda11e724048d20c195441f0dee978fcd28f09abbf3b787c94f35d5eb9f4e6
after,val,images,dataset_clean/val/images/401_png.rf.810ebb1f9276a720d5206b95e0d53ea2.jpg,351189,3920c8e3f33ab0965224428c7da0f346917ae2ced1b52fccc51c5a5972825091
after,val,images,dataset_clean/val/images/402_png.rf.867926cc0b85dc1fcd318f46c037e38e.jpg,363365,79535e922953e29b7e8c4cbdc6a224a094b187d73ce40ae447750126adcee383
after,val,images,dataset_clean/val/images/402_png.rf.ca9b6b116826db60fba4842fc2a39f40.jpg,364499,0b01fc36dd701e0656207ad76997eaeedc70c7de87122e4d96a45b103e11a7e5
after,val,images,dataset_clean/val/images/402_png.rf.d8d9e8af621f742d0298240dc8a2307b.jpg,362855,12eb4a43dade91bf8434c56db8598ee950d01ff894637562b5f869d4e5eae12d
after,val,images,dataset_clean/val/images/424_png.rf.060094310d15b71d0a95a3660bdfd224.jpg,280357,df497fe1616ce2d3a9e16dd9c465e24cfca6cc9b134b7a1190fd823b554a899b
after,val,images,dataset_clean/val/images/424_png.rf.dd9b4279980843d124e8e86a2ecbe2dc.jpg,280898,76cf7f300dd6707995e1691708c9bf93e5c504556edf7578f3e2ce4dff65fcce
after,val,images,dataset_clean/val/images/424_png.rf.dec1381af36432ed98032dc550ab0ecc.jpg,280905,ee6d8f9ade892d3f6b49b9ec66684b2af60b672e30bc04c0dc4dd8b779e31250
after,val,images,dataset_clean/val/images/431_png.rf.9803dff2fd762a0402bd3291216df414.jpg,240993,9c03cf33fd802928e3ace913c0ebb119d25d372fa8d8b14863538e0f9b40626f
after,val,images,dataset_clean/val/images/431_png.rf.a1d9386f37275f8cf731053903097bb8.jpg,240964,3aa94db9e96121ea1f8925af718cf5aef6e6532b7a5a32c6b38a8d7df1980ae8
after,val,images,dataset_clean/val/images/431_png.rf.fc6d6278adf4c4b67202940c498126c7.jpg,241233,bb2b90d9bc0660c30f1f0f04b98e713bfc13bec7916e276c791e2f231ee9eacf
after,val,images,dataset_clean/val/images/447_png.rf.17389f388e3c6a0b734d488dcda152a4.jpg,343092,d287d227b2cd133ef6a95a97546be9614c0c4e5e6d2998aacd58412c45e80305
after,val,images,dataset_clean/val/images/447_png.rf.85c2642304d1112f0912e0b376ab2083.jpg,342510,19e3582010f932225ea7da7baa6d8b59af531702d1d5ee46a75d5000ff692bf4
after,val,images,dataset_clean/val/images/447_png.rf.da74a03d3e36c3ec2708eaa1ddd4f35d.jpg,345338,fee2f284b349da9b1caef01e10b9ef134bc6a9c8a0aa8945d90de5ec592b64ae
after,val,images,dataset_clean/val/images/45_png.rf.53a92bcfe599631c75d7823e0146a1cb.jpg,320970,fdee2b36ee260b4b5db55a5a7338ef4609c35b2d839b7a738e5cc9fcb53e065f
after,val,images,dataset_clean/val/images/45_png.rf.845e074f66e0c5aa1d04dade19625551.jpg,321227,693f9f14e80b1535d54192cf057d596d686ee7d491741e86259c36ff7cd9505b
after,val,images,dataset_clean/val/images/45_png.rf.da3fc1d1cbeca17fddecb7bc6af1d240.jpg,320924,8cacb4b47f41f7b28154f4e6519699c862b4bc025cb45dd17b22af9870d4dcd1
after,val,images,dataset_clean/val/images/488_png.rf.22d1471c299b3e5465cc072c8ab8d517.jpg,426264,72799f475fc771bff3a63d5c19702a0344f080c42f10b3c29ee6cb71ad7ca690
after,val,images,dataset_clean/val/images/488_png.rf.bd34089829270d3502eb34abaacf4402.jpg,426301,5b8f3c5added302741ae75f3f5baab1d3240c4686e4d9fea8fc1be6ce79460c4
after,val,images,dataset_clean/val/images/488_png.rf.e04dfb5b5a9975bfe4475937bcd97453.jpg,426661,d4d2583b6b80bd3b1cf84db86732742698cb3760d50900104e4c5590e1afb511
after,val,images,dataset_clean/val/images/497_png.rf.402810b0833f2e81d4239c291d659941.jpg,542080,40e6a70abe95f54d8906bfe4bbe8b57d4aaa0a4e3cab1849037a034b77f64062
after,val,images,dataset_clean/val/images/497_png.rf.7d1a64ed152c53e7263da6cb69ed71d0.jpg,541617,64d5755b63f1948dcd22d618a313dedc99e3a8ef070eb573abb2cf021fb2b0db
after,val,images,dataset_clean/val/images/497_png.rf.b68ae75c06ea7b3fc126401eefedcc92.jpg,540890,c5780ef1918345708e6d6331d93af599645966619752315c942013f31954ba02
after,val,images,dataset_clean/val/images/508_png.rf.1550cd8932502c73b6ffc4f005c1e275.jpg,240591,4b0bf12092d6161c1c27f18029296531b524ee64f9af3191bfa287fff829485a
after,val,images,dataset_clean/val/images/508_png.rf.299df6b1025b52984348399bfe3083b7.jpg,240742,e2f6c0bb57d24a89e2c132a82c143b3ff06063f5d90b843b563cd6fe675b4507
after,val,images,dataset_clean/val/images/508_png.rf.9b2d12a2916b1d7e77ec77f92018627f.jpg,240386,cc7c7380d2bdb5199c601278aee4b4eb8268cced231ae8d14a4dcfdfbe580fb1
after,val,images,dataset_clean/val/images/511_png.rf.536cc349d2db35e0fd7e2b51e5cd9f84.jpg,372380,472fb02c17908db4e10cfd6bb0879a218e07203d91b283093359f7f31ba07870
after,val,images,dataset_clean/val/images/511_png.rf.da7fac2ea241b98516017a848d139597.jpg,372389,f3d89ae3a5f5cbe91d1b4140ed68f7bf2fc0e111f6c303665f05986a2b23e2b3
after,val,images,dataset_clean/val/images/511_png.rf.e0abf1f589d5c1273020a0a9f496e690.jpg,372263,630a5619316239e21a462a20db730c1bb89e1d25578f399541ea96ba1ef4de1d
after,val,images,dataset_clean/val/images/520_png.rf.83627423d0ce99e5ed942cc1aba5ca53.jpg,488907,f3137cf14459fbae7463f25dea5282dd72eae28562f54dcf780ae66f470d8c55
after,val,images,dataset_clean/val/images/520_png.rf.983e1cd95a8fde1725e24d86e9df29f5.jpg,489505,f8bdb6b8f58efb263b8a2fcce2da4a3563b83eff59a3f1876dca8217f35ce033
after,val,images,dataset_clean/val/images/520_png.rf.9ef6c53d531a1ad6598ac452b8a29429.jpg,489122,028855d86b1f420aeafee465021a1eee6ee5bf28e5b0974fa0639ce944c4f003
after,val,images,dataset_clean/val/images/527_png.rf.1bbdc6697d99b36905061fee9b37342b.jpg,329843,63ff284d35d0f0f9b5b4ebea59d933185e5ddee2e4ce98489a7919a69a7090a5
after,val,images,dataset_clean/val/images/527_png.rf.b08eab9b1791359eb894f1e4ce4ba8a5.jpg,327795,53a38f62531184ca7d49bbf2c827f553f76c68d6c4b2bb82c3a05ae6d7791221
after,val,images,dataset_clean/val/images/527_png.rf.fe9c19f8a169a27b3eb04a0b587a6fe3.jpg,328553,78770cf83f7c029f2a9d7ed597f691be34b2d03d5e5e4b9bd36b65ae5b73e07e
after,val,images,dataset_clean/val/images/529_png.rf.3108adff267459a3c2f46f6448f47718.jpg,308940,d79f79acf98b5b23017d2c8de0bbe25cc949b21df5066f6d882a7f38997f8562
after,val,images,dataset_clean/val/images/529_png.rf.cea2e46994d954bde567905549eb8604.jpg,307689,31844c1dc8ce23acb75c700258d829fc40e1989fff0fc9922d17684b7dd735f4
after,val,images,dataset_clean/val/images/529_png.rf.f161eb03aded6c9d6db30fcab150fbee.jpg,308915,6ca315e28e21478174f912ec0f39a3f99c8c1916447fdb3011dcec8252cbe8f7
after,val,images,dataset_clean/val/images/541_png.rf.3733adf38487323361ad80616972d01b.jpg,320076,d0d7eac6e7817a9d02ec632eddb5b0397d5050b3e4d273f7ba93ea65e372ba8f
after,val,images,dataset_clean/val/images/541_png.rf.8bebf9cb289406fc043bcc787ae4d387.jpg,320076,d0d7eac6e7817a9d02ec632eddb5b0397d5050b3e4d273f7ba93ea65e372ba8f
after,val,images,dataset_clean/val/images/541_png.rf.d3eb4e417ba97ed707e09c18921f2d87.jpg,319839,2444e199e221835efa8fe2170e03385610bd0557d8fe2a56c27572364787e442
after,val,images,dataset_clean/val/images/54_png.rf.0261c3c78252a1b40f68adf25d546086.jpg,349265,a96f36e7e1ca263b6a9d0264ee5f686138556fc04548bd3a7b54aade7072d966
after,val,images,dataset_clean/val/images/54_png.rf.16734bc98b0943e73564f7c91a1939a8.jpg,349091,6d15a9ee63ddb23cbf1c0c22e9ee0afce9ed98fb54e9070afc9a08b6a5f115ff
after,val,images,dataset_clean/val/images/54_png.rf.a3848ba2c88a2c18a8c0525b4a21836d.jpg,349211,bed27398e14c051f1717125845064f7614ade6657fb988be0d78537cf4bb1311
after,val,images,dataset_clean/val/images/5_jpg.rf.25786d96b95e0a134ba00faa2a76b0a6.jpg,17310,15afba746a1332659afc925dc1a10f2acb5f2b669be4f015291bd10f4b9912ad
after,val,images,dataset_clean/val/images/68_png.rf.588493105f96c1c37f44db58282387ed.jpg,526881,86b63f600c1f9705517b3bccabe735070a7bddddd35c39320e410953a1a76933
after,val,images,dataset_clean/val/images/68_png.rf.89bbfcb4b8e01772a5101defd9d75470.jpg,526910,2549a5fd612d4bc1799a7a87380d17813774c35d00fbbf1e9f4827630f104f6c
after,val,images,dataset_clean/val/images/68_png.rf.ded0b4d49459e89f777720819eace0e5.jpg,526893,bc35563ea59e487e6218e4bd0e29e0f1c54b77797abf4c3fce5bf23216d4cb19
after,val,images,dataset_clean/val/images/74_png.rf.2c191f0af78d004e0e046f83c982c811.jpg,353256,f78d0446306d8ad7f3ff6f5cc0d5937e6ddbcf0feb330c182fa12bafd5682ad0
after,val,images,dataset_clean/val/images/74_png.rf.993cb056315acbab1ee56246a25bceba.jpg,352223,777e87abd4b72ea7b4f62afc65ea3b8e55fbc66155083cbfcb93a75c9e7226fe
after,val,images,dataset_clean/val/images/74_png.rf.eb46ca7117389c1a43af4093a1c0304f.jpg,351658,2837064dc78b9515a219bc34b297301854e2d06ed1d54bfb8c06d9d70ef7d68f
after,val,images,dataset_clean/val/images/75_png.rf.7c6dbab1d866ac87cadea9285b7b2974.jpg,409094,f9498356c282e99c132bc6febc982a665bf164706c4525d19cb26264a03649f7
after,val,images,dataset_clean/val/images/75_png.rf.947ee2e1fcf7c04b58c34e61de3031d7.jpg,409778,135a98394e03056220c7046b3079977d7dee447216ff770386632bc506e42fc2
after,val,images,dataset_clean/val/images/75_png.rf.a1aedf1a5d12290217411e110617d317.jpg,409385,a4f9b60d54e1685d637af7e93016dfb38ec9586554efff28d80da4fd38226fa8
after,val,images,dataset_clean/val/images/94_png.rf.238f7b042b9110f969d451c4006117b2.jpg,521089,4b1da570ac5a721208baac174b0e4b5b39d3db209cb69f4383115cb56bb32972
after,val,images,dataset_clean/val/images/94_png.rf.3769552c8ac6f6346110fdb5fd09780f.jpg,521004,99ce733351c6071711b9ff3edfe39f64332f9cbeaefb63c86c38075e10b674b6
after,val,images,dataset_clean/val/images/94_png.rf.82eaf0b1124cca8194f89ac9ffef24c5.jpg,521089,4b1da570ac5a721208baac174b0e4b5b39d3db209cb69f4383115cb56bb32972
after,val,images,dataset_clean/val/images/T_19_20190608_081908_jpg.rf.00a801c5e743f9d7e1fe88d7eff026fe.jpg,16560,159b5a3d84e9ac041b5f8188bb850e2ffe9e1fdd2aca119780b2691dddd5dab0
after,val,images,dataset_clean/val/images/T_19_20190608_081908_jpg.rf.5b3dc812d093f1470f3af6954a5a5888.jpg,16526,8f4f78de3448f3f3c6bd263d8aa323fe45c40de1bdc647b7553f4c7723ee9666
after,val,images,dataset_clean/val/images/T_19_20190608_081908_jpg.rf.ec67e0a25c5797c90178aa16507137bf.jpg,17329,c60935483b17cb4969d10e30b0ee43108a029a75351208ac7b4afa23b2ea8404
after,val,images,dataset_clean/val/images/T_38_20190611_075450_jpg.rf.3fbb30fcbfec615532b66c23ba2562f3.jpg,17013,b5eb09a2c20112e938127dc26725a29223b9f4bc6577348859a379522afa63e7
after,val,images,dataset_clean/val/images/T_38_20190611_075450_jpg.rf.3ff167780fce80d525ee12f048d25a11.jpg,17868,0af53b5f096c468fa5598d06e4df0ca2d97c28833abdc12f3a447c0c41fa8a8c
after,val,images,dataset_clean/val/images/T_38_20190611_075450_jpg.rf.9f73e0c8b082141aba371397f6f99829.jpg,17008,84f6f9ee588012420dd808b169c0ee64f96216469ff1383587b5b4dbabd3c2b4
after,val,images,dataset_clean/val/images/T_38_20190611_075450_jpg.rf.a40654cf6c092b13ebbad348681d73cc.jpg,17922,788f8f172484ff60b552f78a329050bf8fe589b8d35da995454e60c32ed27693
after,val,images,dataset_clean/val/images/T_38_20190611_075450_jpg.rf.ecfffbc1c54fd5abc37ec47151f8cef2.jpg,16766,7d2de3a9f1d69a0a9c3cb9fe96b60090185a25f1564d5b2cc36069e68e42f521
after,val,images,dataset_clean/val/images/T_41_20190611_082501_jpg.rf.27db570ec0bcdbe7336286cb20b1971d.jpg,20479,48c3bbdb246720932136aecf484620d37f658ae816851c746c24aabe969890a0
after,val,images,dataset_clean/val/images/T_41_20190611_082501_jpg.rf.7e888787b8186f61e9c610ab82778cba.jpg,19507,f94923cd785c0e94f1668218dda6114925ca309b565df2a489248c0c58af6755
after,val,images,dataset_clean/val/images/T_41_20190611_082501_jpg.rf.979c4a99da12fcc8c486fde30e80827a.jpg,19290,67f65296a48e5ae1d5deb6254b22a3c29c14c0ef69a41a90b4fbaf5e0dc68dd1
after,val,images,dataset_clean/val/images/T_41_20190611_082501_jpg.rf.a6947acd39fe74452b5e21ed44b49fc1.jpg,19785,0492d50e237f7e8adbd5478ebda481cd259a476c2c73b2002a25112c8c95ee6c
after,val,images,dataset_clean/val/images/T_41_20190611_082501_jpg.rf.bc3f13c959888341f605dc913b7a6ad6.jpg,19799,b592f14f670d68643e07ad9e080241c867592b850746a94be59ee086f98ed2fd
after,val,images,dataset_clean/val/images/T_41_20190611_082501_jpg.rf.dec2d93c8adfeda885cf74c4021d0246.jpg,20223,2824c4cf0193818f03ce80dc291315c14cae24bd9a2d746359176dd83a51237e
after,val,images,dataset_clean/val/images/T_41_20190611_082501_jpg.rf.fdb1603c8555f870701d1f8e4f46c826.jpg,19870,3bb8a8b9221a3bbbb0cd316f1543732585f9971ba4a53a7e7eaa5422098d36ac
after,val,images,dataset_clean/val/images/T_52_20190612_081110_jpg.rf.02fee90bf39d24944ded483eb03905c0.jpg,17422,05f2bff32dc51b337b357d34e1b7185ae7a46027929d5861845974bed3cb29fa
after,val,images,dataset_clean/val/images/T_52_20190612_081110_jpg.rf.08011530beaa1edba76ec9abcdf968f7.jpg,18498,3f83b0b1eb52b2b5e66a1c20c436167566cb60d0c19b8fe53d5eb0c9ebebc301
after,val,images,dataset_clean/val/images/T_52_20190612_081110_jpg.rf.0f93097b5776ad6f4d2963594cc66a2f.jpg,17529,91b18c00509e00f70e245daeda0e627c1e703e68b8e1b1192b21ef04d374fb9d
after,val,images,dataset_clean/val/images/T_52_20190612_081110_jpg.rf.178e5fc2407a904218c27e271a16442d.jpg,18551,f41e269ff02ba22db08f9fd3d92f80c1b1722bbf1faaf525d8317e3a70a6f1ef
after,val,images,dataset_clean/val/images/T_52_20190612_081110_jpg.rf.768675e49c377c2a3c187a8120a3dd94.jpg,17443,6020cf5806ec991f77f69cb85418f75f2d344e048295650eafb32fea4733ab4d
after,val,images,dataset_clean/val/images/T_52_20190612_081110_jpg.rf.956c486962c5015344d01037daf765f6.jpg,18510,1fd85bf9e76c00d86f6ef6b073b8198c8c53f1bf5980a560c687d18e08d19a88
after,val,images,dataset_clean/val/images/T_63_20190612_092329_jpg.rf.6ef4656b96c4865f6d23755cd7507597.jpg,16155,f3c5361a2fbe7c137d2f0db04a97fcdff953690dc7566489b221d163ecdd76b6
after,val,images,dataset_clean/val/images/T_69_20190613_081445_jpg.rf.25e14e9f6b5669e4571cc2c48c32c0e7.jpg,18634,e3ba3971d2adfaa58e947d7f3f8712c79be0dc270475325234bb8019527d525b
after,val,images,dataset_clean/val/images/T_69_20190613_081445_jpg.rf.66618fc1d13c9fb1b3cbf9417e1d8642.jpg,18908,c5b2b1295ff2b4539c447b439ee0529186f068c805a8ba06db12647e13612aae
after,val,images,dataset_clean/val/images/T_69_20190613_081445_jpg.rf.7e5e9dd12f25f007de78b0af5cb49d29.jpg,18033,ace6089cb0cf45fcfae31b87cd142a4785d509458c5d1e71417e3a6738328056
after,val,images,dataset_clean/val/images/T_69_20190613_081445_jpg.rf.ab845977efcccc91e23177a5aa4f1d41.jpg,18592,910557b77d68f09b00996b8e5ddd714a58a1a06606dfaeb3686d3fb75ff68b14
after,val,images,dataset_clean/val/images/T_69_20190613_081445_jpg.rf.c54f6d926b069b29fbe1094e7ecdda8d.jpg,18570,b1a5b4af04c4f6f864595daee34467baa45e470646fe9583c2ff32300f58b9bf
after,val,images,dataset_clean/val/images/T_69_20190613_081445_jpg.rf.c8947ea3cd185e06a0fcc80cda3f1d2b.jpg,18618,53c000f013a5b449343ea2d5d4ab1b11cacfcad33adb40e14ac067a25fb4d97b
after,val,images,dataset_clean/val/images/T_69_20190613_081445_jpg.rf.ceb27c21721d68600f71c3fce4f880e0.jpg,18515,335132027d59d3111fb32398c3ac89850da9adb1fcba81553099595ea0360853
after,val,images,dataset_clean/val/images/T_76_20190613_093151_jpg.rf.973b45d48604767be6fc49aa18cfa1d6.jpg,15773,8c51a420caf9230b87cbb85243d8b2d366d1a7767214aaf6b3708fa1b4b13abe
after,val,images,dataset_clean/val/images/T_76_20190613_093151_jpg.rf.d394615bcbe5c66d54f315b151b031fc.jpg,15321,64b7f4ba33d821d194bb98cbd48d1e10086fc97a17dc8380e7b05eb653da7192
after,val,images,dataset_clean/val/images/T_7_20190607_074759_jpg.rf.3d5aa0b9e8ae25046a89108ee7fa00d4.jpg,17257,f6c57a6b0915e977b27b5ef40d466a084ef1bb3bd2eb5b8d239653144dd0b971
after,val,images,dataset_clean/val/images/T_7_20190607_074759_jpg.rf.99c54b09ad637d129a705cfee5ac1a5c.jpg,17189,208c2a916423013d943122be5f8db0d9d8ec65f4f87d3e1f7ae0c2cc4392a8ef
after,val,images,dataset_clean/val/images/T_7_20190607_074759_jpg.rf.f7f9f7720ab5c7ee5dd3dd33740a6330.jpg,16627,a1bae72cb9a8685cbc9f67f209bf9a49787b4fb1b9e026936bae3152369ab247
after,val,images,dataset_clean/val/images/T_7_20190607_074759_jpg.rf.fc26a7552fd43316dcd547eca5298be5.jpg,17389,9996f934185258cdd5c139f2e48cb0a42091ff487bdfbf406af537faf5872ca6
after,val,labels,dataset_clean/val/labels/105_png.rf.5b20251b7cd910e9b08c72ee9b5b7516.txt,54,5aeffdcb4a28967c6097994a859382cabb533aa0a646adc66c1c4cce57f5cdc2
after,val,labels,dataset_clean/val/labels/105_png.rf.6dcb31ab5f722a75fc988d65496ca4da.txt,54,5aeffdcb4a28967c6097994a859382cabb533aa0a646adc66c1c4cce57f5cdc2
after,val,labels,dataset_clean/val/labels/105_png.rf.7e557f4625ffc569df3a57bccf1b2d5f.txt,54,5aeffdcb4a28967c6097994a859382cabb533aa0a646adc66c1c4cce57f5cdc2
after,val,labels,dataset_clean/val/labels/129_png.rf.21250676c6c1e1efcbad33cf5120c049.txt,66,dcf5d4050cd7c48f8f2662573d59f88323292662c3c0b7fea3f2e205bfb0af04
after,val,labels,dataset_clean/val/labels/129_png.rf.58ae3f7c59ff30b1274d2f66ceb6c2b6.txt,66,dcf5d4050cd7c48f8f2662573d59f88323292662c3c0b7fea3f2e205bfb0af04
after,val,labels,dataset_clean/val/labels/129_png.rf.919e6594ef11d0bd9ed428d97d17064f.txt,66,b6a5590b844a1a4cdc417a50f46ce775bc22d81bc9db690bc0fba573373d976d
after,val,labels,dataset_clean/val/labels/12_jpg.rf.0241efebde10c4f6709db9bff74f03ab.txt,78,98c8cbae2ce06aa6461a639f9bd1e6dbffd3288cb8bfa0b926f7ab2e7243f186
after,val,labels,dataset_clean/val/labels/12_jpg.rf.177fadd61198d9924ac3d3cfeec81dee.txt,79,e31e3edbb7c8c32502fb783068ad6bdb7178d94e470e7560768e9ea09c8c1f71
after,val,labels,dataset_clean/val/labels/12_jpg.rf.6db9685f411411e76ad833d88ca2f750.txt,79,e047d641ab36f7148358d4f5c945506ae8285ab01a74e41c481fbf9685bf7058
after,val,labels,dataset_clean/val/labels/12_jpg.rf.75491878094f4ad1da7abe6c4e41fbad.txt,69,12932d8a335f6442a72d037a4731f34a0b3beaee5a63a358c9713070e9703185
after,val,labels,dataset_clean/val/labels/12_jpg.rf.8afe95ec7c9ccee1e45f256b1b20d42d.txt,79,e31e3edbb7c8c32502fb783068ad6bdb7178d94e470e7560768e9ea09c8c1f71
after,val,labels,dataset_clean/val/labels/12_jpg.rf.9415d73fc2d78a40209a22eaa3e0a852.txt,79,e047d641ab36f7148358d4f5c945506ae8285ab01a74e41c481fbf9685bf7058
after,val,labels,dataset_clean/val/labels/12_jpg.rf.c3a0c45bfd421315f3dd9d0b87ae0c6b.txt,78,98c8cbae2ce06aa6461a639f9bd1e6dbffd3288cb8bfa0b926f7ab2e7243f186
after,val,labels,dataset_clean/val/labels/12_jpg.rf.ca36ee0f7f52f6e18835b7761b478341.txt,77,5d841c499f0ebdeb056053c129187aab501485d63f92f71563ad365d5cacb7f5
after,val,labels,dataset_clean/val/labels/12_jpg.rf.db7ffa2b79669cc6ca807fc3ea1aa003.txt,78,68798c6fdfe590e46ec912954b20734c1e552a84636ab57c3777ae196e2e2d17
after,val,labels,dataset_clean/val/labels/14_jpg.rf.1d9538f09f21a1b41d43a765410bca6e.txt,70,a81528090879fbc7f9e805ed8043fc6bc4c32b644775623f16c074a5bb2a76a7
after,val,labels,dataset_clean/val/labels/14_jpg.rf.3e4c540c8235ac89740b62b4f31d1724.txt,79,c5c75ec31eb1e3b00d392cf2f2e5bab697b55e6fa9d89860b4695da4acc935d1
after,val,labels,dataset_clean/val/labels/14_jpg.rf.75b58d87efc199485b22c3c6c8b691b6.txt,78,1cbdb8373bab08800765ce9b49c0623d8794ef3736f6ef67676d2c971c610e7d
after,val,labels,dataset_clean/val/labels/14_jpg.rf.77810077fab97a688a788435f16d9738.txt,70,35cebac36ed113f9e91fc65b2c976f04f76931fd10508b4b71ac6da39bf5b1ca
after,val,labels,dataset_clean/val/labels/14_jpg.rf.b2b178e2ed52e0ef0585bf6e3a1d68f8.txt,70,a81528090879fbc7f9e805ed8043fc6bc4c32b644775623f16c074a5bb2a76a7
after,val,labels,dataset_clean/val/labels/14_jpg.rf.c30f2d9a3789eef420059ec7c3099224.txt,79,c5c75ec31eb1e3b00d392cf2f2e5bab697b55e6fa9d89860b4695da4acc935d1
after,val,labels,dataset_clean/val/labels/14_jpg.rf.e44fabf52a8743ceeec7781bcb74dc7e.txt,79,d6a777e0f6acea2be42a03b364722a676726f1ec7c86976b5b70dfdd68f2225c
after,val,labels,dataset_clean/val/labels/14_png.rf.5d997a3275d84b45829b01420a3f0500.txt,46,89e72c2652002abb0577a133cd50adb0360b949a7111a2c2fbe3ed1b7efb1bd9
after,val,labels,dataset_clean/val/labels/14_png.rf.b130dbf41a26449dd7f35f3a47c65b70.txt,54,f46c57f5c8a2e079b5aa0d659c0a03338707b110caefbe751886f5d5c492515f
after,val,labels,dataset_clean/val/labels/14_png.rf.d2c148eef5e9d77a38dbce294d6e782b.txt,54,f46c57f5c8a2e079b5aa0d659c0a03338707b110caefbe751886f5d5c492515f
after,val,labels,dataset_clean/val/labels/156_png.rf.30bde30d3d99cb4faf2af908ba3677d9.txt,57,a1f4c25694706abe67389c6bcf213289e075b2734efa06cc4859fbb3ce8729f4
after,val,labels,dataset_clean/val/labels/156_png.rf.48a3e2905342e9fb8126bea3eb756d73.txt,57,a1f4c25694706abe67389c6bcf213289e075b2734efa06cc4859fbb3ce8729f4
after,val,labels,dataset_clean/val/labels/156_png.rf.bc97d5313096c4f99fe1f2b2980a2215.txt,57,a1f4c25694706abe67389c6bcf213289e075b2734efa06cc4859fbb3ce8729f4
after,val,labels,dataset_clean/val/labels/15_png.rf.6b02529e5c64fd67d65ec1c5b2aac905.txt,58,6d73d8b1737754e50c54efd94045f19dba4f93415c6756f36b5cbdb01e0cc3df
after,val,labels,dataset_clean/val/labels/15_png.rf.96d6da33473e23045d35689841327e9d.txt,58,6d73d8b1737754e50c54efd94045f19dba4f93415c6756f36b5cbdb01e0cc3df
after,val,labels,dataset_clean/val/labels/15_png.rf.afdff78460393fd892ab1b735e16a363.txt,58,6d73d8b1737754e50c54efd94045f19dba4f93415c6756f36b5cbdb01e0cc3df
after,val,labels,dataset_clean/val/labels/17_png.rf.9db50ad335e967eb1c0d37b5c140a509.txt,53,5d0aac6379d0fec5012cf359f7e4e2aa2b7f870077dc13430a1206ff43ee26f9
after,val,labels,dataset_clean/val/labels/17_png.rf.c1a4d12d02f8dc5a9df668f5b422efe2.txt,53,5d0aac6379d0fec5012cf359f7e4e2aa2b7f870077dc13430a1206ff43ee26f9
after,val,labels,dataset_clean/val/labels/17_png.rf.e6660de448150274b1f061f8c13775fd.txt,45,895200f994091352246b5eeac626b5bfbbbb0f9c74f627e3194d0d173e696e24
after,val,labels,dataset_clean/val/labels/185_png.rf.24a493f0fd36fa690307301dcdf3c6a0.txt,61,b110d5a72a890b2df6c52c4f40b22aeba285aba32dfac07f2f9650f73d84406c
after,val,labels,dataset_clean/val/labels/185_png.rf.264526275a7c8c5080e12704edb328ff.txt,61,362074ac1628d7110822f21e886e5698100174da6d8fc86f149a874c0b5faab1
after,val,labels,dataset_clean/val/labels/185_png.rf.9a50f2afcd58007201c885a8a254da7e.txt,61,b110d5a72a890b2df6c52c4f40b22aeba285aba32dfac07f2f9650f73d84406c
after,val,labels,dataset_clean/val/labels/186_png.rf.1a12b9eb7fb1bab112d619b4809a7bde.txt,61,678bdcd778c148182af1a6fb823ed85dbc51872bec8c4c2604313d88d276d40f
after,val,labels,dataset_clean/val/labels/186_png.rf.2f9789658d1903b4896f077ee126dddd.txt,62,56b1f7a215c5c1307923bf4f2987cdc56fab49888cc95bf386bda79de64ecf8e
after,val,labels,dataset_clean/val/labels/186_png.rf.586f2246926e93229c115d7ae4989758.txt,62,56b1f7a215c5c1307923bf4f2987cdc56fab49888cc95bf386bda79de64ecf8e
after,val,labels,dataset_clean/val/labels/192_png.rf.37623052be0b0f73649728364eb64aeb.txt,65,b24fa0c273eeffdf487a00bbafdb9d0746dc5dd090d67c0ac0a6eafa2bd887cc
after,val,labels,dataset_clean/val/labels/192_png.rf.3c7c431a4d1f489d898d9088e1314ace.txt,65,b24fa0c273eeffdf487a00bbafdb9d0746dc5dd090d67c0ac0a6eafa2bd887cc
after,val,labels,dataset_clean/val/labels/192_png.rf.8deb8c8040c580040946e2471e4142bb.txt,65,b24fa0c273eeffdf487a00bbafdb9d0746dc5dd090d67c0ac0a6eafa2bd887cc
after,val,labels,dataset_clean/val/labels/193_png.rf.3789e4bb4668d584a796b39c909546d4.txt,67,eacc170166b8cf32eb7c3b56b36761d1a8a61b0cc00fa50fe71ccb94eb48739c
after,val,labels,dataset_clean/val/labels/193_png.rf.659c9ba804d6be9b98f13d7d3e86e4aa.txt,67,eacc170166b8cf32eb7c3b56b36761d1a8a61b0cc00fa50fe71ccb94eb48739c
after,val,labels,dataset_clean/val/labels/193_png.rf.79c0a30e6fe92d9d3d1f8569ba66b6b9.txt,66,85b69ad30b6164cfd4001ea665615c608d317a444323cd3e7edad0abdc9a430b
after,val,labels,dataset_clean/val/labels/196_png.rf.1e03d55cb32ce83d8d524eef0b75a43f.txt,69,76ae206176d873a00cb3a4dd6efd6f7c7ca2e83abfbd432acc838b5b87102243
after,val,labels,dataset_clean/val/labels/196_png.rf.4d16834b091e34313dda09a1d25bf0e6.txt,68,2312338b6acff32a949f07b8bcecd3d891415dfa95f4c3a530f872353697eb69
after,val,labels,dataset_clean/val/labels/196_png.rf.b40e9a10934ee176056f094b34d4ef40.txt,69,76ae206176d873a00cb3a4dd6efd6f7c7ca2e83abfbd432acc838b5b87102243
after,val,labels,dataset_clean/val/labels/20200131_205917_jpg.rf.1e9d9172e3e01072d2023a1870e1617f.txt,78,8b0d7fed61e71bab750fbdcc9aa0b57525e97efc53cda331de6a81fcfda8ca87
after,val,labels,dataset_clean/val/labels/20200131_205917_jpg.rf.2ee5a171c1319928e72de4834f931ec1.txt,78,8b0d7fed61e71bab750fbdcc9aa0b57525e97efc53cda331de6a81fcfda8ca87
after,val,labels,dataset_clean/val/labels/20200131_205917_jpg.rf.4c2f921cae66ec9aaaaa29da0965004c.txt,79,8feaf70ca1207eb198ebabebf45b2c81297b3505e74467ca8e319d27c002a3d6
after,val,labels,dataset_clean/val/labels/20200131_205917_jpg.rf.4fc8c263fffbea9314a373932de43083.txt,77,24e465b20b062fbdeabe3ccceef0c4d68329130530a6fab8d414ee319ebd683c
after,val,labels,dataset_clean/val/labels/20200131_205917_jpg.rf.61af7087b29c018e5fb78982ba3f31e4.txt,77,54cf4b79b14b8d306beeb70cb7144d822ebdb2cbe9cfefdedeecb9d61efd6243
after,val,labels,dataset_clean/val/labels/20200131_205917_jpg.rf.b160fa985ab8cf88e550e97aa7e1a3a3.txt,77,fa726b4fe93d70b607d4af9acae173ee4766d49b67a13dd4b32dadf94214f9de
after,val,labels,dataset_clean/val/labels/20200131_205917_jpg.rf.cf1c07aaade061acdc004a75da4e04df.txt,77,24e465b20b062fbdeabe3ccceef0c4d68329130530a6fab8d414ee319ebd683c
after,val,labels,dataset_clean/val/labels/20200213_151234_jpg.rf.791cb786fb17a3fe2fca7457b69c0423.txt,68,febeab4b4763f7318e1782113b103b2669b7f567b05fa6b809206827b80e8f99
after,val,labels,dataset_clean/val/labels/20200213_151234_jpg.rf.d98dace8c646b77faff2a96aec121c8c.txt,68,febeab4b4763f7318e1782113b103b2669b7f567b05fa6b809206827b80e8f99
after,val,labels,dataset_clean/val/labels/20200213_151234_jpg.rf.f6e036b8e19ec994a2be53fba9ae62d7.txt,78,b1e845f568f2d29c0770d251aebd4ec1c5dbcdb89421b47e67500cc41f946184
after,val,labels,dataset_clean/val/labels/20200213_160045_jpg.rf.551afe18546a9abd92c1d7f65c21088a.txt,46,757cb304282a9ab08539e9af552dbd0f58c0e99076ca2a47e3e6ea25db1be13c
after,val,labels,dataset_clean/val/labels/20200213_160045_jpg.rf.5b5ccf3772108ba31c64a0a1580d5c34.txt,46,757cb304282a9ab08539e9af552dbd0f58c0e99076ca2a47e3e6ea25db1be13c
after,val,labels,dataset_clean/val/labels/20200213_160045_jpg.rf.6fe98711680359554114cd2459d2cd6e.txt,45,c547dd0958e411231ce54321b87e2626a3c9d576323d6a602913cf4ebe74b323
after,val,labels,dataset_clean/val/labels/20200214_123002_jpg.rf.076e4d7ee2141afb1295479381edc309.txt,78,d0d4ef4f1a256b359accb0057e3f2d47884cd7a17d44abf37d0ed177696ac76d
after,val,labels,dataset_clean/val/labels/20200214_123002_jpg.rf.09a873e1b2816ba31d015398dc7d1288.txt,68,f5ebaa33b3a720d2cacff4db541bd567f099b8d0abec298aa78823b91f79f600
after,val,labels,dataset_clean/val/labels/20200214_123002_jpg.rf.1972fa754bc94a876efe7d3654a6b8b4.txt,68,f5ebaa33b3a720d2cacff4db541bd567f099b8d0abec298aa78823b91f79f600
after,val,labels,dataset_clean/val/labels/20200214_123002_jpg.rf.533e605fa338979653d93b1a15197a3e.txt,79,3ebe3ec29eb28bc8aa45adc934d8c311fa7b3cd48085acda9b12346efab0a51e
after,val,labels,dataset_clean/val/labels/20200214_123002_jpg.rf.742d0157719d69001e7da3d9d290d4a9.txt,77,967f8189ddb2439c67d543c2cd8df01f89fee526b6d944ba4197e47b51121243
after,val,labels,dataset_clean/val/labels/20200214_123002_jpg.rf.7bd234160c19891483249bf4504199a1.txt,79,b81cd3c676d665da5c60b2496e16c6126c6b7f2a61ce2a2a5c4fcc427a0285dc
after,val,labels,dataset_clean/val/labels/20200214_123002_jpg.rf.c69238d2eafeecb15b5257fd094c471e.txt,78,d0d4ef4f1a256b359accb0057e3f2d47884cd7a17d44abf37d0ed177696ac76d
after,val,labels,dataset_clean/val/labels/20200214_123002_jpg.rf.d09fec2d0e68e3abf58257d9a8b4ddf7.txt,77,f893a7dacf2a01fbc14f90e5196f62c4f18fc2789b3e34451c15e5138ded87fe
after,val,labels,dataset_clean/val/labels/20200214_123002_jpg.rf.e8c306790944020897f31f55b0010c44.txt,79,b81cd3c676d665da5c60b2496e16c6126c6b7f2a61ce2a2a5c4fcc427a0285dc
after,val,labels,dataset_clean/val/labels/20200216_210631_jpg.rf.5726da19d752dca31a6fa65538e82bf4.txt,76,2d89eaa41df7a07a6f20b02175d0cf0ac68e3c80ae3e235e7bf78c838a9fbb46
after,val,labels,dataset_clean/val/labels/20200216_210631_jpg.rf.7ded35bb840a86d005504b7f2a15b59a.txt,76,2d89eaa41df7a07a6f20b02175d0cf0ac68e3c80ae3e235e7bf78c838a9fbb46
after,val,labels,dataset_clean/val/labels/20200216_210631_jpg.rf.c5fc42bee4ec95e402bed8f87814d9da.txt,78,9d742498c3db53d52ccde1c39d96d372327695f06ac84f72375a0fd0eeaee59f
after,val,labels,dataset_clean/val/labels/20200223_185602_jpg.rf.61446cace1a4fb1617667979971ab626.txt,77,3a1333cb2c07d62901b75c8126714618c373d015d1d19bf417b795b009ab626f
after,val,labels,dataset_clean/val/labels/20200223_185602_jpg.rf.7fe2518bd32ca828614f6ff0d6d839a3.txt,67,10ca8135ff901e432d0ae4f4cc26737a304a346f2b11c7273c6afb35c579273c
after,val,labels,dataset_clean/val/labels/20200223_185602_jpg.rf.8abe2a59403c9b078ade1c65eb2663bc.txt,80,338fb78891363bf871740c0715fbca5e8b61f6ad634d9e837e6f102b7a204dca
after,val,labels,dataset_clean/val/labels/20200224_115146_jpg.rf.105e5c4fa8828ba8aaacec1b23dd7fa8.txt,78,bb62167273819de2ad27845f3dee2ac8f921c959137690d34c2ed30b7a8c1c42
after,val,labels,dataset_clean/val/labels/20200224_115146_jpg.rf.2ad4b2185722b7ffd2f09c8b3e31ea4f.txt,76,bcc9c11c64e887c637dffa69e68b975752e5e7151d15dd355fdd77fa19468d7b
after,val,labels,dataset_clean/val/labels/20200224_115146_jpg.rf.4b19b6b27db9a0dea77ed9a4e4d66113.txt,78,bb62167273819de2ad27845f3dee2ac8f921c959137690d34c2ed30b7a8c1c42
after,val,labels,dataset_clean/val/labels/20200224_115146_jpg.rf.6f0f935aa3f9b20494ec47e15e90ebdc.txt,78,3ba4dcbf285411a60d045b945bcabca9087bf92457ec02cda892ad650ab6460d
after,val,labels,dataset_clean/val/labels/20200224_115146_jpg.rf.7891f7c49f1924492167abef738fd8c9.txt,78,bc535587f9a06dc6304540545ff4e1117405f444c576e2e01a9aad9993cfe6ae
after,val,labels,dataset_clean/val/labels/20200224_115146_jpg.rf.de1d9b6be951075d54470c6f80bb55bf.txt,78,bc535587f9a06dc6304540545ff4e1117405f444c576e2e01a9aad9993cfe6ae
after,val,labels,dataset_clean/val/labels/20200229_205012_jpg.rf.2edede2dd45a5cfbc3377f571406ae14.txt,78,5c2b7f7f3329b9a355a32b8f6a9848d3b89128b56862f710e44000eb6d9d68b9
after,val,labels,dataset_clean/val/labels/20200229_205012_jpg.rf.2fc5ddb31323c813ad31462f18b7b9a4.txt,78,830415c328fcc75054b647c39f2d0e10817ad9689b47d07cef1623e4bf22f4d1
after,val,labels,dataset_clean/val/labels/20200229_205012_jpg.rf.63c8b652a81ee5b5d67287ab874fb5cc.txt,78,830415c328fcc75054b647c39f2d0e10817ad9689b47d07cef1623e4bf22f4d1
after,val,labels,dataset_clean/val/labels/20200229_205012_jpg.rf.9ca3a3ab6b7dedb3c848e879cfd09264.txt,79,0721ad0d9fe7711c368a21950389e6255bcb6cb6f4fbc15444557aea0c942d77
after,val,labels,dataset_clean/val/labels/20200229_205012_jpg.rf.e5f4fd41be8426374ace547d694ff8d2.txt,78,b164c5e52096f88085f43cc9444cc0059a94697faf6fb42ec0f36a82cf6b1a33
after,val,labels,dataset_clean/val/labels/202_png.rf.29c10f0709232fe4edce071f41c5b6f2.txt,69,ef995e3b31adac4e952a92bc05fe30d8db0efbe4316501b91c4da721d721404d
after,val,labels,dataset_clean/val/labels/202_png.rf.2f5c637ef6c4e570537987a510540dc4.txt,69,ef995e3b31adac4e952a92bc05fe30d8db0efbe4316501b91c4da721d721404d
after,val,labels,dataset_clean/val/labels/202_png.rf.f1b56e17e7c89393b559e5a304660d94.txt,67,637f110aac0624e6dcb6dc50b98b4a231e1a0e38d1130cd5de1dfa130729be29
after,val,labels,dataset_clean/val/labels/205_png.rf.84f2ad6254183dcf0c4db0a53ee7cdc0.txt,69,802e9356d3d87fdab5811242bbdb17ea417334ebe2b69f99a15b9dfd19b973e7
after,val,labels,dataset_clean/val/labels/205_png.rf.b29ba9423d305e3f830368e12ece8bc6.txt,69,802e9356d3d87fdab5811242bbdb17ea417334ebe2b69f99a15b9dfd19b973e7
after,val,labels,dataset_clean/val/labels/205_png.rf.cc04b6544130134b068656848b5ec23c.txt,60,c1c82c81b14ef2f537055fdebf9ef6911182823f2e45813b3ae3b3bb9ce588a7
after,val,labels,dataset_clean/val/labels/20_png.rf.08972ad2e1dcb1f8d2a3cbdfd31b250e.txt,59,79e115a066fd8f479a48a1c4d248677bc084629d710e29fc61e1d73b8d9a866d
after,val,labels,dataset_clean/val/labels/20_png.rf.51c350593652c4412a7b14559c15bf48.txt,59,bbbc0b2eb8c5324ca1b5c49af2d35e5f461fde378d2c44b6ab6964a0c0b177af
after,val,labels,dataset_clean/val/labels/234_png.rf.07c8a9054744f2aaffc212f8a8b5ca6c.txt,75,3d51d7a163dedd6d35caba7ca954da940e5df4acf6067eac052f3fb19155534b
after,val,labels,dataset_clean/val/labels/234_png.rf.0ee78313e3d5673560f6cc3d57d0a46c.txt,75,3d51d7a163dedd6d35caba7ca954da940e5df4acf6067eac052f3fb19155534b
after,val,labels,dataset_clean/val/labels/234_png.rf.ad1d2493308f74bb53eec7bd10155216.txt,70,12ad97ee32186431164b8182c6762229274be32b8d1f8c539ea0cb2b01a40e97
after,val,labels,dataset_clean/val/labels/257_png.rf.28997cc47293cbd9f19fece7ad1ea98a.txt,60,dba22a70b5b39cbbcde5e5c04a5cbe815ca1caee9e90741e7002d7c1f951a7db
after,val,labels,dataset_clean/val/labels/257_png.rf.2c299a3478e0be754ed0abc2a8c48fcd.txt,60,dba22a70b5b39cbbcde5e5c04a5cbe815ca1caee9e90741e7002d7c1f951a7db
after,val,labels,dataset_clean/val/labels/257_png.rf.6ac9d7aa26cacd65b2ad1d8847e2df62.txt,59,9526fababb681ec3658e768021cc63894a2ce28345976dcfe129efd6468e37e2
after,val,labels,dataset_clean/val/labels/272_png.rf.3f2b6795ec647b5d25e9ddf4eb4b626c.txt,60,b708a1dc67976904686254d26b942a8e3de88f204f252687e5f69bb742dd64dc
after,val,labels,dataset_clean/val/labels/272_png.rf.a55eb78aee815c59eb14867501dbec38.txt,61,3832f298e10ace248b5a8543b7cbd3a7384b2394e41a091a217c306ef8b84152
after,val,labels,dataset_clean/val/labels/273_png.rf.309f450d6e30a57cc515635422c535ef.txt,56,c51b5a237e503dd21d2219b607c7241dcde1aeb021b62076810fe6925dd218db
after,val,labels,dataset_clean/val/labels/273_png.rf.a76d7573cd495198b76722e5b762a8f5.txt,56,c51b5a237e503dd21d2219b607c7241dcde1aeb021b62076810fe6925dd218db
after,val,labels,dataset_clean/val/labels/273_png.rf.bcf3910a99f258f7abc4c077d984c06c.txt,56,c51b5a237e503dd21d2219b607c7241dcde1aeb021b62076810fe6925dd218db
after,val,labels,dataset_clean/val/labels/276_png.rf.450fd5dc4c6325402d4f37c145801b45.txt,54,5937dd31f080b771e59b7f6a072f7c21571fa0b76ea7da184acf4e0f29352622
after,val,labels,dataset_clean/val/labels/276_png.rf.4d2835c0446df29bea1481991a0ba72d.txt,54,5937dd31f080b771e59b7f6a072f7c21571fa0b76ea7da184acf4e0f29352622
after,val,labels,dataset_clean/val/labels/276_png.rf.e87721e76255076194df0a1e012b2fe3.txt,59,ccc99f1c8784dc083dab1aa7c9d5789aec374912fbc1be90edbcab316c70c591
after,val,labels,dataset_clean/val/labels/284_png.rf.13b5f6a1abac50e1c714822e1b4076f0.txt,62,2d706a5f7b1c4864cb0aaac8ccc430cc0523bd42fecc3223c74eb519cca65237
after,val,labels,dataset_clean/val/labels/284_png.rf.4143c5ac78c6093a6127f8b84bd5fa05.txt,62,2d706a5f7b1c4864cb0aaac8ccc430cc0523bd42fecc3223c74eb519cca65237
after,val,labels,dataset_clean/val/labels/284_png.rf.add4e9791d911d93e2e9c53bcd533769.txt,67,686ef3d6c629aabea2c60a19b9839ee51abc7a433b50c75d50b13919ebd2fd6d
after,val,labels,dataset_clean/val/labels/28_png.rf.27dd3ebbe5a0e58e0be9fa48b22e2afb.txt,58,0e687bd3a96e9a14cbdf9c6e6554f59a00c0c76adafb720c6f6106254f836200
after,val,labels,dataset_clean/val/labels/28_png.rf.8376d1835ddc76a7c3de4e5bcddd4503.txt,58,0e687bd3a96e9a14cbdf9c6e6554f59a00c0c76adafb720c6f6106254f836200
after,val,labels,dataset_clean/val/labels/28_png.rf.c13b329136d7bfc99b1f5c1832b47ae0.txt,57,025982da468bdaae322e81d61d4329c2161c39db64b03614746bc8e961a463f8
after,val,labels,dataset_clean/val/labels/291_png.rf.2ad255ef274e00e850d047596067f06c.txt,79,061a347ad9e259041cbc57bd1d4db9e1fe84ce52d1210b7cdc328c06ad7b1512
after,val,labels,dataset_clean/val/labels/291_png.rf.4e7ea4b886d1125bc3ca42fb2a9bee29.txt,79,061a347ad9e259041cbc57bd1d4db9e1fe84ce52d1210b7cdc328c06ad7b1512
after,val,labels,dataset_clean/val/labels/291_png.rf.5b0eae826e102cc3bd81a306fa223e3a.txt,80,d389d209ce4bc69026f113b2c7dd5c26199a7788c6147ca3b811e221ecef9fa2
after,val,labels,dataset_clean/val/labels/301_png.rf.10990b245403fcf410342aa9fe06e8be.txt,52,1dcdb789c294302b27e4e09094b02425778e00146f39a40d2a5cd8d46d1b3647
after,val,labels,dataset_clean/val/labels/301_png.rf.7d46c1e16d850b72aacde71d25051f17.txt,52,1dcdb789c294302b27e4e09094b02425778e00146f39a40d2a5cd8d46d1b3647
after,val,labels,dataset_clean/val/labels/301_png.rf.9fd1ae7d6b709bff2de7e1c5371ba298.txt,52,1dcdb789c294302b27e4e09094b02425778e00146f39a40d2a5cd8d46d1b3647
after,val,labels,dataset_clean/val/labels/312_png.rf.52f8efd61c09f660571b380e1bc61d9a.txt,57,3e10bd96ace0f5c738eb6eebc7cc1b58e12f0532e5968d32c539411711ae18f3
after,val,labels,dataset_clean/val/labels/312_png.rf.c319aeba8273fcf4e7da182567bc0375.txt,57,3e10bd96ace0f5c738eb6eebc7cc1b58e12f0532e5968d32c539411711ae18f3
after,val,labels,dataset_clean/val/labels/312_png.rf.f7cc3c71182faad231e4f3e41ddb3a0d.txt,57,3e10bd96ace0f5c738eb6eebc7cc1b58e12f0532e5968d32c539411711ae18f3
after,val,labels,dataset_clean/val/labels/315_png.rf.2df3c50b6f7b7338df71afa51581c706.txt,59,25a359cd63f809b7a9b58136d08ead82ac9d51f9f0da86fdd79217162285e88c
after,val,labels,dataset_clean/val/labels/315_png.rf.6e4205332d7d4d10f54e6bdcfe2d90b1.txt,54,2aadc30044ca047b2556e3d330c9172f68039fc290c72c192a74bda0b89c0ce3
after,val,labels,dataset_clean/val/labels/315_png.rf.ecc1a180259dbfa952741e57efb53be7.txt,54,2aadc30044ca047b2556e3d330c9172f68039fc290c72c192a74bda0b89c0ce3
after,val,labels,dataset_clean/val/labels/32_png.rf.64322ca29dec4c09cbde15bfab2ce48e.txt,46,59182d12780f0c7459eccb6775b83b5643da9fbeec47d923e4f0ba4ea0a02669
after,val,labels,dataset_clean/val/labels/32_png.rf.7527e04c6050d11e9f2dc59076758534.txt,46,59182d12780f0c7459eccb6775b83b5643da9fbeec47d923e4f0ba4ea0a02669
after,val,labels,dataset_clean/val/labels/32_png.rf.b293acbbad516b33818e3edbe9d01c71.txt,46,59182d12780f0c7459eccb6775b83b5643da9fbeec47d923e4f0ba4ea0a02669
after,val,labels,dataset_clean/val/labels/334_png.rf.80155317f9693f751ad76475fae58633.txt,59,3b5ad326b9ec3bd5cae9bbcc599354109dfcb2805a33c70dc1a36507b10fe54d
after,val,labels,dataset_clean/val/labels/334_png.rf.a4f3b4b0308bd470b8af469594494c44.txt,52,74f82ec6143a9cbf4cff2a3f23df1c1dc9180ea45e76bba8c1a3276e2b5f1e46
after,val,labels,dataset_clean/val/labels/334_png.rf.cfde6c1822421865c145aaa8c56d4efe.txt,52,74f82ec6143a9cbf4cff2a3f23df1c1dc9180ea45e76bba8c1a3276e2b5f1e46
after,val,labels,dataset_clean/val/labels/338_png.rf.08158355736dda7196dd7a64962c6d7d.txt,61,edd0054daf7760a1cf219720f12f463f77fc3bcbed5bbb24c56acab6bcd8051d
after,val,labels,dataset_clean/val/labels/338_png.rf.6af7569d63989f010ed3cdf11d474a73.txt,60,d82e4801d3a160620706dc01a18702c250380b3799a80c8ac9585b6c92966d53
after,val,labels,dataset_clean/val/labels/338_png.rf.9bf0a79d4c61292eb3056e29fbb2823c.txt,61,edd0054daf7760a1cf219720f12f463f77fc3bcbed5bbb24c56acab6bcd8051d
after,val,labels,dataset_clean/val/labels/351_png.rf.1d1853a6bd7db9fe5a76806113e4efc0.txt,62,3ba7455648805682d76018cafa5001f5ffa5f64d8340ea9c401b15347b0c83d4
after,val,labels,dataset_clean/val/labels/351_png.rf.9d9d452db72d24e97074abef829b41eb.txt,62,3ba7455648805682d76018cafa5001f5ffa5f64d8340ea9c401b15347b0c83d4
after,val,labels,dataset_clean/val/labels/351_png.rf.f52f8bd8c3c36b913325048e839eba8d.txt,68,ec8350425731ac07f75f0f208daf0c632841c2690a79a30339d543cf05a88aa2
after,val,labels,dataset_clean/val/labels/35_png.rf.52b8361aa986da36ce7b5e7caa020130.txt,59,c39c3eaf28d1ffebefa3f4beb288b3daa94ebef5383b1716c9f7d1620af5cdfa
after,val,labels,dataset_clean/val/labels/35_png.rf.b078cb55858342bbf7dfc3635a5b6432.txt,59,c39c3eaf28d1ffebefa3f4beb288b3daa94ebef5383b1716c9f7d1620af5cdfa
after,val,labels,dataset_clean/val/labels/35_png.rf.e64e2a4a4c908f230e281cafc6d916a3.txt,58,1baafe73ba09ab9c1823e678de874e35832f07846d54d10300272f1c83e36579
after,val,labels,dataset_clean/val/labels/379_png.rf.2c42f66f209aa87a3631567cc111c5b5.txt,68,c1cc7eee92571fb85ff6c9718be80e080db4a30f7df8c6165f936330118edabb
after,val,labels,dataset_clean/val/labels/379_png.rf.8d68a9621a5bd15e9b42b4cffae6f6b8.txt,68,c1cc7eee92571fb85ff6c9718be80e080db4a30f7df8c6165f936330118edabb
after,val,labels,dataset_clean/val/labels/379_png.rf.e7443359705c3f6c8955e06585db3230.txt,67,383b609273d7aef80de8766b1143d9bc6237649bb6dbf65814e901b3a55c78f0
after,val,labels,dataset_clean/val/labels/381_png.rf.28070c2853d6501f84f6e52b62550a0f.txt,60,092f9730f42b27fad7b9bd6d3fd3de71c9840f7b0e3035a59ab32cf04e86e9ef
after,val,labels,dataset_clean/val/labels/381_png.rf.b5b6404260dedf2877d868d7e01265a2.txt,59,32b9b2b05ff3246c9d170ec08be1e6b4fff3d3f8c573b2fc11ac594d160321d4
after,val,labels,dataset_clean/val/labels/381_png.rf.dba0c20c1d512bfb50d47cb3025382ad.txt,60,092f9730f42b27fad7b9bd6d3fd3de71c9840f7b0e3035a59ab32cf04e86e9ef
after,val,labels,dataset_clean/val/labels/384_png.rf.028eccb2d78583ea63e65075c1cddb82.txt,67,344557b92f26caedc1f320b8ed17e389a3538de7a9f3582e53429429af544cc9
after,val,labels,dataset_clean/val/labels/384_png.rf.464d3731a2f4637e1afbd196b20d52e5.txt,67,344557b92f26caedc1f320b8ed17e389a3538de7a9f3582e53429429af544cc9
after,val,labels,dataset_clean/val/labels/384_png.rf.7dbf1872ef0bcee9d6dd3020e9824dab.txt,67,344557b92f26caedc1f320b8ed17e389a3538de7a9f3582e53429429af544cc9
after,val,labels,dataset_clean/val/labels/392_png.rf.47d79ed006804aac01f60f42fb6b747e.txt,63,b527483654ea75db1af365b676cecef66d51edef181d11d0d3b7b92e2e3021e3
after,val,labels,dataset_clean/val/labels/392_png.rf.7584e55266365d92302e6d84c58b5abd.txt,63,b527483654ea75db1af365b676cecef66d51edef181d11d0d3b7b92e2e3021e3
after,val,labels,dataset_clean/val/labels/392_png.rf.ec8400b68c5d08be88a0a02d8b0564f3.txt,63,b527483654ea75db1af365b676cecef66d51edef181d11d0d3b7b92e2e3021e3
after,val,labels,dataset_clean/val/labels/398_png.rf.761c1c31db6ba0dfee21509ddf138dd0.txt,54,28bdce157e11d601e23edba0c8615b6d3172e36d3907abcec9de329a9450be9a
after,val,labels,dataset_clean/val/labels/398_png.rf.7da5e1c20a5671c36c80aee69894ebbd.txt,54,28bdce157e11d601e23edba0c8615b6d3172e36d3907abcec9de329a9450be9a
after,val,labels,dataset_clean/val/labels/398_png.rf.957b62a7c63937a9c99c2c8b51dedeec.txt,54,28bdce157e11d601e23edba0c8615b6d3172e36d3907abcec9de329a9450be9a
after,val,labels,dataset_clean/val/labels/401_png.rf.2ada1bcba9ecbf298fa06379a75a325e.txt,60,b5164236a6d6bedea6f68c9c0fd9617eccb22c2a74556c8a3e32d4acb8f2323f
after,val,labels,dataset_clean/val/labels/401_png.rf.6d83555510f61cfa7c615b385f17f7fe.txt,60,b5164236a6d6bedea6f68c9c0fd9617eccb22c2a74556c8a3e32d4acb8f2323f
after,val,labels,dataset_clean/val/labels/401_png.rf.810ebb1f9276a720d5206b95e0d53ea2.txt,60,b5164236a6d6bedea6f68c9c0fd9617eccb22c2a74556c8a3e32d4acb8f2323f
after,val,labels,dataset_clean/val/labels/402_png.rf.867926cc0b85dc1fcd318f46c037e38e.txt,51,b3509daf68c5cc057978db70f422068bdda75b8aed5f5479f1d1f792bba46cf7
after,val,labels,dataset_clean/val/labels/402_png.rf.ca9b6b116826db60fba4842fc2a39f40.txt,52,04b4c97b43f25e6499c93b4c58d2e34a108cb8bcdd840ab54cbbfc5e1b8bf21c
after,val,labels,dataset_clean/val/labels/402_png.rf.d8d9e8af621f742d0298240dc8a2307b.txt,52,04b4c97b43f25e6499c93b4c58d2e34a108cb8bcdd840ab54cbbfc5e1b8bf21c
after,val,labels,dataset_clean/val/labels/424_png.rf.060094310d15b71d0a95a3660bdfd224.txt,61,7e438da85ab45d2ab0d074b15fa29ac33b3936db855b5d72ae45eaab5b330dfc
after,val,labels,dataset_clean/val/labels/424_png.rf.dd9b4279980843d124e8e86a2ecbe2dc.txt,61,7e438da85ab45d2ab0d074b15fa29ac33b3936db855b5d72ae45eaab5b330dfc
after,val,labels,dataset_clean/val/labels/424_png.rf.dec1381af36432ed98032dc550ab0ecc.txt,61,7e438da85ab45d2ab0d074b15fa29ac33b3936db855b5d72ae45eaab5b330dfc
after,val,labels,dataset_clean/val/labels/431_png.rf.9803dff2fd762a0402bd3291216df414.txt,61,e0c918f58a7f8d058fa8dcf592c2c23a636f0f308dfbf3f3fdabcbe4cdabe45b
after,val,labels,dataset_clean/val/labels/431_png.rf.a1d9386f37275f8cf731053903097bb8.txt,67,43cf348eaf8e2653a4b1a4e33508f25008c04dd8c4ee6aea78bea9d892cdef2e
after,val,labels,dataset_clean/val/labels/431_png.rf.fc6d6278adf4c4b67202940c498126c7.txt,61,e0c918f58a7f8d058fa8dcf592c2c23a636f0f308dfbf3f3fdabcbe4cdabe45b
after,val,labels,dataset_clean/val/labels/447_png.rf.17389f388e3c6a0b734d488dcda152a4.txt,61,d36fbf6230ceb0aa4140dd9664f76b7a505996995790930d5bba856b15bb4703
after,val,labels,dataset_clean/val/labels/447_png.rf.85c2642304d1112f0912e0b376ab2083.txt,61,d36fbf6230ceb0aa4140dd9664f76b7a505996995790930d5bba856b15bb4703
after,val,labels,dataset_clean/val/labels/447_png.rf.da74a03d3e36c3ec2708eaa1ddd4f35d.txt,61,d36fbf6230ceb0aa4140dd9664f76b7a505996995790930d5bba856b15bb4703
after,val,labels,dataset_clean/val/labels/45_png.rf.53a92bcfe599631c75d7823e0146a1cb.txt,57,ce53c9392d6327f9cf6f55127f77568eabaf29ae3750e88a1138069b3fbb15d0
after,val,labels,dataset_clean/val/labels/45_png.rf.845e074f66e0c5aa1d04dade19625551.txt,57,ce53c9392d6327f9cf6f55127f77568eabaf29ae3750e88a1138069b3fbb15d0
after,val,labels,dataset_clean/val/labels/45_png.rf.da3fc1d1cbeca17fddecb7bc6af1d240.txt,57,d6ee27d4ff2f3461718c3110d2464e5c774458ce88eee048c4f313c1189e18b7
after,val,labels,dataset_clean/val/labels/488_png.rf.22d1471c299b3e5465cc072c8ab8d517.txt,67,a9409c8b0ae85e0cae90f0f23f45e5ef204ea3995585ef8abb41ef0c209b21e2
after,val,labels,dataset_clean/val/labels/488_png.rf.bd34089829270d3502eb34abaacf4402.txt,68,f2d49ab8c0b2d5fdf5e1c67d2bd76b0a9d3d9645234b0713d57538c4d6ee21e4
after,val,labels,dataset_clean/val/labels/488_png.rf.e04dfb5b5a9975bfe4475937bcd97453.txt,68,f2d49ab8c0b2d5fdf5e1c67d2bd76b0a9d3d9645234b0713d57538c4d6ee21e4
after,val,labels,dataset_clean/val/labels/497_png.rf.402810b0833f2e81d4239c291d659941.txt,54,57f0d0beb4cc135126286d4713424aba43abcad0fe2ed089a29576ae5ed5acc8
after,val,labels,dataset_clean/val/labels/497_png.rf.7d1a64ed152c53e7263da6cb69ed71d0.txt,54,57f0d0beb4cc135126286d4713424aba43abcad0fe2ed089a29576ae5ed5acc8
after,val,labels,dataset_clean/val/labels/497_png.rf.b68ae75c06ea7b3fc126401eefedcc92.txt,54,57f0d0beb4cc135126286d4713424aba43abcad0fe2ed089a29576ae5ed5acc8
after,val,labels,dataset_clean/val/labels/508_png.rf.1550cd8932502c73b6ffc4f005c1e275.txt,69,2d76696f8ead009b94542755dbda917b70c2a96bcf8ae15d56536ec1a1989a7d
after,val,labels,dataset_clean/val/labels/508_png.rf.299df6b1025b52984348399bfe3083b7.txt,69,2d76696f8ead009b94542755dbda917b70c2a96bcf8ae15d56536ec1a1989a7d
after,val,labels,dataset_clean/val/labels/508_png.rf.9b2d12a2916b1d7e77ec77f92018627f.txt,68,989012c283caf6c2a9d53976306f79ce6d0bb81b6c5eb077ea6860525bd2951f
after,val,labels,dataset_clean/val/labels/511_png.rf.536cc349d2db35e0fd7e2b51e5cd9f84.txt,60,817da8ec61f573b881d8622187fef1394ee94742c4f1f6cb727f8d49a2ba1433
after,val,labels,dataset_clean/val/labels/511_png.rf.da7fac2ea241b98516017a848d139597.txt,60,817da8ec61f573b881d8622187fef1394ee94742c4f1f6cb727f8d49a2ba1433
after,val,labels,dataset_clean/val/labels/511_png.rf.e0abf1f589d5c1273020a0a9f496e690.txt,59,883f5196be1e0058a94664800c3bf37a112d7e73b81112e575916c1a2fc35b25
after,val,labels,dataset_clean/val/labels/520_png.rf.83627423d0ce99e5ed942cc1aba5ca53.txt,66,2dfe1e1091151de1e7f76bfcecb59273de9ad43e24937503141381b540b1dbc5
after,val,labels,dataset_clean/val/labels/520_png.rf.983e1cd95a8fde1725e24d86e9df29f5.txt,66,2dfe1e1091151de1e7f76bfcecb59273de9ad43e24937503141381b540b1dbc5
after,val,labels,dataset_clean/val/labels/520_png.rf.9ef6c53d531a1ad6598ac452b8a29429.txt,66,2dfe1e1091151de1e7f76bfcecb59273de9ad43e24937503141381b540b1dbc5
after,val,labels,dataset_clean/val/labels/527_png.rf.1bbdc6697d99b36905061fee9b37342b.txt,69,3f6d950b56c09243627b0c3b8ef6de203c6d3775c191b2150067f53fec54237f
after,val,labels,dataset_clean/val/labels/527_png.rf.b08eab9b1791359eb894f1e4ce4ba8a5.txt,69,3f6d950b56c09243627b0c3b8ef6de203c6d3775c191b2150067f53fec54237f
after,val,labels,dataset_clean/val/labels/527_png.rf.fe9c19f8a169a27b3eb04a0b587a6fe3.txt,68,fcb6a97019599d4cfbe420099f1c1fd36c1d3c44003fd0cf67a24a23cfc1b34e
after,val,labels,dataset_clean/val/labels/529_png.rf.3108adff267459a3c2f46f6448f47718.txt,56,b6eedb52c424ff5c5074d86c4c4aff5ac4a4c9c62d66e6273f4976ed03e4854b
after,val,labels,dataset_clean/val/labels/529_png.rf.cea2e46994d954bde567905549eb8604.txt,56,b6eedb52c424ff5c5074d86c4c4aff5ac4a4c9c62d66e6273f4976ed03e4854b
after,val,labels,dataset_clean/val/labels/529_png.rf.f161eb03aded6c9d6db30fcab150fbee.txt,56,b6eedb52c424ff5c5074d86c4c4aff5ac4a4c9c62d66e6273f4976ed03e4854b
after,val,labels,dataset_clean/val/labels/541_png.rf.3733adf38487323361ad80616972d01b.txt,58,805f5034403eddcc427cdaf6a59f17d8ab2a32de09be66f84ec766221ecfea3f
after,val,labels,dataset_clean/val/labels/541_png.rf.8bebf9cb289406fc043bcc787ae4d387.txt,64,6416f1d17fb3587778f9d626897fa35cdb27d6f1b3f731021d1ec65b00f59fbf
after,val,labels,dataset_clean/val/labels/541_png.rf.d3eb4e417ba97ed707e09c18921f2d87.txt,58,805f5034403eddcc427cdaf6a59f17d8ab2a32de09be66f84ec766221ecfea3f
after,val,labels,dataset_clean/val/labels/54_png.rf.0261c3c78252a1b40f68adf25d546086.txt,57,ec750fa9dce904c04f0bf32a646c771b1873a74133490f30bf777e8cfbbbdd9a
after,val,labels,dataset_clean/val/labels/54_png.rf.16734bc98b0943e73564f7c91a1939a8.txt,56,239b68829540f6004d5dc4f74254e54f7099614c85a83fdf4e3e1e4669575569
after,val,labels,dataset_clean/val/labels/54_png.rf.a3848ba2c88a2c18a8c0525b4a21836d.txt,57,ec750fa9dce904c04f0bf32a646c771b1873a74133490f30bf777e8cfbbbdd9a
after,val,labels,dataset_clean/val/labels/5_jpg.rf.25786d96b95e0a134ba00faa2a76b0a6.txt,78,0955fa2dd5abc086207c2b04007c793a5ddf10e35394c03846dc5d6ad810665f
after,val,labels,dataset_clean/val/labels/68_png.rf.588493105f96c1c37f44db58282387ed.txt,59,19df18199f8bb0a705582d7068301f3d295b6721a756205f23e36a103bda055f
after,val,labels,dataset_clean/val/labels/68_png.rf.89bbfcb4b8e01772a5101defd9d75470.txt,68,a20ee24e7243fc858c3d7f2892865083f390632c22ecd6b4f06e2db627a6188b
after,val,labels,dataset_clean/val/labels/68_png.rf.ded0b4d49459e89f777720819eace0e5.txt,68,a20ee24e7243fc858c3d7f2892865083f390632c22ecd6b4f06e2db627a6188b
after,val,labels,dataset_clean/val/labels/74_png.rf.2c191f0af78d004e0e046f83c982c811.txt,67,0c2f0e0a0aaeb9dca1b7976e2e9305c2f93b7f37658113f944591ac92082f2af
after,val,labels,dataset_clean/val/labels/74_png.rf.993cb056315acbab1ee56246a25bceba.txt,67,0c2f0e0a0aaeb9dca1b7976e2e9305c2f93b7f37658113f944591ac92082f2af
after,val,labels,dataset_clean/val/labels/74_png.rf.eb46ca7117389c1a43af4093a1c0304f.txt,66,46704c1c492ee476177e561c36add7a3f490b8831f0912bb2dd91e2b265b21e3
after,val,labels,dataset_clean/val/labels/75_png.rf.7c6dbab1d866ac87cadea9285b7b2974.txt,59,2950e24cdf95bafbb52120f8a9eba6b0e203351436884f3335d21f1c8f818b70
after,val,labels,dataset_clean/val/labels/75_png.rf.947ee2e1fcf7c04b58c34e61de3031d7.txt,68,16f8ec1864f38596f686d366739e90203d81bc7f0b336e87fd86bb71f46f6ce3
after,val,labels,dataset_clean/val/labels/75_png.rf.a1aedf1a5d12290217411e110617d317.txt,68,16f8ec1864f38596f686d366739e90203d81bc7f0b336e87fd86bb71f46f6ce3
after,val,labels,dataset_clean/val/labels/94_png.rf.238f7b042b9110f969d451c4006117b2.txt,62,35b92bbd9c51a7f2b041760b4a7424c4e33f87219cc312475953cfcd9dfe15d1
after,val,labels,dataset_clean/val/labels/94_png.rf.3769552c8ac6f6346110fdb5fd09780f.txt,62,35b92bbd9c51a7f2b041760b4a7424c4e33f87219cc312475953cfcd9dfe15d1
after,val,labels,dataset_clean/val/labels/94_png.rf.82eaf0b1124cca8194f89ac9ffef24c5.txt,68,6844ab69797dd12c2eff4453f1f369f9148e50fe712d4a2e4b110399a02210ee
after,val,labels,dataset_clean/val/labels/T_19_20190608_081908_jpg.rf.00a801c5e743f9d7e1fe88d7eff026fe.txt,45,96c4310c14846f55b720c981dabb6facde11627147b53e032f715af2493d5112
after,val,labels,dataset_clean/val/labels/T_19_20190608_081908_jpg.rf.5b3dc812d093f1470f3af6954a5a5888.txt,45,66d9089b2c3b46f2bccdeb23f8768c053215aa3b21e36ec440727e7efdaac1e1
after,val,labels,dataset_clean/val/labels/T_19_20190608_081908_jpg.rf.ec67e0a25c5797c90178aa16507137bf.txt,45,96c4310c14846f55b720c981dabb6facde11627147b53e032f715af2493d5112
after,val,labels,dataset_clean/val/labels/T_38_20190611_075450_jpg.rf.3fbb30fcbfec615532b66c23ba2562f3.txt,77,a89e0b5447629c225cbd580b7e8e1dc070ece975922bc7d239398692c7f6c8b2
after,val,labels,dataset_clean/val/labels/T_38_20190611_075450_jpg.rf.3ff167780fce80d525ee12f048d25a11.txt,76,c014896ef881db96b6e23640aa436a2ac2fd379fb59d9f35673b492046fa7eed
after,val,labels,dataset_clean/val/labels/T_38_20190611_075450_jpg.rf.9f73e0c8b082141aba371397f6f99829.txt,79,1703d71abf6cad55ced7d2c2bd12388669d5d986432863e83638d375949154a4
after,val,labels,dataset_clean/val/labels/T_38_20190611_075450_jpg.rf.a40654cf6c092b13ebbad348681d73cc.txt,77,6a89d543100be69323d52bb503a678c1c013be2632ede75308ae15085ca93db9
after,val,labels,dataset_clean/val/labels/T_38_20190611_075450_jpg.rf.ecfffbc1c54fd5abc37ec47151f8cef2.txt,77,6a89d543100be69323d52bb503a678c1c013be2632ede75308ae15085ca93db9
after,val,labels,dataset_clean/val/labels/T_41_20190611_082501_jpg.rf.27db570ec0bcdbe7336286cb20b1971d.txt,71,9a04481058c8ec824899f009b05bf58f6a02616acda3d317bb01b283502453b8
after,val,labels,dataset_clean/val/labels/T_41_20190611_082501_jpg.rf.7e888787b8186f61e9c610ab82778cba.txt,78,d5957449704f26c36cdf55ff991c0f310611270095b9f2a132f1a06ffaa1e5cd
after,val,labels,dataset_clean/val/labels/T_41_20190611_082501_jpg.rf.979c4a99da12fcc8c486fde30e80827a.txt,78,cad16ede24ff6e97d994d36e648e1dee995431d83ce4e5d90149f457a155a0df
after,val,labels,dataset_clean/val/labels/T_41_20190611_082501_jpg.rf.a6947acd39fe74452b5e21ed44b49fc1.txt,78,cad16ede24ff6e97d994d36e648e1dee995431d83ce4e5d90149f457a155a0df
after,val,labels,dataset_clean/val/labels/T_41_20190611_082501_jpg.rf.bc3f13c959888341f605dc913b7a6ad6.txt,77,ff67063cef62da2a4fa16c7823601400d08d5b9419aa7799f9d562dd15ba6826
after,val,labels,dataset_clean/val/labels/T_41_20190611_082501_jpg.rf.dec2d93c8adfeda885cf74c4021d0246.txt,69,9aca7f42d8b33ccf152500566115e4c5202573ab5f65c6518c4ae683abdc2bc1
after,val,labels,dataset_clean/val/labels/T_41_20190611_082501_jpg.rf.fdb1603c8555f870701d1f8e4f46c826.txt,71,9a04481058c8ec824899f009b05bf58f6a02616acda3d317bb01b283502453b8
after,val,labels,dataset_clean/val/labels/T_52_20190612_081110_jpg.rf.02fee90bf39d24944ded483eb03905c0.txt,79,ac6e4b777a51717af46d612e3a685b68cc853cd394ff6bedf83e654b2e8eddb8
after,val,labels,dataset_clean/val/labels/T_52_20190612_081110_jpg.rf.08011530beaa1edba76ec9abcdf968f7.txt,78,7a501f6e3d301cc2e7a681b8164647910dbdf5dc149624b516e6fc54ab1b0515
after,val,labels,dataset_clean/val/labels/T_52_20190612_081110_jpg.rf.0f93097b5776ad6f4d2963594cc66a2f.txt,70,777fe64480374df4fcf0e2b0538d872fa8017ae5fa6481b11050ddccfb9b48b9
after,val,labels,dataset_clean/val/labels/T_52_20190612_081110_jpg.rf.178e5fc2407a904218c27e271a16442d.txt,78,bc36df1467879e38dc998fb5003a8a46a1c95753702092e3f14745e956185b40
after,val,labels,dataset_clean/val/labels/T_52_20190612_081110_jpg.rf.768675e49c377c2a3c187a8120a3dd94.txt,70,777fe64480374df4fcf0e2b0538d872fa8017ae5fa6481b11050ddccfb9b48b9
after,val,labels,dataset_clean/val/labels/T_52_20190612_081110_jpg.rf.956c486962c5015344d01037daf765f6.txt,78,bc36df1467879e38dc998fb5003a8a46a1c95753702092e3f14745e956185b40
after,val,labels,dataset_clean/val/labels/T_63_20190612_092329_jpg.rf.6ef4656b96c4865f6d23755cd7507597.txt,77,1addfaad50179abbb41653840dc62a16b3e2f5105a76ebb605c39367d11d4efe
after,val,labels,dataset_clean/val/labels/T_69_20190613_081445_jpg.rf.25e14e9f6b5669e4571cc2c48c32c0e7.txt,69,751373e37902cd819c14decb07a3b00312f02e254c5888af786fa1b1b9e25c73
after,val,labels,dataset_clean/val/labels/T_69_20190613_081445_jpg.rf.66618fc1d13c9fb1b3cbf9417e1d8642.txt,78,a27bfb65ee2997951461a961eca51c9c0f4e823c036b92b1f6a694076975abc0
after,val,labels,dataset_clean/val/labels/T_69_20190613_081445_jpg.rf.7e5e9dd12f25f007de78b0af5cb49d29.txt,78,a27bfb65ee2997951461a961eca51c9c0f4e823c036b92b1f6a694076975abc0
after,val,labels,dataset_clean/val/labels/T_69_20190613_081445_jpg.rf.ab845977efcccc91e23177a5aa4f1d41.txt,78,905b52013b6600f63298082751e518ac81cf715bc73dbabfd82e8a0f8cd14673
after,val,labels,dataset_clean/val/labels/T_69_20190613_081445_jpg.rf.c54f6d926b069b29fbe1094e7ecdda8d.txt,79,bc83411fd238840c5065a6f18d3e20d70b8dc8563fc45e8f6ff69da44a371b2b
after,val,labels,dataset_clean/val/labels/T_69_20190613_081445_jpg.rf.c8947ea3cd185e06a0fcc80cda3f1d2b.txt,78,6b0ff99796e29760629aef70ad508b6d462aca90efc48ade0948f7ceaf365076
after,val,labels,dataset_clean/val/labels/T_69_20190613_081445_jpg.rf.ceb27c21721d68600f71c3fce4f880e0.txt,79,bc83411fd238840c5065a6f18d3e20d70b8dc8563fc45e8f6ff69da44a371b2b
after,val,labels,dataset_clean/val/labels/T_76_20190613_093151_jpg.rf.973b45d48604767be6fc49aa18cfa1d6.txt,78,87e713674b1c174aaea4b69f617230cf5daa9c894bbdaa5fde803d144b8ea1ae
after,val,labels,dataset_clean/val/labels/T_76_20190613_093151_jpg.rf.d394615bcbe5c66d54f315b151b031fc.txt,78,8d09dbaf8f450ef65474c4d65622a768b2c75ab082b70d3f7419542efbfe7761
after,val,labels,dataset_clean/val/labels/T_7_20190607_074759_jpg.rf.3d5aa0b9e8ae25046a89108ee7fa00d4.txt,78,339ea3823b7d1e9061bfe024d8dd65a3c999978378b04b9c86bb55885d7bc86b
after,val,labels,dataset_clean/val/labels/T_7_20190607_074759_jpg.rf.99c54b09ad637d129a705cfee5ac1a5c.txt,69,d8f490203c870592c782d79d1679dd1a71d690613b3503f6ab5f314c20844bcf
after,val,labels,dataset_clean/val/labels/T_7_20190607_074759_jpg.rf.f7f9f7720ab5c7ee5dd3dd33740a6330.txt,78,d988c1c2a29ba09e7c9004770ffdfb0b71c9749eddfd188069baecce4b6f6c7b
after,val,labels,dataset_clean/val/labels/T_7_20190607_074759_jpg.rf.fc26a7552fd43316dcd547eca5298be5.txt,78,339ea3823b7d1e9061bfe024d8dd65a3c999978378b04b9c86bb55885d7bc86b
after,test,images,dataset_clean/test/images/104_png.rf.09385316752ae2230e31961fd5a03f52.jpg,372859,dca8714a1f8d74edafd3315046e0626e22cdb04f199632f42bbe2994b4741956
after,test,images,dataset_clean/test/images/104_png.rf.9fe670b02ab3e4b9e796743b0877948b.jpg,372810,5046bd1fa73577d93e0c947f0bd3ca6ac436ef6062eec21131f49b1314766b9d
after,test,images,dataset_clean/test/images/104_png.rf.db7f446e416e2f8ae8a4ca8c97a4b5eb.jpg,373422,822482a2f505f8054c0a5baa86aa23683fd4f62ae976b05acbab323be75ec783
after,test,images,dataset_clean/test/images/10_png.rf.44e757574c6aa5d39c383ca15bf1b463.jpg,228222,e07b520641aae053f59a31fcfdbb5f6b5363248240ee07fe4271136f5ba69fa3
after,test,images,dataset_clean/test/images/10_png.rf.481d60386b20fedcbf73c0e0bcba208f.jpg,228476,29474091e9c3206a5ee08006961c3dfa34562367574f5ebc140dbf5fdfcb1f53
after,test,images,dataset_clean/test/images/10_png.rf.cbe5422554a0704c42ff32e69365f435.jpg,230287,9d7bc1d2692c89c779a9d660eb3ffaa05f1b5f7ca85b13d139882ce951680c62
after,test,images,dataset_clean/test/images/116_png.rf.64a25c0d2c3505bfd7408b868803848b.jpg,231468,5deafbf55e237b36f2e4a65daf8501f722d4a24ea58e623683594ff63c7d4cc2
after,test,images,dataset_clean/test/images/116_png.rf.8b86a2f2034a2bd92ce40f9936d21a42.jpg,231349,5e56330cb467eec2754b5414e234474e9a304278153c679bde607afe7bc6f9c4
after,test,images,dataset_clean/test/images/116_png.rf.9ee41841685007d0705694cbedd87557.jpg,232780,9c422b9affc285f0add99aca5b28beee217dafdeea8ec97bdcd6ab0dd7cd6e99
after,test,images,dataset_clean/test/images/117_png.rf.29d5940cc82a3821e28f57eae8d1598d.jpg,251421,171b13b3f00759efb684a31aace9da67469a92607e3d009469a72e917c5bb02e
after,test,images,dataset_clean/test/images/117_png.rf.509b27d111a5f54044599220688190f8.jpg,252999,5d10accb3c16968dcff177ee1073e31d19a2450cb6d454e8bcb77621d91cf482
after,test,images,dataset_clean/test/images/117_png.rf.658e613e3f49478ed63c8e37200d30b7.jpg,247821,ea86e6706e1f33b713e7a32898de462e7385c29b9ff9c8dd67942a7ad81704ab
after,test,images,dataset_clean/test/images/121_png.rf.4d936708c8761c5c3419897739a9eaaa.jpg,318465,fdf1940ac327f181c1c56f74bda56a29b1813baea168bddbc1374b825caa9be9
after,test,images,dataset_clean/test/images/121_png.rf.b642686527c627d07cfca72d79339071.jpg,318331,f2c553d3e4eec3e8fdf14f3f98c5e11f12bd86b0004d9fb6cb3b95899dc290f5
after,test,images,dataset_clean/test/images/121_png.rf.f8120f4bbb831b2a015d9ee2d1dda969.jpg,318361,6dd7021aa3115ff00ed23ccb7a82397a7ceb5280f76af420af771930308ca811
after,test,images,dataset_clean/test/images/122_png.rf.7b69e6a05c0a7bd2a0f16b11bb2fe345.jpg,324292,5f8eee2c3a8ec549b82ec19d5a674af2bb71f6ce524a7219191a71465303cd5c
after,test,images,dataset_clean/test/images/122_png.rf.c48c5b0a525e1e9ffcbe00a46a1aff62.jpg,323154,b40e0031bc5fb70a09b4c4d1b0a344f36a2ce70468930a3df771c3e7cfa3cd7b
after,test,images,dataset_clean/test/images/122_png.rf.dc8a112f80fda4494eafe0793ec5e47e.jpg,324890,fa3bbc5aec8e4ec4ed7e23d7d8bacf6e0ed2945122b513ce22a7966ae1c50bf3
after,test,images,dataset_clean/test/images/165_png.rf.1e663de9f57235db8169d292d58d62a8.jpg,319398,d4e1b9b2d49483c75abba1fedb09a51ec0624d771d61c507271169b1cf96a66b
after,test,images,dataset_clean/test/images/165_png.rf.bf18134fac6dfe7d5ddf35028132b61b.jpg,318184,38c7c445191fe060dc9623fcc4da6ae346d5ce700876026f04776e9b33fd5cfb
after,test,images,dataset_clean/test/images/165_png.rf.c6c4ba37f8370527f23aa51da8b0ab01.jpg,317103,c983babb85597eca9c94c116a6c56b59004afe54e4ccf10ab8eebd219d31ea3f
after,test,images,dataset_clean/test/images/167_png.rf.8b11ee245d15a23bf0947ee6aebec71d.jpg,281350,73207d5479318752ebf3cc9daa2c263c544344e855af3ec3e6963da41bf0bd37
after,test,images,dataset_clean/test/images/167_png.rf.eeba1c0c298abd90809d8450051de37b.jpg,281939,d71fa0811a3d7e61e2a5576a564ed1809f1ef78f3adec4e3fe21f4b8d10b7710
after,test,images,dataset_clean/test/images/167_png.rf.f81240f36f334e4f0417c4182ef79b8e.jpg,283117,5a4a17a99df99c99fb160e925244d25a1e00489c7ccfa39ca050f465b4c129c2
after,test,images,dataset_clean/test/images/177_png.rf.c3d10939212c7e165bbc3055efc8b6de.jpg,300500,ea1c63522fbd4b2a5d3850cb30653af7ce8ec4fea79cd1960e2a60f9accbe8c6
after,test,images,dataset_clean/test/images/177_png.rf.db472f7895c1b8b1f9c47ffaefca5c91.jpg,301717,b13ad3326453af4c7b0249b3758eb5e7258d88920afb360adbe75fb46ba64171
after,test,images,dataset_clean/test/images/177_png.rf.fb42a3a39bba22345ec1bfd27fb9378c.jpg,299441,890def22b59020d3b240cd954514a414416cf740002a5d85aee917bf0d53e3ba
after,test,images,dataset_clean/test/images/183_png.rf.43003f5499c0b733a9064ea23cd99bfa.jpg,207108,c061c2623c4684364d370f32be137951e7b221522ec92ca3cb9784d04ec826fd
after,test,images,dataset_clean/test/images/183_png.rf.5c8cfb20c73fe9caae630367eb3cfe80.jpg,204965,35848f7a2cd77b4a055ea7aeed667db477c3a28e37ea76c1fd128a332a27a007
after,test,images,dataset_clean/test/images/183_png.rf.ca0028740b2fa2e49a18267de7191ed3.jpg,207493,174de619201104fbaa393291cd47069c6f84ea90346e1a5d23372747172c1940
after,test,images,dataset_clean/test/images/189_png.rf.0a590812cd520c23c320f79f51fd4eb3.jpg,238503,199cffe416d9aafe56635ded8063e8f742d7106376f0c2c233f795e91a820317
after,test,images,dataset_clean/test/images/189_png.rf.ba54a268d0776386ac86b086ae7edff4.jpg,237655,4e2313e395003378eb07a7ec88df87c0741ddc69d147502681ea64e488cf3c37
after,test,images,dataset_clean/test/images/189_png.rf.c9f84e49f617476c8eda393e5bff6214.jpg,237747,5294e5a3e51f71f762d336479aa0c2d6ff4e17e1105cf171cf7857780901edae
after,test,images,dataset_clean/test/images/197_png.rf.11ef5727db296ff479bec34605d86f0d.jpg,341112,9f9659b6d08baa548b7db6e8890dfa75225080760ee1fb3a6eb494614641e2cd
after,test,images,dataset_clean/test/images/197_png.rf.b5674897570e5b6ba56170422c4e993f.jpg,341098,578a0da974c41dd07bc50f247f1765efd9672841b9d0db14338cb8377f61e1aa
after,test,images,dataset_clean/test/images/197_png.rf.dd91b3271b68cf9ba4c5e5cb8ab007ce.jpg,340044,3513cb07e901bbc3cf3dc539e3794f2140531fca00aaebdc2c000ce5ab935dc4
after,test,images,dataset_clean/test/images/20200124_154320_jpg.rf.09730a90d74912faae1db6239a28b68b.jpg,14891,d98c6ff3d41de2c50ce15c403f418172593d830df854f700e410380015d83aa6
after,test,images,dataset_clean/test/images/20200124_154320_jpg.rf.205407259761b946c47742d7f2a355d3.jpg,14343,dd5ae613c76786112a8d4f7f2eb1a5489ed4b7cbe00eb2cffd344768e4bdb979
after,test,images,dataset_clean/test/images/20200124_154320_jpg.rf.2ad372e6100c9a79c50505cc8897b3ec.jpg,14861,e149fc580030f2898bfd7509fd9479b01c7b0c8c05e3c6db5ab56bc20bb48252
after,test,images,dataset_clean/test/images/20200124_154320_jpg.rf.6167911e51b8df2aeb90067aa46f2fe3.jpg,13987,847fc777460c7ab3478b49f8ca5c460bf30e5ef78d99e40889e023ced5f18824
after,test,images,dataset_clean/test/images/20200124_154320_jpg.rf.96cd0031238ba906ce98bd99d8d633fd.jpg,14088,d7415c712bddc7b9b4672cf959fe868611784e76566002ae64800c4292ea0c8c
after,test,images,dataset_clean/test/images/20200124_154320_jpg.rf.ccb225fa9b51ea85982710aae1b8f175.jpg,14488,d8044e170a7dbe344c3b6f4a934c619c13439bead71377d51099096aebc65e6b
after,test,images,dataset_clean/test/images/20200211_155237_jpg.rf.0a34220bb75642fe2cb5918385f98e15.jpg,17299,7d619d19a3a5f8980d4ea43561aa6a47d96b8bf59ca270d91bd02f4f3ac86a39
after,test,images,dataset_clean/test/images/20200211_155237_jpg.rf.1c3012c5db04dd8c53f4aa0ab62b8eb2.jpg,17188,56dd8e3036e64099a304c261dcfb372aa8d951d337c7067bea3ee17e168ad91a
after,test,images,dataset_clean/test/images/20200211_155237_jpg.rf.1cd25422e3574aa327a027be9ec5b8ba.jpg,17304,e95e4c1338c3ee2e0512bde96308ca9db0addb7369fadcb1df4d3e2a7fa5f4bf
after,test,images,dataset_clean/test/images/20200211_155237_jpg.rf.a42cd8a17e221ebcafb13a2edd561829.jpg,16805,8b09a3ddadabcf9420308e8a6b63d22c774322346861e607fcbefefc5250ec73
after,test,images,dataset_clean/test/images/20200211_155237_jpg.rf.adb238f88d36375864e600a5df2b93c3.jpg,17187,3e455c771a79a68fff3b7ff455cfd433779e3ea7169f74e19b1c9764357a98ed
after,test,images,dataset_clean/test/images/20200211_155237_jpg.rf.b91679eafc8130bd36129ac94e505175.jpg,17882,61dcc983b25dce9ec5d141dc1a9a71561572c9fe9f79145f45605e6d556b4795
after,test,images,dataset_clean/test/images/20200211_155237_jpg.rf.f0892aad974a4649e6976c29b083e59c.jpg,16146,4d463b4536a95ad3dd051f8e1107b33cabb359eb9232eb4d2cc19e5c8ed4388e
after,test,images,dataset_clean/test/images/20200213_152136_jpg.rf.149bdb56f7b575fdd7adf4073c25a261.jpg,15848,e48b5e127d43aca157dcf06cb36fc7664c8391219059f0e870598f3ddf140c93
after,test,images,dataset_clean/test/images/20200213_152136_jpg.rf.44d54d3ae4eda025a4e62b7623353ff4.jpg,15116,d7b75ec19f47db5e89e560a60bd78ac64530a085d6f2c0bb317a2189d50fa74b
after,test,images,dataset_clean/test/images/20200213_152136_jpg.rf.4d500026d4c3aa958af65915b33d4dc1.jpg,15611,f868eec6fbd2aba32c78e32c60ec3c162cb7e60c4010eefffacaf2250da7aa00
after,test,images,dataset_clean/test/images/20200213_152136_jpg.rf.7e2fcf5c361d40236ad7082c75a6fa16.jpg,15448,3517e6dfcdfa09169b4c7c0da6a4fda79ee0fac773da96f4e1f1a083839b3b90
after,test,images,dataset_clean/test/images/20200213_152136_jpg.rf.a45ae8c4882a0f8df7b57945be8e6bc3.jpg,15513,bb180c18571795f8354390d4f2699544cb08a7bba5df985a557c0381d33a2cbb
after,test,images,dataset_clean/test/images/20200213_152136_jpg.rf.b7dec8d3b0f3452bfce5529ce28adb42.jpg,16041,6a38876ea2f6cb8511220a8b371d94d60e32d32a73e29691e5f5107b7dc0db3c
after,test,images,dataset_clean/test/images/20200213_152136_jpg.rf.fb6145a7ac61c4fb5ae79bf9cdc0b9bd.jpg,15493,b74c4d58cfca7aa5906e3f29945baf4689a8b0b5881b4f2a37ca77754b2e28e8
after,test,images,dataset_clean/test/images/20200214_121836_jpg.rf.5d4f04fe21176a9c601ffa3017e17143.jpg,15852,6cf2e065cebaa3b0be284934da704eb57dee9c4de4127f709b567f1180b1eb97
after,test,images,dataset_clean/test/images/20200214_121836_jpg.rf.7a163f5330eccdfe0f76f52fe8f1ae15.jpg,15809,03a792bc0ca7fde7ba711908010d7e5a236dc57ea920405720882be703ea144b
after,test,images,dataset_clean/test/images/20200214_121836_jpg.rf.d8db1474765f91ae11b9ac4045be83d7.jpg,16564,b09100f33ce5fcd030a41c5bccfda1a7dd22af4a8952671a66e986a6f7b921de
after,test,images,dataset_clean/test/images/20200214_121836_jpg.rf.f5056fec1ccca49ad127853834430920.jpg,15479,bac93872cc65ef9b30722202a4780b96da9b767ee8a4f0cafde2714fc6d6e67a
after,test,images,dataset_clean/test/images/20200224_133633_jpg.rf.0843c898cb5292b0e11c24bdb8930b17.jpg,17670,796c74b60714e48c30c8db7bba7bf0c318c0706f452fc5b0dcbb2aba70217c9d
after,test,images,dataset_clean/test/images/20200224_133633_jpg.rf.12ebb99086577a1c65cda724346031ea.jpg,17455,2d09830719770378072a7ac9cea7e5f9ceec8373dca704f5be8f1672d1e8c586
after,test,images,dataset_clean/test/images/20200224_133633_jpg.rf.13f7f0d4031448e0af571a47daf8fee9.jpg,16695,082214a2b5fcc143c07ed7f8507e073731512061d5a681551303b42407f5b9f7
after,test,images,dataset_clean/test/images/20200224_133633_jpg.rf.464728b9e08d287bf98052fd5ea39762.jpg,16998,614fa9037cdf3e4d157a31c2d2055fb150811935102e4178d125d0891ac7f3de
after,test,images,dataset_clean/test/images/20200224_133633_jpg.rf.6acab8286dd1d5076091c20e0d5d6b51.jpg,17623,3b3eb97aa29c52425e416447e36389dd6477bcaaefa7490d3e49252ac8502193
after,test,images,dataset_clean/test/images/20200224_133633_jpg.rf.a0e51ddff54e104dc15a62e8df4c8ea9.jpg,17291,42389f90bc044414f3c577fb521963c95b8c1bcc11cfa6954dacec3c39d48a88
after,test,images,dataset_clean/test/images/20200229_205445_jpg.rf.0d6e91fa338a39e637d1f12bef9b2404.jpg,18033,fce1529d268549570071182b426697752a6fab07cab99bb5380e60695f7ea121
after,test,images,dataset_clean/test/images/20200229_205445_jpg.rf.33d076ec7053434487f44646eb86dca1.jpg,17034,e7a6e3b8e9477f0f14b759c012af1f0a4ddcbfad7f4aaf2481c8ee0dcd9ea6d1
after,test,images,dataset_clean/test/images/20200229_205445_jpg.rf.38bb7dde8c4f31bf3fc2f0f22588fe0a.jpg,17869,abaab5f05a5b107f76c62b530038647ef0e4b592945b553045e3897abf37d556
after,test,images,dataset_clean/test/images/20200229_205445_jpg.rf.48d3deae136145099f180463943e3d32.jpg,16961,48302fc02ff1dd694a2411ac4531b653cf3ee2b6909f9738a7523d81089ab396
after,test,images,dataset_clean/test/images/20200229_205445_jpg.rf.86d04c88f7f1c34032f2bb97e161c70e.jpg,18201,f6382eeef664d213855b306c571451f80168e981207567d999347c10c936a5fc
after,test,images,dataset_clean/test/images/20200229_205445_jpg.rf.b9c26cda09be34a567b7d8f23ebadd12.jpg,17657,631fbfb3feccf774601eef45e4bc98f534ec15fc1da4aec5108faa3427ba8550
after,test,images,dataset_clean/test/images/20200302_222551_jpg.rf.049491ae810a2db79f575156ec9d99fa.jpg,17759,8c1175b3b88d6946070d24376813b0e4b72bc00c65bd675a7b059a6aea07f983
after,test,images,dataset_clean/test/images/20200302_222551_jpg.rf.460da731ff301d4cdc1c1ac0c866988e.jpg,16643,152a1d914ab663e1dfe2d343c2b769b403c98f53d357bfca33ac11660b5ad871
after,test,images,dataset_clean/test/images/20200302_222551_jpg.rf.75cc82f5d83d33562b9e76043e91fecb.jpg,17276,c78fac6d08d62175422416d9cdc98e6bb7f59cfc3132a3234293f76c5de51f40
after,test,images,dataset_clean/test/images/20200302_222551_jpg.rf.7643700f8f93a61867aea1dea1e9dcd9.jpg,17278,87a4fef10344e23065fa0164b77878432815d55632120c45c98b8881ba75cf53
after,test,images,dataset_clean/test/images/20200302_222551_jpg.rf.84ec629fdc29b4996fce1ecd0b2b8a72.jpg,17466,33383eddae4bbd775529278a9661aed9d0e60ab6327d9943b5baf491cd9f5a9e
after,test,images,dataset_clean/test/images/20200302_222551_jpg.rf.86e510e5f63a59a10b172516522926e0.jpg,16696,a3d6bec39dcb8e2ac19212c946d65bf7c5f2fc2e15f1145b17d89287f40a9b84
after,test,images,dataset_clean/test/images/20200302_222551_jpg.rf.9d350f88d6fdd5981ecb0f504a0dd754.jpg,16530,9f81bbbf6c7fb30b0f9336298bfcf4ae83388fcaa6068e23f522a48048d22046
after,test,images,dataset_clean/test/images/20200302_222551_jpg.rf.bb42b146d2380074639bfe9ae7b7d0de.jpg,17631,59b4bd681913cd6a6a0a1d7acd092f536a1c071dc671ea40e1d4a4db69e4da50
after,test,images,dataset_clean/test/images/20200302_222551_jpg.rf.efd46be7c6d73123d71425e2eb283a3a.jpg,17619,fcfd81a72e1c9c1ccd2787e00ec17b853e4b671af796dc9dd2dc8d967269cd5f
after,test,images,dataset_clean/test/images/20200315_161347_jpg.rf.96f8032e85258387504474eb8665c533.jpg,17548,dd78746e18b8d2387677f1f9b72d85d2898d1bb4f44f5d6463778f18559b49ee
after,test,images,dataset_clean/test/images/20200315_161347_jpg.rf.c7c5c51f280291a48da56b00bbafe8de.jpg,17735,ad6b7c14737650dba55e53f3738717fee9e748be4da8d55062915a5ff844b7de
after,test,images,dataset_clean/test/images/20200315_161347_jpg.rf.d6abe4ae48298fe0ce361858e60b0eb7.jpg,17407,7a576bc4a59824c624248b0548437559562e04b1e01ef61c14c580b8a91bc3dd
after,test,images,dataset_clean/test/images/203_png.rf.586bdf69f07336c8bab75a995a0bff04.jpg,261449,9f6c58b14803e95921dbbcb5c7ef0a59b3ac81e37424bde642957782c9d57613
after,test,images,dataset_clean/test/images/203_png.rf.aa487db643e6c4bb8e391f93eab10136.jpg,261544,a997cd71e581670f4aa991991ca0307433a50b402c6d0f8fb2a6974800712a71
after,test,images,dataset_clean/test/images/203_png.rf.db9c285e3060cc9754024b75e06f3bd1.jpg,261919,8812cf0b41539a8c8f752c0eb14f84a58eef89502701cb1ebba1a0a08ae0d553
after,test,images,dataset_clean/test/images/223_png.rf.1ec1bf2cf04d499fae02085c645f90c6.jpg,213591,cc4b0b5b1e0f55f302edd4660b95acdc2002614e6d5039b2424dff7622065815
after,test,images,dataset_clean/test/images/223_png.rf.9b0c8acbc554a0273d67ef5f554534c0.jpg,216138,0cb43fd2a8d5333c1fca0b6deb62ecf91f345cb756f18f43e23354b1edbff00d
after,test,images,dataset_clean/test/images/223_png.rf.fc486eed6c98e826875de170a6329ffa.jpg,213973,38ceb66ed6d00c7edb8911703a1493de9e6cac8f746de245b0a3d332f95f28c4
after,test,images,dataset_clean/test/images/231_png.rf.6295aa9d94483469f81bfdec61f0200d.jpg,98007,93469e22e728d0485789b4427796465ef6e46fe19e814627206fc9eab08d33bb
after,test,images,dataset_clean/test/images/231_png.rf.df22313e538b54b67d2fe41a1ed94d63.jpg,98258,4cc04c2339f2b6053ae1fb6306521fa209ed56bdb159b6b9978963ba677edeba
after,test,images,dataset_clean/test/images/231_png.rf.f542f92401935f7ec83388147c1dd573.jpg,98313,2a02ef65eec91c884e954c73805815d0eab9ecefe6532d321f4573e687a7c453
after,test,images,dataset_clean/test/images/235_png.rf.856bbd13c51ef658db391046e6577fd8.jpg,86347,416df8380c648c73dd2e28f19c904a29052300d7bac13aa8672eb32b6286ef94
after,test,images,dataset_clean/test/images/235_png.rf.c346b1816c9419bcb0dc7bea757199d7.jpg,86478,0fcb2aa8a5475abb268b602f6e5bde9026fd709a7b5c80d57e5c453ba365ed58
after,test,images,dataset_clean/test/images/235_png.rf.f91b699ce609d2f29518b803100fe2af.jpg,86314,b517810b248db82d7ace1ec5fb29204b9081daddeb3d26a05999dafcac0e37b2
after,test,images,dataset_clean/test/images/238_png.rf.1f544c6ffa33683cffcf0ed6093a2267.jpg,84862,826ddd4816e7783c157a63a0f25243995bdc4deb470d7ce437ac861c249b5977
after,test,images,dataset_clean/test/images/238_png.rf.2395166f9a5eb52e1399df0cd13df5ed.jpg,85538,a38ee88738db5e364f2cfefd1b5d46ace177eb63e97432d9aa7f2e93f078eae7
after,test,images,dataset_clean/test/images/238_png.rf.7bfee0e7097a5ab1683446e2081924cc.jpg,85282,290c8b2cabb3f465b71a1c133abe2d01d3ce2a4af28f3160ddff1d0df23c42f1
after,test,images,dataset_clean/test/images/254_png.rf.8489331c17cf2e0e952048c44d58623c.jpg,207093,10fd0588b9cec898c289fb8bc7e5e15f5e58f416cd9b0a497213a93cf47e1346
after,test,images,dataset_clean/test/images/254_png.rf.a7bebd899aba91bb5e9c6371a8bdb42d.jpg,206846,fc4a3613d33fa608884007c6d84a0cd4ca013a60c46da5b356f357cb501f2bc6
after,test,images,dataset_clean/test/images/254_png.rf.b701936531e510139786e85d3b67139f.jpg,207473,64470e13b8b2beee3163335ca4d36dffb76f7716b8c3819372c5e8181f4dea8b
after,test,images,dataset_clean/test/images/263_png.rf.266902220285115e286b15b541ddff5c.jpg,228666,c8b30c6d7f42a6d7720e74b08e8efaa636eed4ea44c25ca12117ee2927189b45
after,test,images,dataset_clean/test/images/263_png.rf.290d90973370d6a9748188178b886ee0.jpg,228631,113f38b5cb253e14bbe9fffd5d76692b0132143e88e3faa47faed07a29a65fa8
after,test,images,dataset_clean/test/images/263_png.rf.9a301003b52841d13df07c8c80cbab71.jpg,228649,6d07204faf94aceb06955afc3ff6a322e8ff8c4177b42b02fe2c88c130c0914c
after,test,images,dataset_clean/test/images/264_png.rf.126319da90a98eac1869f9aca6a6d756.jpg,192820,1da2b1b63fc95d33b0f6966f36cdabd69725b6ecb802102b17332f601720a1ec
after,test,images,dataset_clean/test/images/264_png.rf.4148ee161444969c5c3efc04805eb665.jpg,193006,76f872ecdfbe1038fe3bf7fa804f07165df758edd001f35653d1c766fbecb53c
after,test,images,dataset_clean/test/images/264_png.rf.721a2545ba89ae3cf95ce53a9bbf91d6.jpg,193425,321ec4aacf9a5b8764c3b74f101457b5bdf7af5173840d83afa076fc2aca206b
after,test,images,dataset_clean/test/images/266_png.rf.2b9029109f1c7a29e30f920dea710daa.jpg,268462,385d38666f11f335a2d94f51e4ccfdc19f0329f9b79b430892958e32ce1985d5
after,test,images,dataset_clean/test/images/266_png.rf.69653365386aa41b2ac090859c34ce60.jpg,269692,6685f3425571d3dfc6fd4aafac88a59658d788e9e1799d729adb81a401e42e2b
after,test,images,dataset_clean/test/images/266_png.rf.cba8ed3930bed5cce2578bef484285e0.jpg,271909,d41857606b55bdb131881a1a9274b372464bee06b064408e321e8e4646b6b6fb
after,test,images,dataset_clean/test/images/283_png.rf.6f70a89dfc94bbb57a97845d9c223a5a.jpg,307818,7422150cb8d7597baa7aa7fe47477f2d158c7ea1c53060049b86f4341a2ba602
after,test,images,dataset_clean/test/images/283_png.rf.8f9e7a0e6e3b6cf6b289998e8da5cb6b.jpg,307848,47ddfce54eb8e17c827c28e889e42c1db75d6efd12f479fe97465ffee85bb0c2
after,test,images,dataset_clean/test/images/283_png.rf.ff6e88e9543c3bfdd272de14b6143fe1.jpg,307660,04579db654f35b004e4ddea9941e6a6d91b6316461325e9f59e4074b095c6fa0
after,test,images,dataset_clean/test/images/285_png.rf.0368dc58906667ed7c003ea05b9ab01c.jpg,334482,1790144d2e37f79d64c56eef8d1a21b261235f068812df26b3f8c33075bcd893
after,test,images,dataset_clean/test/images/285_png.rf.0658b2796cff5559b417bc779822ca04.jpg,334340,324a8d0c3bb9139e26938f199ba95f07a3a577eee05b3910c646f230e35aaa22
after,test,images,dataset_clean/test/images/285_png.rf.b81fbb779f453d2e13ee42835e236d50.jpg,334162,8440c06075c719c429cfea229b8a3d62727582ee2bf7d2deb3dbbfb180bd00a8
after,test,images,dataset_clean/test/images/302_png.rf.b56e935a0c09917d198f71cc4b0111a8.jpg,325320,3d8e239d0670026984b2b5429412591def59d63bc505f15225d00948afe03f0b
after,test,images,dataset_clean/test/images/302_png.rf.cc5120e36c622809c73b3fa8680b3d4f.jpg,325214,cc33a48da45b8d2fab6e26b74f0b3139cca0d35670335827d8af658411e37d72
after,test,images,dataset_clean/test/images/302_png.rf.fb2577d38a51cb81d99834137ab9baa1.jpg,326232,84797af74189c964eaf0b6b98ab121d9e083813ad430b20c7ad22abc11be9558
after,test,images,dataset_clean/test/images/314_png.rf.587cd6e007897ccf2a1a620a844d7c91.jpg,286198,a57f6038e329fc87724ff2dd053bd39c455cd6f87461bdca8becb2cebb4612ab
after,test,images,dataset_clean/test/images/314_png.rf.ac6e08ac8959348192bbae6a9147c05c.jpg,284415,8ce7db0a7327885f04d0c8d5716d04b7f360aea254980ff4b94a9112bd2b9b7e
after,test,images,dataset_clean/test/images/314_png.rf.eb600c8934d358847030250ac06c4298.jpg,284905,6165374515291a6fa17e4d027d66ea4734ee226008c5d06f7ba3349547896474
after,test,images,dataset_clean/test/images/31_jpg.rf.394100d939b8c0fb97ebf654afec71f6.jpg,19344,a554c3431d0d91339c373319702e0596871d4a742e8545cb6f0a12d5e55f8da3
after,test,images,dataset_clean/test/images/31_jpg.rf.4628927ab06ebdc2ed58ea16b4ba3ea7.jpg,20259,74601b9c4ca7980a0b9a244eb5aff36d8cd042899fea3c634fd852f7c10ed236
after,test,images,dataset_clean/test/images/31_jpg.rf.8365c49acd5e07ea1705a5dda8f64017.jpg,20630,02bf41241cf2b312a97685e13701027ad8280cc864c89db550d4d9c8e1015e2d
after,test,images,dataset_clean/test/images/31_jpg.rf.b050f63cd661eed4b4c9e5d57e147659.jpg,20298,0322c4eabcce376a790abda884e2d5d846444a67ab413fc718528755e00941f5
after,test,images,dataset_clean/test/images/31_jpg.rf.d7df3d182ebf3d0851c96fd41b3e6d9b.jpg,19403,11588fb3ac622455364c417913c8ad5b815fb1d1551193fe497c83665f55b306
after,test,images,dataset_clean/test/images/31_jpg.rf.e726a3837fcbba0893f98b7480c7843f.jpg,18976,8ff526bc2b6d3d6c47d32cc8679743e00e0e676b44680994f464d5175d99b203
after,test,images,dataset_clean/test/images/31_jpg.rf.fd98fe0df8069cc3464536801933d4e1.jpg,19415,76fca7ecdac2d61d6f0d0fd7f9e77f9b2260d86e50f8be1b7e133864d16252e3
after,test,images,dataset_clean/test/images/320_png.rf.00154793090c8e8d562c4942e5de2715.jpg,273149,0cbb1124edfea7986c1f03c01e0c61f8c06bb0cc3cedc0bb909ff4d565bf34f6
after,test,images,dataset_clean/test/images/320_png.rf.3c89d2121a160aded00692dfe398c211.jpg,271793,fada97d389caaedcf07a844621371ebc2007b85d5efd73d17ce4da29806ab061
after,test,images,dataset_clean/test/images/320_png.rf.e63224c6000184d068dd48bd5b33a92b.jpg,274503,5f4448dae80d1f6e4b1d829d4445a2166ba30afbb76ea22f532680c410c9e0d8
after,test,images,dataset_clean/test/images/321_png.rf.0de756dbd040de911b1277c8857dfbbc.jpg,254073,7d8b7a1d090f0ef0e7a45a625cfedb1100d22441e795d886a07422f18834377c
after,test,images,dataset_clean/test/images/321_png.rf.2d206b9ae6009a6f9cfba0fc9e76a3f5.jpg,254220,0d0ac23743a3e925c95b52c484e4aef40beda1220eed56d55c8405a91030f888
after,test,images,dataset_clean/test/images/321_png.rf.50a6ebe27ea401d2299f692450a1cf7f.jpg,253274,2f6171006448f3fb585cdc25d64f7cd0213dcf10b491a57706e4260eb835b143
after,test,images,dataset_clean/test/images/339_png.rf.248dca051b3d0de913bd9e82bfede760.jpg,242987,4e30c4e50bf27ced3d2d6950567f68e7947b031d958b345c50fb0a96e1f1f619
after,test,images,dataset_clean/test/images/339_png.rf.29f1d58eb835780fc20fe0f4e5c6eaf0.jpg,244372,7f58b6bc9d3b2556199d62190bf930f5d01a3a56af9371f09da984fb4a6281e0
after,test,images,dataset_clean/test/images/339_png.rf.95be03752d938ee85439d58449f618db.jpg,243549,5c652926701c73b48a5da65436f8ab936891da32b48f8fa488a5a00dc359ed9a
after,test,images,dataset_clean/test/images/354_png.rf.2610dabd56735b453e30169212972636.jpg,241374,c814884463c1eb4002b8fefa49ee4e1de6bc07cdddb3d42b8383195b5703f6a3
after,test,images,dataset_clean/test/images/354_png.rf.6b4a30e9b1719f218cdaf321c95d639f.jpg,241496,9732a9e62ddbe80789a21c38656d1517fc6aceab50f2f058634a3eb8cd0c0578
after,test,images,dataset_clean/test/images/354_png.rf.bf13fab27974392b88325ec40f934712.jpg,242152,6cf98d76605702650a0d4c58fbe2b73852dcc76a388137b2096c10872fe83203
after,test,images,dataset_clean/test/images/367_png.rf.686752a975cf2740f60911cc8a86cf57.jpg,244680,b3fb05864e1e45df1ab7e1a2510d3da8bda67251fcb060e7ed1bc725f276e0bd
after,test,images,dataset_clean/test/images/367_png.rf.f6a57fc8b40b3d20c856132df340123a.jpg,244590,ba3f70b8e3f9ead736fedcf7aadb8b1158c7995c2230f9eaf8b921aadcb99218
after,test,images,dataset_clean/test/images/367_png.rf.f8a0d3bc1bfdee26b2efc08b8ee77269.jpg,244536,e3f9dc42a62c21fb0c267fa6b83e292dcd1ea01516c419c45aca051c8a3fa6cf
after,test,images,dataset_clean/test/images/37_png.rf.196703a16ae49fd50a49d9646ef0f179.jpg,311759,be1d1265fb41b23612e0c02e72e578886af1882fc9982287243dde8ac802f835
after,test,images,dataset_clean/test/images/37_png.rf.6c9135b527fd5577302fc4952bd01b2b.jpg,312628,b2c254f92182e21e39912be33bd04f718da46b4dff24fc6795e373b201b7125e
after,test,images,dataset_clean/test/images/37_png.rf.ce127e32131fdd43620d509ca53bd53e.jpg,311093,38b1eba79aea4b20091284f93c443614e9f11f8789a193c0e2d766f1ff5809f4
after,test,images,dataset_clean/test/images/390_png.rf.4448d8d0500243b7cb53b821fc506849.jpg,266262,b00abf215c33a623f652ca1d6fc8fae4ce2f62cf1067e5f919ed42506cc09b8b
after,test,images,dataset_clean/test/images/390_png.rf.a1d3d5a3fc8bd3f79b654efb0475c656.jpg,266831,f054738b264f3e6439ee2b2e3e1949db0d735612e288c384ef9e2bf6174d7732
after,test,images,dataset_clean/test/images/390_png.rf.b9d511fbf8b748d79562b0d8caa5c729.jpg,266465,47e9253c9bceec6d853eb872a7058b07344fba88756268e41486593e29134831
after,test,images,dataset_clean/test/images/3_jpg.rf.4d0fae1fc11568802afaaa1a5589a93f.jpg,16213,a9392f99bf60b4a3c3322e9ce19d3c56be11254d70a1381ab2e58dfa31521821
after,test,images,dataset_clean/test/images/407_png.rf.3d018adbb31c732b4603a703ad463292.jpg,342001,67f972977be0d1eac8248e1e07f805fe397652e853cb43132a214533f3125861
after,test,images,dataset_clean/test/images/407_png.rf.5b80afa87e0090b9dce4275f46800097.jpg,340033,697d55923fe6b8c5f9df539791848fed17c250fc85d8f8d0a14324692b96803b
after,test,images,dataset_clean/test/images/407_png.rf.9c9719ab7cd25a04e5c5428dc689e779.jpg,340688,9e25cc022f143b3f796f013c059c9ae76413817e82678ab0878d1f8e6bdb2f79
after,test,images,dataset_clean/test/images/432_png.rf.1a87d0eecaab1f2136e2e8e6fa267cd1.jpg,178888,c1db852a8d25ebe72da608a7c9db8d0c43b970005d5c49e9f86fead1d14f2794
after,test,images,dataset_clean/test/images/432_png.rf.cc671053886bb6eb8157a3b4fcb65990.jpg,178823,de59701c0a6ca24644652fd9e86c1e7efdf7e49547d5809c9c875b35cd1b9ea5
after,test,images,dataset_clean/test/images/432_png.rf.d443a3e515c84b578cda445e9c743fa5.jpg,179226,256083df8df646f420897bfe5f31fbf33fe12a784fc1a8397c2c6430eb0458a2
after,test,images,dataset_clean/test/images/442_png.rf.79a46d068115c44d8cd399e114af2e7d.jpg,273612,f3cc315139d1c505f4a303dba19a3ec70e843dc75b6836a9d88316155e04c94f
after,test,images,dataset_clean/test/images/442_png.rf.8e25222a62e700f76cafb1ffcb379aab.jpg,273771,555922ee987806645c6282c7200981da8860ce682b26904d34a9244d5ea7ca26
after,test,images,dataset_clean/test/images/442_png.rf.d954ff5c48ed03a5dbfff327d8f9232e.jpg,272932,958760e15c4855ffbe8b9e338d35468a8e955b02a5f9cd637d54894ade50e27e
after,test,images,dataset_clean/test/images/452_png.rf.3bd8959022ab1152e48177e857a634a8.jpg,393302,0e7a6023e81551ea213645b5ac4cd5bd3c00badc637d8d5a75fe5252e09543d4
after,test,images,dataset_clean/test/images/452_png.rf.bc9a82d7066bb44411617e0da7389fc2.jpg,393883,8510eb7892340d45b48e9af6dd71cf873de29650216c16c6ad8efd8264084adf
after,test,images,dataset_clean/test/images/452_png.rf.d2efe1488cfc61731be91bb4dd589097.jpg,393855,7fff64f30953980f9081c8dca17760a4b751965fae738b6a5fed6d4dda648cbf
after,test,images,dataset_clean/test/images/455_png.rf.0bd2b668057b20ae1d025beadf3d46e9.jpg,338841,15d8510707b00d2cfce77acfb4d4e9251438515969e0b4efcac02bdf048a34f0
after,test,images,dataset_clean/test/images/455_png.rf.584b2a869a05ec816fa7ad563471e1db.jpg,339044,6f898f9e4774d53fe0dc96ef68976ad8be14bdf2a6c083aee231131c3aa9828d
after,test,images,dataset_clean/test/images/455_png.rf.a8a4be04dc274ef9082cd13cab95b8d9.jpg,339935,8a613ef6f6cb0b68cc84608571cdd72b49c04dc8340dc298aff0b36bf86dc6bb
after,test,images,dataset_clean/test/images/464_png.rf.3ae982e2a243feb905f57f1288d56325.jpg,482449,66cf9833228efadc46bdc92deb1550c1ab96fcf37f1d1ab435187717f3d48fc7
after,test,images,dataset_clean/test/images/464_png.rf.60db66cc97b3520019b098aa55770983.jpg,482423,dfb5172f5f6fab2d477fce02dee9d8b39875e7f1b127b4a932f53c93ce84365e
after,test,images,dataset_clean/test/images/464_png.rf.9c312fbe2c156d34b0348ebdaf5e9df7.jpg,482526,ef1ac490d788077b545a87f4f76c496c6985ecf136f7a578a782771965b7bf87
after,test,images,dataset_clean/test/images/465_png.rf.3278f86d09e5c6741ea4aec9bc5de9f1.jpg,332602,0c7203572ba87c113c428081d9239b91d9039dcef0baf05634c731861300ef0b
after,test,images,dataset_clean/test/images/465_png.rf.678d972f285f1400ba16c04554a4c940.jpg,332717,e842b763769726c039f13d599555634e7e13af800bcdeef1f8b2edeb6d8538fe
after,test,images,dataset_clean/test/images/465_png.rf.c29368cfc7f4ccbe618d5e295ad18fe9.jpg,332647,2c11b775919c0524ad868e9a50e9fc5a81a133f94c2ea788f12e24bea50b4075
after,test,images,dataset_clean/test/images/476_png.rf.10fd9313949fc34fce8e1ea333a3d9ec.jpg,384304,9da7bd36da45f4bd3d375faebd59b74f3081f3b8e5a26f775f3a6434edfa24f1
after,test,images,dataset_clean/test/images/476_png.rf.75bb3e6c05e7c11a3d6dcf5cd745ce86.jpg,384751,5f70275d53e16688aae083b1355b61e54cbad1fb02830e693b30765b0b246b54
after,test,images,dataset_clean/test/images/476_png.rf.9b61d41eb574e462ab6ee83ea55a09fb.jpg,384143,2493ea91750fd06af6a9529e98f727039d120325993beddd4031b67ad96e5228
after,test,images,dataset_clean/test/images/493_png.rf.1a7f3bed4ad26e505f29b2a8c96102ee.jpg,352099,51c5fb3fb9249520bacc4f88c5ca3703b5c87b3ed6f941027b3f4df545559cad
after,test,images,dataset_clean/test/images/493_png.rf.8b84b93cac002906abc5d9b64b00e6f5.jpg,352369,cc53eca30f80e2bbe5635eb2c06931cd7f12928fd9c63f329e43d0093cf025c3
after,test,images,dataset_clean/test/images/493_png.rf.9921860566b99dac1398d779ddc39b6c.jpg,352435,d97a9e98d9804f35d02f90187c747fe783b19e889e77744e29d15c3d6c158196
after,test,images,dataset_clean/test/images/496_png.rf.3a0e07a6d29ce64bedd0790f6f144f47.jpg,483399,922b4ab234af0958feb6868766678d867658c3a3de4e5e497d8fe63b63ee711c
after,test,images,dataset_clean/test/images/496_png.rf.757cb0a2dd30258052cd7570364588ff.jpg,483253,a085e6d38428a15e3274317f7d6aaad616df3b23b07f8a3f2df6ec2fec124132
after,test,images,dataset_clean/test/images/496_png.rf.94e7651b98baeeb05180c5c6213dfbaf.jpg,483410,4043eed2d2a9bcdae3b3c4bd5d261ed5c36734da809b52806331256efd617b12
after,test,images,dataset_clean/test/images/502_png.rf.3866a00b3e57eb9b01de8306ebcd8c17.jpg,475906,409bb5802b3775611607df51e7c2783cbc3bd578d18aecd6509dee4cfa89943f
after,test,images,dataset_clean/test/images/502_png.rf.69ace5536c0257069156e9af2c56ab08.jpg,475790,79b0b0305612736eb8d7c8e11f706c80d159a4bbd0cb9d30514cb529f531a6e9
after,test,images,dataset_clean/test/images/502_png.rf.f80e31dd41fabf79b851996f1263f87a.jpg,477344,fb6ca124113468150725a402ee4b7292be356a6431e38fb7ad9f4543fa0f418e
after,test,images,dataset_clean/test/images/517_png.rf.585f601fc106ac783e2150be205c0cd4.jpg,277996,928af20e741584f665284dc10858b10fd353b2a47e6d0d1e7876f193347f9cd1
after,test,images,dataset_clean/test/images/517_png.rf.c2dd9ca0adc7e1c8ca7b7bfd1cd9eff6.jpg,278061,e4a0975d3f467849947433ab3614f259e725cb9ba3b875f6e0c79b2a186b5035
after,test,images,dataset_clean/test/images/517_png.rf.c56365d1c968682a773e1e5f8b08c553.jpg,278004,a647360f542b619d4bccfb8cb41801315d5f6b97f4b3d34393e204180cab4c31
after,test,images,dataset_clean/test/images/522_png.rf.07975f7a478e985df547dee561b0848f.jpg,317597,9f0c9a1455f477ed3530499e0be2519f68ebb4be7380b14d2f368445926978c4
after,test,images,dataset_clean/test/images/522_png.rf.39ef8d9d4671195b0621d15ef129393e.jpg,317903,a9efa2ce33d36a5e04768ec68593b8ea51f40d817c00e0d4aad3511bd402d224
after,test,images,dataset_clean/test/images/522_png.rf.fafc2798521f7879cc1feee923d0a54c.jpg,318218,386c45d012050089ad771bb6a4eb95d6c8551ab1b15adb9ad075d6d0f65d113c
after,test,images,dataset_clean/test/images/530_png.rf.29a5632f3a2d048db87d1394fa77e430.jpg,349560,1a1b7d3c84afa8ef59e4657d0ce33463eb50d9ebfd27efb13a65ab97eee450cd
after,test,images,dataset_clean/test/images/530_png.rf.3c7222de8f901d3bce1db7f0be319c46.jpg,349358,993957dbfa8d9ec47fbec69fd9821082998c32ecaea5f1743dfc05978108c770
after,test,images,dataset_clean/test/images/530_png.rf.c96e2ec8e4f0f6297209b1a452b1521c.jpg,349854,96ff54c7539725ef85590aee7855ac69b7c57b81ea9893a91ee9d6688cf889d5
after,test,images,dataset_clean/test/images/531_png.rf.04daa8e1bf2105d6ddaf5006f6e010a7.jpg,332221,b14ace25a587015db9262be11e850136d1b1c12c03c261271f581d0bac539b8c
after,test,images,dataset_clean/test/images/531_png.rf.80e71f59886c11b4bbb2b4ce12ac6efe.jpg,331561,685bcad84edc1235527db62a5e5cf80b1155ba65b30b6db772a4dd10349f3c56
after,test,images,dataset_clean/test/images/531_png.rf.dda5dc5a59a3094c340140399f5a31e7.jpg,331652,7ef3b847fdd825fe36b6be2b820ff9a94392b13909e233e43e3cac50e05f96d8
after,test,images,dataset_clean/test/images/55_png.rf.08323d8ebce1579413da8296f880941f.jpg,411323,6db8123408be549e5bfbecea57209c9b8b98d68e00fd97336e8f9a35e3c2599b
after,test,images,dataset_clean/test/images/55_png.rf.5dff9ad5cc4cf735f69198362d955397.jpg,411369,49f74d4d2a456bf320aa71b03358be6116b559062c71c249d3406980b9969a0e
after,test,images,dataset_clean/test/images/55_png.rf.7d9fa346a67ecd150cf5fd8d5ac25dbe.jpg,412254,ebd86cb67ffc77109fbba52a23d406fd0965f97f0e1903e3acb83848541d00dc
after,test,images,dataset_clean/test/images/60_png.rf.34c5d01bd9b0c9528196a6c6663ea6ee.jpg,362690,2d585ce7f9339e54821cb1aea4960c24e2b5d511c2b0013449187d4c8ff61a42
after,test,images,dataset_clean/test/images/60_png.rf.8e3b432a9795bb5760d0ff0b919d5275.jpg,362781,41373a7dc6a6937c5db1543b3ccf894e8cf31848d302f8d075dbd795972955f8
after,test,images,dataset_clean/test/images/60_png.rf.a30d2876b7f8220d123e17d09eaaf31f.jpg,362654,58e715d397ea45b4d224f50d3072f6da10aa87b5209e73b7326e44f904434069
after,test,images,dataset_clean/test/images/61_png.rf.21f0ca7877d38a1bf7bb846490a3f328.jpg,388983,212a5194d91612c4e2f776b52c0726eea5575fcf8cc7796b3b2c3b22e39d29cf
after,test,images,dataset_clean/test/images/61_png.rf.85107c6ba59e43f3a430792e40e6eda6.jpg,390026,8f8b39f2aa468f17c5338ecb280f74a01d0ae5b75177db33c7aa9ed31d03dea9
after,test,images,dataset_clean/test/images/61_png.rf.ab0baf3e70a8e9ebe9cc7f06c24d974f.jpg,389066,9a721e30901dc31fae2f197616dff83dd50b79edcf722398c095b31228778e01
after,test,images,dataset_clean/test/images/93_png.rf.8a1d13db389615445e591a871e42b5b8.jpg,317826,2b770e057f8415b060ffe58d3f2a6ef912e0d9dac8600a3a5b016bdce4f331ff
after,test,images,dataset_clean/test/images/93_png.rf.dc820faff08831e2152a413b3c1c0c5f.jpg,318259,9c377ea797543ed93c3a6d061e94bb625f47b90395dc2a30dcd395b801692c37
after,test,images,dataset_clean/test/images/93_png.rf.f9a56e04ca0c7fd9bf7f1a682e55a78c.jpg,318227,cb318153a4ba2908daa8a4ec227189c7c3ac3f54ca42700ea54c0a188d5f04c9
after,test,images,dataset_clean/test/images/95_png.rf.0fd4bdfed9e3515b7161bbcde2a6d259.jpg,529286,aff64eb1e2a5936e233c29830fc0cbec43a6846248036d0d1b36d38c942a1bcb
after,test,images,dataset_clean/test/images/95_png.rf.72dae3ea3d7a0076e3263b95e173e83b.jpg,528175,0e1ebbe84bb66a3c3625809b75f0c313cf45269a52a4b0c35e83f9c24056c0d1
after,test,images,dataset_clean/test/images/95_png.rf.7f55243c342899f829ace9ed32fd1596.jpg,527799,802f49870af50600f9bc1c80211019d5c7025e18a4379ca38ee83360c5833847
after,test,images,dataset_clean/test/images/T_15_20190608_075438_jpg.rf.00b0749c47ba452610698b70cc27a615.jpg,16595,3d2713a4a2c22cb3998109d1497513f2325aac58816e5864aad5db00d0269df3
after,test,images,dataset_clean/test/images/T_15_20190608_075438_jpg.rf.159b72a16036fba4fabd548bcc443c60.jpg,16905,4fb3db488f2fdd319743487b296e0dd348c52d15c2e49bec2f82783514665933
after,test,images,dataset_clean/test/images/T_15_20190608_075438_jpg.rf.54f8bb06d8e24acacf0f3b3a3cbf0901.jpg,16637,f824897a9f9ca50ea93469c0ac41b3321084daec66f6e4e5c9836e513be5a1b3
after,test,images,dataset_clean/test/images/T_15_20190608_075438_jpg.rf.5a1417e67178b48a23a9ab41b3506f11.jpg,17192,97b88f10cb334329ec305070cc2811a0d7903be957226d96949a33c612520ebb
after,test,images,dataset_clean/test/images/T_15_20190608_075438_jpg.rf.76405f06d86f1f1bd23c8b0a55f545fd.jpg,17902,2060040b4baddb700142450a555d0ac576e2ede9ac2f488b9bffe9920082dfb5
after,test,images,dataset_clean/test/images/T_15_20190608_075438_jpg.rf.8fa3fe755ef3ce06dc60ee0d52d1393d.jpg,16052,27308ba4b85e3d377e9ed6b5a3d0b619803f537e3fca77350451ac040ea7b2c7
after,test,images,dataset_clean/test/images/T_15_20190608_075438_jpg.rf.a697c2f298a96c816006ce89bfcd3967.jpg,16957,fc62323067a053d636534f503f28e5ac399c9bdb4f341872326695fa72068257
after,test,images,dataset_clean/test/images/T_15_20190608_075438_jpg.rf.de08f3327fa66b6f6dd07b92422be8bf.jpg,16724,cc79287a90e828dcd38903fdb3a41106f98c552d40c7443b8ca9429410d1706c
after,test,images,dataset_clean/test/images/T_15_20190608_075438_jpg.rf.e80e62ba6a50455e3e6b42fba97728ab.jpg,17113,3dd87080fddc703e0c22b420c36255dada4cd72fa71401f2333d51ed9a87062f
after,test,images,dataset_clean/test/images/T_16_20190608_075548_jpg.rf.24256f1f3406ba781cf93738a663b58c.jpg,17640,e3ffad1fd356090f72259d72e4355ede1d8154d2d535897e91761d7eee3fa29c
after,test,images,dataset_clean/test/images/T_16_20190608_075548_jpg.rf.7b018518aff11e5d5b56e376fd2b4f4b.jpg,16599,f1cb848ae6da0e517f7d9fc051949db3497e8f1123cbe5e43c02bfd95d657644
after,test,images,dataset_clean/test/images/T_16_20190608_075548_jpg.rf.d9baea2b1e60b432f25f86067ec9697e.jpg,16721,822557cdacd8a62636c6d4ee2e50b249a7fbc3951956e5bd6cd5a3ef8dbabb64
after,test,images,dataset_clean/test/images/T_36_20190610_084456_jpg.rf.438da1efaf185b6c9fa557fefd557f1b.jpg,16324,1e2a8a19dbe65c16a21f141f26970315f232ff83b56c89ab81837ee0bdd7ed8d
after,test,images,dataset_clean/test/images/T_45_20190611_090821_jpg.rf.1e7e8502c647b6dfb69f4a06bb962d09.jpg,18050,30be2f5e14baabe685a378a084a2f0a6b61345c086c2c7adcbe05dc8ef553800
after,test,images,dataset_clean/test/images/T_45_20190611_090821_jpg.rf.f636b4f978381f2d5a4627e2dcc934c1.jpg,17032,0015155b9cab639928a7936a061fe6fd03ea93e5fd1df62d714e534e9d8e0c08
after,test,images,dataset_clean/test/images/T_47_20190611_094951_jpg.rf.245773b97e4a0fcab89f75f922c44c9c.jpg,18303,10979c42d0d598f97380952bc5076eb9ecdcd4ce5e2892676bc06081aef49281
after,test,images,dataset_clean/test/images/T_47_20190611_094951_jpg.rf.292ca3c6430fd3e8fa218e62df65fc3b.jpg,17463,932717206cece5543c88874c225e48b798d75d36a2d94dc5a70a06612216489f
after,test,images,dataset_clean/test/images/T_47_20190611_094951_jpg.rf.4764d131b94b24a12b690aab44549076.jpg,18342,f63858956660fe4c3fb29ef61dbd9689fe456b0a8970bc5f7e4b783a561bc8bd
after,test,images,dataset_clean/test/images/T_47_20190611_094951_jpg.rf.991333d5f674623da921674095e73ec7.jpg,17542,3683cfffa71e3003b91d66850b3b6f7d9d5a7290895d526d6e97feb8e3e1cc5f
after,test,images,dataset_clean/test/images/T_47_20190611_094951_jpg.rf.a540905d16fa4b05cdaf6f7aa4332548.jpg,18635,e6591851c9a38aad6bc41cb3fd81bce586e4ae881cf0480fc6058e1a0c1ada53
after,test,images,dataset_clean/test/images/T_47_20190611_094951_jpg.rf.d582a5716d0a589835d174847e90e6df.jpg,17620,1e54dc1e79bd64007e6360e8c3ecb9541191afb73bfb13f0748d9192fe7a0dc0
after,test,images,dataset_clean/test/images/T_47_20190611_094951_jpg.rf.e51fcbf9e6a2d8e22ec1898db2047929.jpg,18523,41214ebdfb0a5787b9528786d447e2d9d29d805a84517ea42e1abdb22dcc8169
after,test,images,dataset_clean/test/images/T_49_20190611_095655_jpg.rf.0cc1040780e0e088992411bd4eaa955f.jpg,19931,df2445493f9251b76dfe0e47527e644e70a7b21abce68109ae789f0742a5cdc9
after,test,images,dataset_clean/test/images/T_49_20190611_095655_jpg.rf.3855c343c01c7aac5abf7966de1d4adb.jpg,20018,59382acf90c66e85e4ee2a179f3a2448b67809a1b5843ed0178d3207b2737c60
after,test,images,dataset_clean/test/images/T_49_20190611_095655_jpg.rf.3bf3f95c9d8997e8f0bbe12ff5aabd86.jpg,20084,9973a5b792d4fa76ef813c4c79a51f3307bb70e4d5af216c6b11bef2f0699b23
after,test,images,dataset_clean/test/images/T_49_20190611_095655_jpg.rf.56ec3d5ec197fe55dad12c387928ff5a.jpg,20680,663f50761753e9004a9bfa629679d50cda0f74f4970f9d0e4d525ebd827670c5
after,test,images,dataset_clean/test/images/T_49_20190611_095655_jpg.rf.6b99026ea959113640df090b1de3e131.jpg,21111,c8102586ed6164da2f2f9eb029df167cafced81d7c9dfe386f34927ca9d09d4e
after,test,images,dataset_clean/test/images/T_49_20190611_095655_jpg.rf.75ed7ad26f74ac6c067d70fcc5a6903a.jpg,19865,a6eeb9e234ecc224ccb9942ad420cd0b5974333ad28ea0092b74892922260a0f
after,test,images,dataset_clean/test/images/T_49_20190611_095655_jpg.rf.b13bdf78d9fe1f4e44ad395968395e21.jpg,20068,85b84460c121bcf967e3fa306fca98d50f27b8b5221e8db4b38a4411127d512a
after,test,images,dataset_clean/test/images/T_49_20190611_095655_jpg.rf.bc2054dda1f70c7b4f95fc542ca72de2.jpg,20114,6b381650832438d5e69ba183a8615708011d97b039c0cb323a3e11718161ccde
after,test,images,dataset_clean/test/images/T_49_20190611_095655_jpg.rf.d569389154f27f78f9ad1bb1e885ac78.jpg,20759,dba26950cca1b3b4994ae2f74b2642dc7a07a40fdab66ef743d9298712cc9b8a
after,test,images,dataset_clean/test/images/T_4_20190606_095326_jpg.rf.00235588feac58cfa7134d30bea0ed5a.jpg,19276,37c41a0445dd28955dc24e89dddb18dc3ba81a8949750006f1f5b4d20d0ccef7
after,test,images,dataset_clean/test/images/T_4_20190606_095326_jpg.rf.b8b441a6a57b95ff485e98884c9e57a9.jpg,18466,1b60fd824992b73026486983be21e4918fd323bd346323839d03cdd33b2fade7
after,test,images,dataset_clean/test/images/T_4_20190606_095326_jpg.rf.f6428d17c3960f48d9c9517daf4b6be6.jpg,18755,5a539f1c0acddd8f1990b795c1e65907b0dd8c1c097dd1c6c5057323166eed85
after,test,images,dataset_clean/test/images/T_60_20190612_091032_jpg.rf.25a052c35f6dbe5fec0615a32a2ed05c.jpg,16031,90a8145a2b2fe8e4b8efc5f3caf1ee9dd6a910706eee653aa0c9a3258bf7bc6b
after,test,images,dataset_clean/test/images/T_60_20190612_091032_jpg.rf.4dd23d56dc32a798e6df7e4939f51466.jpg,16544,b42f8d46d9a2e441dbf350760fedf134910d2865edef92ddae0e3c21bf140c66
after,test,images,dataset_clean/test/images/T_60_20190612_091032_jpg.rf.53382e5959c94a5036a09df165174dec.jpg,16019,7961781da5f02deb7537228ef5a3d0596ab7a573ccbe91f9011b5f3176e2c093
after,test,images,dataset_clean/test/images/T_60_20190612_091032_jpg.rf.b6755fa6f2f80ce845f1d91b37e3f1f4.jpg,15904,d0105daf35d85f1dc110a5c3a89e41705007c13866b30ce7ae5309c699370dc9
after,test,images,dataset_clean/test/images/T_60_20190612_091032_jpg.rf.b8226e7e3c1491f53fa5c589396c9358.jpg,15937,11698fa13be89bce461ba90fc35414a133b921c86097c4b90fca3baf018d266a
after,test,images,dataset_clean/test/images/T_60_20190612_091032_jpg.rf.c1b7d8448acb104f35a6a2595e4f6d74.jpg,15018,2f22dd1f68a23102e9316b9dcf602f08c9a4ed8084c286b860e26605c0e6cb88
after,test,images,dataset_clean/test/images/T_60_20190612_091032_jpg.rf.d27c0c5bad20bcc0aa82761408b9425a.jpg,16004,de96ee56909f9820f02ac8c6c69eb2e9d930ffbb834c51a59c4f845738bb6082
after,test,images,dataset_clean/test/images/T_61_20190612_091504_jpg.rf.d436c352f9d1f6fb7237c2438a36f297.jpg,16595,52f57270c851fbbd8804b22da1d8106fff8920903ed4f120d8580a8bade18372
after,test,images,dataset_clean/test/images/T_81_20190614_075610_jpg.rf.0d5e52f69117f55ea395fd5f8d4e8377.jpg,19069,921233cfb5ddbd747ba997695bcc27b4af80133badf72a517669f06918a12c74
after,test,images,dataset_clean/test/images/T_81_20190614_075610_jpg.rf.6486e19917f005133044ca4e017406a4.jpg,19021,37d8ed598b3f996eecec01376d1f33e5b8f5b13a00a0434238991d914bb714d9
after,test,images,dataset_clean/test/images/T_81_20190614_075610_jpg.rf.9abf92e7e3fcddbbcece307147f7a4af.jpg,18162,d7e5d7a66c96aaf2528818cae88504cb60dce0b8806368bf281108d33d5e279b
after,test,images,dataset_clean/test/images/T_81_20190614_075610_jpg.rf.d5e03f285c77c842ccbbf6f02b37de6f.jpg,19466,43f2545726795d23b443757e670c4b0faefde1947602bf5bd2c5184dc80eac17
after,test,images,dataset_clean/test/images/T_86_20190614_081710_jpg.rf.0896433eeda0f67341a60f468e758103.jpg,17113,b121e861ac25cf850f22bdd7fcb28b2aa535329a558a03931db4e6c668b14ad2
after,test,images,dataset_clean/test/images/T_86_20190614_081710_jpg.rf.4cfc5dda8a7d87f0c363a8ecd4cd5b74.jpg,16847,fb854b725acbb01bd9a7f411d3bcf60244b1e05107103783609589deeeb15d78
after,test,images,dataset_clean/test/images/T_86_20190614_081710_jpg.rf.4f99787551a8053b2cf1c6751aca67bf.jpg,16818,6cc876b4c40712104d64e695c0fc4a357f45eb9c2fbfe4d59e34a67768719e1a
after,test,images,dataset_clean/test/images/T_86_20190614_081710_jpg.rf.585cd1a99fcd2d9d8d9cff505e58269a.jpg,16517,a677c33b20cc5a03b9d95958d54e8ab9b3cdc265d9e50f86716bc6553f5ecacc
after,test,images,dataset_clean/test/images/T_86_20190614_081710_jpg.rf.b6fef57995b8e38c02af182d41dd4a8a.jpg,16762,aa66f0a1ad115a29d2405d33f54b473046a9fd01851dbc27e8bb006e009ce87e
after,test,images,dataset_clean/test/images/T_86_20190614_081710_jpg.rf.c00fea1700b0a4e1cd608541362aec04.jpg,16710,19cde4cb440f934315a06d0648f16abd89c34e337b57af61d1ca21148d36c37e
after,test,images,dataset_clean/test/images/T_86_20190614_081710_jpg.rf.cbb53997759da917b3a00078ce60f5ce.jpg,17955,08168c2284b3aaee96eb139f78cebdfa73d2aa39a07bac247c699f4a00cada02
after,test,images,dataset_clean/test/images/T_86_20190614_081710_jpg.rf.d062b612e4194870c128b7a1cde34022.jpg,16871,e7f1817d0b72286eff0b7a726ba121e53aae93b02b258e723628331831a47268
after,test,images,dataset_clean/test/images/T_86_20190614_081710_jpg.rf.f36e1333a61a26f7783ff300567ee894.jpg,16971,e3d04b9ccc781a997ac58aafd0a817a9f593654d946ab40e667525049c071f7b
after,test,images,dataset_clean/test/images/T_8_20190607_075130_jpg.rf.041e7460b4e32b7a291bbb94208a590e.jpg,19367,c82b8222243b6c7797c538a18ecc574a4512910159d4b76da6a34668dd134f86
after,test,images,dataset_clean/test/images/T_8_20190607_075130_jpg.rf.12cb92b5da05e4c94f2b63f6312f320f.jpg,19798,6c679e29159634f7e38f89442689aa3eca334b461c80ff374f70ae7475c50bee
after,test,images,dataset_clean/test/images/T_8_20190607_075130_jpg.rf.1368a5e370cb9a1cf20e192381c25536.jpg,18654,7557c5b90f65e9bb35fb3df6238783b61933e932cee559eece5b12180d1b35d7
after,test,images,dataset_clean/test/images/T_8_20190607_075130_jpg.rf.3994728756040544857466a6fe7d5d6a.jpg,18681,e719175f98137ecc6acab87f6956e7eedb727c6ca4d1538c8a85fd3d8304afe4
after,test,images,dataset_clean/test/images/T_8_20190607_075130_jpg.rf.5d433f210fe5eeb605fad7ac33eb6221.jpg,19707,1f6df78c87653c2ac22f605bb7e4adeedaf8ad869a39257f9501900074f85e2e
after,test,images,dataset_clean/test/images/T_8_20190607_075130_jpg.rf.6945ace0ccf6fb0fd79776d4ddec878c.jpg,19186,b8c82b6c54d78cc7d2877bcc809c12aa15658c5bc66acb0689489a9c9c737358
after,test,images,dataset_clean/test/images/T_8_20190607_075130_jpg.rf.8830ecfd28dc115d386741df8026e025.jpg,19700,b87e51336d1406e5a670e77c88ff0a6b1eb0d1d0a30f97c3e8ad35a511025ec3
after,test,images,dataset_clean/test/images/T_8_20190607_075130_jpg.rf.a7118f9f3567c76e88b79f2181096ff7.jpg,19473,37798c0b0aa6facd5ec62ce46a199f4d4f3c02a7f36b7b1af60c50e4512f267c
after,test,images,dataset_clean/test/images/T_8_20190607_075130_jpg.rf.efaca8827bf2b01426d387faa1fd428a.jpg,19460,728f015a1ea3298c044a8a303f420b59629518be29d519ed17476505661076ab
after,test,images,dataset_clean/test/images/T_92_20190614_090938_jpg.rf.04dac06627ed5e3c11135cea694fb7e3.jpg,19281,e441e7e4dc0ea02708b8056e3b3c7a2810ddb9df3e6f972a32c41fa4ce348e7f
after,test,images,dataset_clean/test/images/T_92_20190614_090938_jpg.rf.1599b7969799fc8fec894a1e393c4538.jpg,19490,44dc92fb9d9e76130faa7d966699b17a991b8608896bbcef2a47420baf14767c
after,test,images,dataset_clean/test/images/T_92_20190614_090938_jpg.rf.2a092662138af0e0b5f194bc13c2c381.jpg,20412,1a47c871651333edf39dd75ce31100a93250fbd8458fdaf5a4ed580edfa09032
after,test,images,dataset_clean/test/images/T_92_20190614_090938_jpg.rf.3a8c1d074b695460d09ff6d04039b9c4.jpg,19145,d6c4c438307226f59993abf97283e143e460c329d8f4359a586d0625d34f68bc
after,test,images,dataset_clean/test/images/T_92_20190614_090938_jpg.rf.5fdd6e69cacf89059385162648d7ec87.jpg,19959,c1e2eae459de3b22555c472fd2516dfafb8c9ca8a6874ec604f6630f298f6f5f
after,test,images,dataset_clean/test/images/T_92_20190614_090938_jpg.rf.854cdbd0945ad00850be9eb870b3f4f9.jpg,20192,0444e56ee0c0553a3aa83c88346d7ed1166445ae7ea9a2620339c14198add865
after,test,images,dataset_clean/test/images/T_92_20190614_090938_jpg.rf.9fb7a12ce28a2c7dd9690ff43aaa5e8f.jpg,20419,4959ed16ff7d6b5c9eb5b70c686be35e42886f64319bce8678a3d1494e8a15d1
after,test,images,dataset_clean/test/images/T_92_20190614_090938_jpg.rf.f455745f2c6672c5b5aca89b93b66c3d.jpg,19570,f3900a45f8b671aae209729dae3a95911084e038adf090cd9902117ceb6f373a
after,test,images,dataset_clean/test/images/T_92_20190614_090938_jpg.rf.fadc2f633bed055183f0f4a0e2a18358.jpg,19367,2992feb58e533094d19ee7cea3968a46913fdced382cda0b2005eb9698d85a7f
after,test,labels,dataset_clean/test/labels/104_png.rf.09385316752ae2230e31961fd5a03f52.txt,60,142a7bb881d47b29acee91e3bb6352b0c2e1910c78f5a770f6c6943ba826e346
after,test,labels,dataset_clean/test/labels/104_png.rf.9fe670b02ab3e4b9e796743b0877948b.txt,66,1022d53b87f11b2099c8c0ca32e9e83f20fc6e9fabfc4fcbf6a09832e1cb4297
after,test,labels,dataset_clean/test/labels/104_png.rf.db7f446e416e2f8ae8a4ca8c97a4b5eb.txt,60,142a7bb881d47b29acee91e3bb6352b0c2e1910c78f5a770f6c6943ba826e346
after,test,labels,dataset_clean/test/labels/10_png.rf.44e757574c6aa5d39c383ca15bf1b463.txt,67,0721e35b37936c4517b9fdfd884838eef4e4660b805251ba89f6cf7ffd9ea7bb
after,test,labels,dataset_clean/test/labels/10_png.rf.481d60386b20fedcbf73c0e0bcba208f.txt,68,fef1444b7037d0e778eb23f8f8b64565384bb401b6cf0fd099f2b3af7179f75b
after,test,labels,dataset_clean/test/labels/10_png.rf.cbe5422554a0704c42ff32e69365f435.txt,68,fef1444b7037d0e778eb23f8f8b64565384bb401b6cf0fd099f2b3af7179f75b
after,test,labels,dataset_clean/test/labels/116_png.rf.64a25c0d2c3505bfd7408b868803848b.txt,55,09c32641f739b8ecc9a9f299baec8b210e50a96acd3698a7d3330c4b630fa3eb
after,test,labels,dataset_clean/test/labels/116_png.rf.8b86a2f2034a2bd92ce40f9936d21a42.txt,63,fe239672e53a06a33893d4696a104fb796ea3e58d04151af44ea991b35ec47a4
after,test,labels,dataset_clean/test/labels/116_png.rf.9ee41841685007d0705694cbedd87557.txt,63,fe239672e53a06a33893d4696a104fb796ea3e58d04151af44ea991b35ec47a4
after,test,labels,dataset_clean/test/labels/117_png.rf.29d5940cc82a3821e28f57eae8d1598d.txt,60,7a133dba00c4640b06ba34693602580c28af46fac1003686a2e9841dfebae162
after,test,labels,dataset_clean/test/labels/117_png.rf.509b27d111a5f54044599220688190f8.txt,61,9ba9d3f1f9a3a337b57e01c10356b287e515e0b841cef24a42e88c4006d44134
after,test,labels,dataset_clean/test/labels/117_png.rf.658e613e3f49478ed63c8e37200d30b7.txt,61,9ba9d3f1f9a3a337b57e01c10356b287e515e0b841cef24a42e88c4006d44134
after,test,labels,dataset_clean/test/labels/121_png.rf.4d936708c8761c5c3419897739a9eaaa.txt,60,2ff2b6da9de4b28db0519684157233f2adcd58c24cedeb6d52b9ccd810d2437f
after,test,labels,dataset_clean/test/labels/121_png.rf.b642686527c627d07cfca72d79339071.txt,60,2ff2b6da9de4b28db0519684157233f2adcd58c24cedeb6d52b9ccd810d2437f
after,test,labels,dataset_clean/test/labels/121_png.rf.f8120f4bbb831b2a015d9ee2d1dda969.txt,66,b62f49b279c53744155cf7426f173fb8b50bdfe2ff840dfe7fd2ec6f3b8c0262
after,test,labels,dataset_clean/test/labels/122_png.rf.7b69e6a05c0a7bd2a0f16b11bb2fe345.txt,58,eaa3c55855c1d82987ca6b95dc75e56807340294c10696c600761760e1cf59b4
after,test,labels,dataset_clean/test/labels/122_png.rf.c48c5b0a525e1e9ffcbe00a46a1aff62.txt,67,280e7be19a74d69e8a303ee3d7ab51e03a33441169e4ad0577b5926c6a75e1e6
after,test,labels,dataset_clean/test/labels/122_png.rf.dc8a112f80fda4494eafe0793ec5e47e.txt,67,280e7be19a74d69e8a303ee3d7ab51e03a33441169e4ad0577b5926c6a75e1e6
after,test,labels,dataset_clean/test/labels/165_png.rf.1e663de9f57235db8169d292d58d62a8.txt,61,9edd31e832d806bd51ba1b94c24821a1cb0491ed47ef5315365c7b6ae1edd1fe
after,test,labels,dataset_clean/test/labels/165_png.rf.bf18134fac6dfe7d5ddf35028132b61b.txt,61,9edd31e832d806bd51ba1b94c24821a1cb0491ed47ef5315365c7b6ae1edd1fe
after,test,labels,dataset_clean/test/labels/165_png.rf.c6c4ba37f8370527f23aa51da8b0ab01.txt,61,9edd31e832d806bd51ba1b94c24821a1cb0491ed47ef5315365c7b6ae1edd1fe
after,test,labels,dataset_clean/test/labels/167_png.rf.8b11ee245d15a23bf0947ee6aebec71d.txt,68,8b1bed0ef069d486665cd63753c7bdeef115df0403eb1efca99798c97e682e5d
after,test,labels,dataset_clean/test/labels/167_png.rf.eeba1c0c298abd90809d8450051de37b.txt,60,7d37839e1347a5261ad8391dd79430a86ce54a22abe38c3e961ee5ac56e1b2c8
after,test,labels,dataset_clean/test/labels/167_png.rf.f81240f36f334e4f0417c4182ef79b8e.txt,68,8b1bed0ef069d486665cd63753c7bdeef115df0403eb1efca99798c97e682e5d
after,test,labels,dataset_clean/test/labels/177_png.rf.c3d10939212c7e165bbc3055efc8b6de.txt,64,c6171d6ab46e1237ad2c6c9a9432a652579880407e673418775dfad98c497af3
after,test,labels,dataset_clean/test/labels/177_png.rf.db472f7895c1b8b1f9c47ffaefca5c91.txt,57,556e1173979f00b2c60b7dfeb62e4181600b278ca254d5e60b3f361ea16dd88a
after,test,labels,dataset_clean/test/labels/177_png.rf.fb42a3a39bba22345ec1bfd27fb9378c.txt,64,c6171d6ab46e1237ad2c6c9a9432a652579880407e673418775dfad98c497af3
after,test,labels,dataset_clean/test/labels/183_png.rf.43003f5499c0b733a9064ea23cd99bfa.txt,58,39226f817c40264b3419ab0cc709245802cdbfac995f3066217fa429fbecce6c
after,test,labels,dataset_clean/test/labels/183_png.rf.5c8cfb20c73fe9caae630367eb3cfe80.txt,52,157da5a58db4b6b7db0d5326503c7109abf72488226015f55c9fb8f10246cfe1
after,test,labels,dataset_clean/test/labels/183_png.rf.ca0028740b2fa2e49a18267de7191ed3.txt,52,157da5a58db4b6b7db0d5326503c7109abf72488226015f55c9fb8f10246cfe1
after,test,labels,dataset_clean/test/labels/189_png.rf.0a590812cd520c23c320f79f51fd4eb3.txt,66,13819f9955540d9c1977215732924beb0aa061aa89a4703c31e3c824c733324b
after,test,labels,dataset_clean/test/labels/189_png.rf.ba54a268d0776386ac86b086ae7edff4.txt,66,13819f9955540d9c1977215732924beb0aa061aa89a4703c31e3c824c733324b
after,test,labels,dataset_clean/test/labels/189_png.rf.c9f84e49f617476c8eda393e5bff6214.txt,66,13819f9955540d9c1977215732924beb0aa061aa89a4703c31e3c824c733324b
after,test,labels,dataset_clean/test/labels/197_png.rf.11ef5727db296ff479bec34605d86f0d.txt,64,83c11738af01c88b2e384bd1926fb0de89ed4d51a8f90ef2e5e1823d4e031957
after,test,labels,dataset_clean/test/labels/197_png.rf.b5674897570e5b6ba56170422c4e993f.txt,63,077dc9ac269bfaedc3cc24b6e3d18e67711a8ee54bb5459807eb1aab9cfa43d5
after,test,labels,dataset_clean/test/labels/197_png.rf.dd91b3271b68cf9ba4c5e5cb8ab007ce.txt,64,83c11738af01c88b2e384bd1926fb0de89ed4d51a8f90ef2e5e1823d4e031957
after,test,labels,dataset_clean/test/labels/20200124_154320_jpg.rf.09730a90d74912faae1db6239a28b68b.txt,78,abeb9640ac6484bb7f4d4d0e436d483bd2a5d739ac654bdb970e66616b450631
after,test,labels,dataset_clean/test/labels/20200124_154320_jpg.rf.205407259761b946c47742d7f2a355d3.txt,68,57157077531e5af4f9a30cb19ede80cbec3e9041ecfc731ba615854a46b82983
after,test,labels,dataset_clean/test/labels/20200124_154320_jpg.rf.2ad372e6100c9a79c50505cc8897b3ec.txt,78,abeb9640ac6484bb7f4d4d0e436d483bd2a5d739ac654bdb970e66616b450631
after,test,labels,dataset_clean/test/labels/20200124_154320_jpg.rf.6167911e51b8df2aeb90067aa46f2fe3.txt,69,8a59de062960c81228316f80df90dcd362af8e57c4fdf1a558b36e5fd11d1f27
after,test,labels,dataset_clean/test/labels/20200124_154320_jpg.rf.96cd0031238ba906ce98bd99d8d633fd.txt,68,57157077531e5af4f9a30cb19ede80cbec3e9041ecfc731ba615854a46b82983
after,test,labels,dataset_clean/test/labels/20200124_154320_jpg.rf.ccb225fa9b51ea85982710aae1b8f175.txt,68,639dc40f6b1722232b190fa362c51e1f425c6c830f011ba0517e97f9bb3c8280
after,test,labels,dataset_clean/test/labels/20200211_155237_jpg.rf.0a34220bb75642fe2cb5918385f98e15.txt,78,28fb30d6cc1f8f94df9c4697f694e305e9256df3a7c45a5f01aea4528f47e008
after,test,labels,dataset_clean/test/labels/20200211_155237_jpg.rf.1c3012c5db04dd8c53f4aa0ab62b8eb2.txt,78,af2511ebe97fc57d5e399b5105489c8e431dff01aa90f18b9b402a60fcb60f4e
after,test,labels,dataset_clean/test/labels/20200211_155237_jpg.rf.1cd25422e3574aa327a027be9ec5b8ba.txt,78,28fb30d6cc1f8f94df9c4697f694e305e9256df3a7c45a5f01aea4528f47e008
after,test,labels,dataset_clean/test/labels/20200211_155237_jpg.rf.a42cd8a17e221ebcafb13a2edd561829.txt,78,c9358cd4a33f2554ced1e581de9d1323e5220e87cde8720df647b31dc3c53ad4
after,test,labels,dataset_clean/test/labels/20200211_155237_jpg.rf.adb238f88d36375864e600a5df2b93c3.txt,78,cae938812dca4ed8aa058d87fcc5ccbd8b6b4b84970098c0135ed7e10cc9a8c5
after,test,labels,dataset_clean/test/labels/20200211_155237_jpg.rf.b91679eafc8130bd36129ac94e505175.txt,78,cae938812dca4ed8aa058d87fcc5ccbd8b6b4b84970098c0135ed7e10cc9a8c5
after,test,labels,dataset_clean/test/labels/20200211_155237_jpg.rf.f0892aad974a4649e6976c29b083e59c.txt,78,7ce4d098e3582c5a153abdb021fb2216c8c69827ce4512cc56c34508a2795b3f
after,test,labels,dataset_clean/test/labels/20200213_152136_jpg.rf.149bdb56f7b575fdd7adf4073c25a261.txt,46,81bf12a089aa4aff871cc4c166da5e037ffa8b8d7d5f335bd52d9e2f1f711f2c
after,test,labels,dataset_clean/test/labels/20200213_152136_jpg.rf.44d54d3ae4eda025a4e62b7623353ff4.txt,78,7ca41c8cf5a1e9bfe08dcde3f17d8e563f0e4aacea244cfd0c4a924d2128d75d
after,test,labels,dataset_clean/test/labels/20200213_152136_jpg.rf.4d500026d4c3aa958af65915b33d4dc1.txt,78,3c6dc6428f2a846bd5d3a817c2489471969720580b763f152124f50db27b5c37
after,test,labels,dataset_clean/test/labels/20200213_152136_jpg.rf.7e2fcf5c361d40236ad7082c75a6fa16.txt,78,3c6dc6428f2a846bd5d3a817c2489471969720580b763f152124f50db27b5c37
after,test,labels,dataset_clean/test/labels/20200213_152136_jpg.rf.a45ae8c4882a0f8df7b57945be8e6bc3.txt,46,81bf12a089aa4aff871cc4c166da5e037ffa8b8d7d5f335bd52d9e2f1f711f2c
after,test,labels,dataset_clean/test/labels/20200213_152136_jpg.rf.b7dec8d3b0f3452bfce5529ce28adb42.txt,79,af07cf9c420efbd31db5d8e74a7770928147e4c5a82bdb3b38ae1c7c42b6a679
after,test,labels,dataset_clean/test/labels/20200213_152136_jpg.rf.fb6145a7ac61c4fb5ae79bf9cdc0b9bd.txt,46,bb7aba79ac6460b658a17fd3403aac28fdc6b61369e18923ea61ff8491faf378
after,test,labels,dataset_clean/test/labels/20200214_121836_jpg.rf.5d4f04fe21176a9c601ffa3017e17143.txt,78,9e7e4029a3e470e01483ee80b11d8253acb5707b5b3c6aab69e9631c47dd6885
after,test,labels,dataset_clean/test/labels/20200214_121836_jpg.rf.7a163f5330eccdfe0f76f52fe8f1ae15.txt,78,9e7e4029a3e470e01483ee80b11d8253acb5707b5b3c6aab69e9631c47dd6885
after,test,labels,dataset_clean/test/labels/20200214_121836_jpg.rf.d8db1474765f91ae11b9ac4045be83d7.txt,77,25efc33bdf7e8bfa5588ff304708f9fbe786d00fc400d55902e1f299466c2ab9
after,test,labels,dataset_clean/test/labels/20200214_121836_jpg.rf.f5056fec1ccca49ad127853834430920.txt,78,f1680fda872c10e7a8150bd896d6976793571255d4af0d9dfef1c9c2aba1269b
after,test,labels,dataset_clean/test/labels/20200224_133633_jpg.rf.0843c898cb5292b0e11c24bdb8930b17.txt,78,2d27219dd22d647a50f62e856b57a86997c47470b110cb40439b808098bcd904
after,test,labels,dataset_clean/test/labels/20200224_133633_jpg.rf.12ebb99086577a1c65cda724346031ea.txt,70,f8b4074d63947dc8dfcbf15fba47a3675bcc4e254c185a3dd788ab316d0ebabf
after,test,labels,dataset_clean/test/labels/20200224_133633_jpg.rf.13f7f0d4031448e0af571a47daf8fee9.txt,78,19bef910b6cdb094194b90acb82dffb2f20748bdd212ec42ffe352748e204064
after,test,labels,dataset_clean/test/labels/20200224_133633_jpg.rf.464728b9e08d287bf98052fd5ea39762.txt,77,d7155608498fbe387a58532955264b48f6b678bf78aea16de75b7fb56b95c250
after,test,labels,dataset_clean/test/labels/20200224_133633_jpg.rf.6acab8286dd1d5076091c20e0d5d6b51.txt,78,2d27219dd22d647a50f62e856b57a86997c47470b110cb40439b808098bcd904
after,test,labels,dataset_clean/test/labels/20200224_133633_jpg.rf.a0e51ddff54e104dc15a62e8df4c8ea9.txt,70,f8b4074d63947dc8dfcbf15fba47a3675bcc4e254c185a3dd788ab316d0ebabf
after,test,labels,dataset_clean/test/labels/20200229_205445_jpg.rf.0d6e91fa338a39e637d1f12bef9b2404.txt,78,eda5536528408f4d85ed12baa6e79971349d4aafa97ab825ed7cf0f9660a07d6
after,test,labels,dataset_clean/test/labels/20200229_205445_jpg.rf.33d076ec7053434487f44646eb86dca1.txt,78,399833c2fc1b185382c088272365cfb28ff634194b375a19b37c61b99f846830
after,test,labels,dataset_clean/test/labels/20200229_205445_jpg.rf.38bb7dde8c4f31bf3fc2f0f22588fe0a.txt,77,ea5bdc18c73ede72bae062e2e21be8cfb37b1176316bbe8ea886e5c2feefb9e9
after,test,labels,dataset_clean/test/labels/20200229_205445_jpg.rf.48d3deae136145099f180463943e3d32.txt,78,5eac7fefdb02597a88a7085ab74c5282d1bff3b6cb5a6986f93c12a54c447546
after,test,labels,dataset_clean/test/labels/20200229_205445_jpg.rf.86d04c88f7f1c34032f2bb97e161c70e.txt,78,eda5536528408f4d85ed12baa6e79971349d4aafa97ab825ed7cf0f9660a07d6
after,test,labels,dataset_clean/test/labels/20200229_205445_jpg.rf.b9c26cda09be34a567b7d8f23ebadd12.txt,78,399833c2fc1b185382c088272365cfb28ff634194b375a19b37c61b99f846830
after,test,labels,dataset_clean/test/labels/20200302_222551_jpg.rf.049491ae810a2db79f575156ec9d99fa.txt,79,870a694b39ab583f44dd0d0eeec51ee82f3102448a0b4b7dbb63447248aed2dc
after,test,labels,dataset_clean/test/labels/20200302_222551_jpg.rf.460da731ff301d4cdc1c1ac0c866988e.txt,78,3924e1be95c1fb6856fe575b3159942f4bf743ef1042321ca6a7e00f71b774f3
after,test,labels,dataset_clean/test/labels/20200302_222551_jpg.rf.75cc82f5d83d33562b9e76043e91fecb.txt,79,aeba8da89ad09df7d3b2aba38abed7cb99e5758907347d1c26f86c1a89677fc7
after,test,labels,dataset_clean/test/labels/20200302_222551_jpg.rf.7643700f8f93a61867aea1dea1e9dcd9.txt,78,3869e110633f05964dd497db02fa4f82bd83f1062b35c7ef2076b57d7f07f0de
after,test,labels,dataset_clean/test/labels/20200302_222551_jpg.rf.84ec629fdc29b4996fce1ecd0b2b8a72.txt,78,e50ca0f7f6a4d4ea1fb051de527d02f0afe59ca40104be562fde78535e949a41
after,test,labels,dataset_clean/test/labels/20200302_222551_jpg.rf.86e510e5f63a59a10b172516522926e0.txt,78,3924e1be95c1fb6856fe575b3159942f4bf743ef1042321ca6a7e00f71b774f3
after,test,labels,dataset_clean/test/labels/20200302_222551_jpg.rf.9d350f88d6fdd5981ecb0f504a0dd754.txt,79,a29d24af8b5709a1e94224f96f38d6f65cd66c5e5cdc2c2df23f39d7d8c002f2
after,test,labels,dataset_clean/test/labels/20200302_222551_jpg.rf.bb42b146d2380074639bfe9ae7b7d0de.txt,79,870a694b39ab583f44dd0d0eeec51ee82f3102448a0b4b7dbb63447248aed2dc
after,test,labels,dataset_clean/test/labels/20200302_222551_jpg.rf.efd46be7c6d73123d71425e2eb283a3a.txt,78,e50ca0f7f6a4d4ea1fb051de527d02f0afe59ca40104be562fde78535e949a41
after,test,labels,dataset_clean/test/labels/20200315_161347_jpg.rf.96f8032e85258387504474eb8665c533.txt,78,559216d86f7a87ab8ed2537ada8462be5f2f4a2a8cb83c94ac5bbc240d1cc877
after,test,labels,dataset_clean/test/labels/20200315_161347_jpg.rf.c7c5c51f280291a48da56b00bbafe8de.txt,78,559216d86f7a87ab8ed2537ada8462be5f2f4a2a8cb83c94ac5bbc240d1cc877
after,test,labels,dataset_clean/test/labels/20200315_161347_jpg.rf.d6abe4ae48298fe0ce361858e60b0eb7.txt,78,719d4c6ca694952f2626957ec7459997f36ea98575d1ae8a1465af383cf383d3
after,test,labels,dataset_clean/test/labels/203_png.rf.586bdf69f07336c8bab75a995a0bff04.txt,67,63153db86ee69c98ab8c29f759f5d7b66d7487a33aba13e86d444f6115df01ef
after,test,labels,dataset_clean/test/labels/203_png.rf.aa487db643e6c4bb8e391f93eab10136.txt,68,61a16f04c8c38c2a62a2b65acec162f2557f662ca60c41d483590160a764a77f
after,test,labels,dataset_clean/test/labels/203_png.rf.db9c285e3060cc9754024b75e06f3bd1.txt,68,61a16f04c8c38c2a62a2b65acec162f2557f662ca60c41d483590160a764a77f
after,test,labels,dataset_clean/test/labels/223_png.rf.1ec1bf2cf04d499fae02085c645f90c6.txt,68,b7fac74142a4322f956b69e0f7336adb62b2b93b9d42866cb15f52ed1aab6dae
after,test,labels,dataset_clean/test/labels/223_png.rf.9b0c8acbc554a0273d67ef5f554534c0.txt,68,b7fac74142a4322f956b69e0f7336adb62b2b93b9d42866cb15f52ed1aab6dae
after,test,labels,dataset_clean/test/labels/223_png.rf.fc486eed6c98e826875de170a6329ffa.txt,67,c746dad1b3b8d59457256b806fa35eda60605577f7c7d787b64a043edf175d0f
after,test,labels,dataset_clean/test/labels/231_png.rf.6295aa9d94483469f81bfdec61f0200d.txt,71,aef6e4e2f725604728d7ef644392d86b18cb93d69a109ba9e9097cd67982d20f
after,test,labels,dataset_clean/test/labels/231_png.rf.df22313e538b54b67d2fe41a1ed94d63.txt,72,0fbb4a7f53a8f452685e0fdfee26a80fdaf88ae17d14a987392612b6bf68a9a4
after,test,labels,dataset_clean/test/labels/231_png.rf.f542f92401935f7ec83388147c1dd573.txt,72,0fbb4a7f53a8f452685e0fdfee26a80fdaf88ae17d14a987392612b6bf68a9a4
after,test,labels,dataset_clean/test/labels/235_png.rf.856bbd13c51ef658db391046e6577fd8.txt,63,aa988847fe5215614885a779cfbd5af56f23e4809dc07e3cd8f828fd1e353517
after,test,labels,dataset_clean/test/labels/235_png.rf.c346b1816c9419bcb0dc7bea757199d7.txt,63,aa988847fe5215614885a779cfbd5af56f23e4809dc07e3cd8f828fd1e353517
after,test,labels,dataset_clean/test/labels/235_png.rf.f91b699ce609d2f29518b803100fe2af.txt,62,50783c66f76dd588cc1467d4b0fca6478ad495d4b6fa0273a5eb530cbe133340
after,test,labels,dataset_clean/test/labels/238_png.rf.1f544c6ffa33683cffcf0ed6093a2267.txt,54,e6203172a631d10fb3fcb325253a1371af5c59049b7fe03610c2228d8657903a
after,test,labels,dataset_clean/test/labels/238_png.rf.2395166f9a5eb52e1399df0cd13df5ed.txt,68,9ed71a8e4809858ace872500445d9eaeca8a9980492eca9a246931f07f5d6e83
after,test,labels,dataset_clean/test/labels/238_png.rf.7bfee0e7097a5ab1683446e2081924cc.txt,68,9ed71a8e4809858ace872500445d9eaeca8a9980492eca9a246931f07f5d6e83
after,test,labels,dataset_clean/test/labels/254_png.rf.8489331c17cf2e0e952048c44d58623c.txt,67,1259381584247e52e0960b7dcf7382444c631ab029ae861b5e37d42d3372fe58
after,test,labels,dataset_clean/test/labels/254_png.rf.a7bebd899aba91bb5e9c6371a8bdb42d.txt,66,f30b3b84b83aa899a1b47412ed08d53e7cec9cf5697026106fb480dfab51caf6
after,test,labels,dataset_clean/test/labels/254_png.rf.b701936531e510139786e85d3b67139f.txt,67,1259381584247e52e0960b7dcf7382444c631ab029ae861b5e37d42d3372fe58
after,test,labels,dataset_clean/test/labels/263_png.rf.266902220285115e286b15b541ddff5c.txt,52,6bc5427af524a64e7314dbec9f7e189a42f63dc99a8a7b28fa23b87d09a20776
after,test,labels,dataset_clean/test/labels/263_png.rf.290d90973370d6a9748188178b886ee0.txt,52,6bc5427af524a64e7314dbec9f7e189a42f63dc99a8a7b28fa23b87d09a20776
after,test,labels,dataset_clean/test/labels/263_png.rf.9a301003b52841d13df07c8c80cbab71.txt,52,6bc5427af524a64e7314dbec9f7e189a42f63dc99a8a7b28fa23b87d09a20776
after,test,labels,dataset_clean/test/labels/264_png.rf.126319da90a98eac1869f9aca6a6d756.txt,53,7411eb2e6d8f7579a06c5237b2ef45bea1f0c31746b7bf36ad536a27711ee56f
after,test,labels,dataset_clean/test/labels/264_png.rf.4148ee161444969c5c3efc04805eb665.txt,54,b0836c3cf1744eb9684ce17cdb4b775a479e42dddc86a4a6b3221fc8686e270c
after,test,labels,dataset_clean/test/labels/264_png.rf.721a2545ba89ae3cf95ce53a9bbf91d6.txt,54,b0836c3cf1744eb9684ce17cdb4b775a479e42dddc86a4a6b3221fc8686e270c
after,test,labels,dataset_clean/test/labels/266_png.rf.2b9029109f1c7a29e30f920dea710daa.txt,57,1cff3baa8cde0f6f5ed877dd1488a0818e3ecfd33e58acbe752cc910915e35c1
after,test,labels,dataset_clean/test/labels/266_png.rf.69653365386aa41b2ac090859c34ce60.txt,57,3bf39dbd4df64947ec45b7dedb1b26e2d85b0dc117c056c190fb35483d08c8bd
after,test,labels,dataset_clean/test/labels/266_png.rf.cba8ed3930bed5cce2578bef484285e0.txt,57,1cff3baa8cde0f6f5ed877dd1488a0818e3ecfd33e58acbe752cc910915e35c1
after,test,labels,dataset_clean/test/labels/283_png.rf.6f70a89dfc94bbb57a97845d9c223a5a.txt,68,4486838c84dea6c909acd06fcc49ba987716921d0479e3f3bd5bdeca799a4ebb
after,test,labels,dataset_clean/test/labels/283_png.rf.8f9e7a0e6e3b6cf6b289998e8da5cb6b.txt,68,4486838c84dea6c909acd06fcc49ba987716921d0479e3f3bd5bdeca799a4ebb
after,test,labels,dataset_clean/test/labels/283_png.rf.ff6e88e9543c3bfdd272de14b6143fe1.txt,67,48b2071562ce4068623c7fd198cbc2ff925bf70ca8516627bf7f36b5833e9227
after,test,labels,dataset_clean/test/labels/285_png.rf.0368dc58906667ed7c003ea05b9ab01c.txt,53,31017159ec25c355d4f0250ef52462f0c54ecbe2f9d26d525fcb504f8f44256c
after,test,labels,dataset_clean/test/labels/285_png.rf.0658b2796cff5559b417bc779822ca04.txt,53,31017159ec25c355d4f0250ef52462f0c54ecbe2f9d26d525fcb504f8f44256c
after,test,labels,dataset_clean/test/labels/285_png.rf.b81fbb779f453d2e13ee42835e236d50.txt,46,7a7534794beebf31933dae8ba08f59a1b6a666a540f86962555444eaef96a5e5
after,test,labels,dataset_clean/test/labels/302_png.rf.b56e935a0c09917d198f71cc4b0111a8.txt,60,8040c0c43c33a063490c94c954f8419686601f1afbfd2aa5f73316fd69a1cccd
after,test,labels,dataset_clean/test/labels/302_png.rf.cc5120e36c622809c73b3fa8680b3d4f.txt,59,20e5ede80c068d90cd6f49089ed3e7b6003b91074cb09df14980c675f2070bb9
after,test,labels,dataset_clean/test/labels/302_png.rf.fb2577d38a51cb81d99834137ab9baa1.txt,60,8040c0c43c33a063490c94c954f8419686601f1afbfd2aa5f73316fd69a1cccd
after,test,labels,dataset_clean/test/labels/314_png.rf.587cd6e007897ccf2a1a620a844d7c91.txt,51,47bf4975f29302f0cda77c93831ee60d593d426cafdcf300469c2426cae56de3
after,test,labels,dataset_clean/test/labels/314_png.rf.ac6e08ac8959348192bbae6a9147c05c.txt,51,47bf4975f29302f0cda77c93831ee60d593d426cafdcf300469c2426cae56de3
after,test,labels,dataset_clean/test/labels/314_png.rf.eb600c8934d358847030250ac06c4298.txt,57,2af7195a8f6a0ec5f0cf128ce0d540289961f68bc6c225804f0633f77bdcfa91
after,test,labels,dataset_clean/test/labels/31_jpg.rf.394100d939b8c0fb97ebf654afec71f6.txt,78,6ed97340a69c7c948d9d51350ed1af81b33a4bbc5bbef81facb18e0ea89e3f9a
after,test,labels,dataset_clean/test/labels/31_jpg.rf.4628927ab06ebdc2ed58ea16b4ba3ea7.txt,65,33a5cb6db1262939d47e6f25fbfc97db8dbe34d5ba2dd98b04040136be526670
after,test,labels,dataset_clean/test/labels/31_jpg.rf.8365c49acd5e07ea1705a5dda8f64017.txt,65,33a5cb6db1262939d47e6f25fbfc97db8dbe34d5ba2dd98b04040136be526670
after,test,labels,dataset_clean/test/labels/31_jpg.rf.b050f63cd661eed4b4c9e5d57e147659.txt,64,fe017ea3c129a74885f567438e604e615f4e8d617de19bf6a1322df0a2a5e626
after,test,labels,dataset_clean/test/labels/31_jpg.rf.d7df3d182ebf3d0851c96fd41b3e6d9b.txt,79,b6cec48213a0da0097dd9abb9ed29b5257e19489638dff175445d4508df84683
after,test,labels,dataset_clean/test/labels/31_jpg.rf.e726a3837fcbba0893f98b7480c7843f.txt,78,6ed97340a69c7c948d9d51350ed1af81b33a4bbc5bbef81facb18e0ea89e3f9a
after,test,labels,dataset_clean/test/labels/31_jpg.rf.fd98fe0df8069cc3464536801933d4e1.txt,78,fc73865f2562ebc886b83d697e1ee1782095c3fea642ad09d6f881fc98c03929
after,test,labels,dataset_clean/test/labels/320_png.rf.00154793090c8e8d562c4942e5de2715.txt,66,95b6c78473d73a187e3058621ffbd4995739480169f03b59ba188c36cb095303
after,test,labels,dataset_clean/test/labels/320_png.rf.3c89d2121a160aded00692dfe398c211.txt,61,87a784d54e5906224fae1025758fde2e4e8c1c63e618a860bb18f173a68bca68
after,test,labels,dataset_clean/test/labels/320_png.rf.e63224c6000184d068dd48bd5b33a92b.txt,61,87a784d54e5906224fae1025758fde2e4e8c1c63e618a860bb18f173a68bca68
after,test,labels,dataset_clean/test/labels/321_png.rf.0de756dbd040de911b1277c8857dfbbc.txt,50,b169ab16b8b24d9ffd32eb372e457c5e4bd414b15418a657db800177093e9b83
after,test,labels,dataset_clean/test/labels/321_png.rf.2d206b9ae6009a6f9cfba0fc9e76a3f5.txt,50,b169ab16b8b24d9ffd32eb372e457c5e4bd414b15418a657db800177093e9b83
after,test,labels,dataset_clean/test/labels/321_png.rf.50a6ebe27ea401d2299f692450a1cf7f.txt,56,7aae9c2d385bd0fe399a57eaeacf63e4aefbaccaf08ca66c8ed0eb51c211c54e
after,test,labels,dataset_clean/test/labels/339_png.rf.248dca051b3d0de913bd9e82bfede760.txt,55,7133e16fc7badbabb5c09d41c3359cdabe3e7675deca05dde05b64525dde48b1
after,test,labels,dataset_clean/test/labels/339_png.rf.29f1d58eb835780fc20fe0f4e5c6eaf0.txt,55,7133e16fc7badbabb5c09d41c3359cdabe3e7675deca05dde05b64525dde48b1
after,test,labels,dataset_clean/test/labels/339_png.rf.95be03752d938ee85439d58449f618db.txt,55,7133e16fc7badbabb5c09d41c3359cdabe3e7675deca05dde05b64525dde48b1
after,test,labels,dataset_clean/test/labels/354_png.rf.2610dabd56735b453e30169212972636.txt,68,e9691e6f8d02419e99697bf98c8064c8d96ac4fd9b9b7eb9d63c9d75b9b48bc4
after,test,labels,dataset_clean/test/labels/354_png.rf.6b4a30e9b1719f218cdaf321c95d639f.txt,69,47a4d22ab08f18d65b2f036143c28feaa895c153e526feba0850112ef811df32
after,test,labels,dataset_clean/test/labels/354_png.rf.bf13fab27974392b88325ec40f934712.txt,69,47a4d22ab08f18d65b2f036143c28feaa895c153e526feba0850112ef811df32
after,test,labels,dataset_clean/test/labels/367_png.rf.686752a975cf2740f60911cc8a86cf57.txt,60,b17166b213077052e6b2de99e838164d9848a776e83191dbfd95eec64051b7e0
after,test,labels,dataset_clean/test/labels/367_png.rf.f6a57fc8b40b3d20c856132df340123a.txt,60,b17166b213077052e6b2de99e838164d9848a776e83191dbfd95eec64051b7e0
after,test,labels,dataset_clean/test/labels/367_png.rf.f8a0d3bc1bfdee26b2efc08b8ee77269.txt,66,5ecdcd15608e18211396a565b30b7a6034c2d5db048b959cff2f39bc2f81d55b
after,test,labels,dataset_clean/test/labels/37_png.rf.196703a16ae49fd50a49d9646ef0f179.txt,62,f43fcfa05d00f1982c243ec1845d83e2b1bf23384fa211864cb93fb55e9237fe
after,test,labels,dataset_clean/test/labels/37_png.rf.6c9135b527fd5577302fc4952bd01b2b.txt,62,f43fcfa05d00f1982c243ec1845d83e2b1bf23384fa211864cb93fb55e9237fe
after,test,labels,dataset_clean/test/labels/37_png.rf.ce127e32131fdd43620d509ca53bd53e.txt,62,f43fcfa05d00f1982c243ec1845d83e2b1bf23384fa211864cb93fb55e9237fe
after,test,labels,dataset_clean/test/labels/390_png.rf.4448d8d0500243b7cb53b821fc506849.txt,60,2b53a48de93943229d8303d4d92a3a24a015fe960decdc952aa4c70efc70043f
after,test,labels,dataset_clean/test/labels/390_png.rf.a1d3d5a3fc8bd3f79b654efb0475c656.txt,60,2b53a48de93943229d8303d4d92a3a24a015fe960decdc952aa4c70efc70043f
after,test,labels,dataset_clean/test/labels/390_png.rf.b9d511fbf8b748d79562b0d8caa5c729.txt,60,2b53a48de93943229d8303d4d92a3a24a015fe960decdc952aa4c70efc70043f
after,test,labels,dataset_clean/test/labels/3_jpg.rf.4d0fae1fc11568802afaaa1a5589a93f.txt,76,e161d68b0982861132284f2010e3f1003b8d4da5e46f83a352f09a1f41cdeffd
after,test,labels,dataset_clean/test/labels/407_png.rf.3d018adbb31c732b4603a703ad463292.txt,60,d0c20103715ae9bb6d45456bc2ddc5c574c5a999caa3f41f074e34c3924477e1
after,test,labels,dataset_clean/test/labels/407_png.rf.5b80afa87e0090b9dce4275f46800097.txt,60,d0c20103715ae9bb6d45456bc2ddc5c574c5a999caa3f41f074e34c3924477e1
after,test,labels,dataset_clean/test/labels/407_png.rf.9c9719ab7cd25a04e5c5428dc689e779.txt,67,4f79de394823e0209b707e45e525dd449e4444d12c30b2cbe195740def6d2f08
after,test,labels,dataset_clean/test/labels/432_png.rf.1a87d0eecaab1f2136e2e8e6fa267cd1.txt,54,608cf4f9be6f1f6a412f556cecaa83914aa8b099b1d180b412ad432f51f774f3
after,test,labels,dataset_clean/test/labels/432_png.rf.cc671053886bb6eb8157a3b4fcb65990.txt,60,e8ac3999b503c4978851d6b23d5d987b987d0645dd3ea402b32a6c9a70d8254a
after,test,labels,dataset_clean/test/labels/432_png.rf.d443a3e515c84b578cda445e9c743fa5.txt,54,608cf4f9be6f1f6a412f556cecaa83914aa8b099b1d180b412ad432f51f774f3
after,test,labels,dataset_clean/test/labels/442_png.rf.79a46d068115c44d8cd399e114af2e7d.txt,60,1f02cd3ba47bed6a0f2f82bd5faa360e8c6b08548c47077c6c9dba321c52a844
after,test,labels,dataset_clean/test/labels/442_png.rf.8e25222a62e700f76cafb1ffcb379aab.txt,60,1f02cd3ba47bed6a0f2f82bd5faa360e8c6b08548c47077c6c9dba321c52a844
after,test,labels,dataset_clean/test/labels/442_png.rf.d954ff5c48ed03a5dbfff327d8f9232e.txt,60,1f02cd3ba47bed6a0f2f82bd5faa360e8c6b08548c47077c6c9dba321c52a844
after,test,labels,dataset_clean/test/labels/452_png.rf.3bd8959022ab1152e48177e857a634a8.txt,67,fa67ea772aa36e72e44d7f2ddbeeb588a537da7a730e5aba13c81a7031735672
after,test,labels,dataset_clean/test/labels/452_png.rf.bc9a82d7066bb44411617e0da7389fc2.txt,67,fa67ea772aa36e72e44d7f2ddbeeb588a537da7a730e5aba13c81a7031735672
after,test,labels,dataset_clean/test/labels/452_png.rf.d2efe1488cfc61731be91bb4dd589097.txt,66,483633ec87ebc6bccf6c0faba43e4c0ecbcd352488a5d40b1ea88cd7052573d3
after,test,labels,dataset_clean/test/labels/455_png.rf.0bd2b668057b20ae1d025beadf3d46e9.txt,65,f08dce3aaf457d1be2426b5760c2bf1c3c0ff48ecf9bef1fbf232056b6ab0bab
after,test,labels,dataset_clean/test/labels/455_png.rf.584b2a869a05ec816fa7ad563471e1db.txt,66,23492bdc43a5f216909f536ac467d5934fdf1504562510895c3ad5df43ab31f1
after,test,labels,dataset_clean/test/labels/455_png.rf.a8a4be04dc274ef9082cd13cab95b8d9.txt,66,23492bdc43a5f216909f536ac467d5934fdf1504562510895c3ad5df43ab31f1
after,test,labels,dataset_clean/test/labels/464_png.rf.3ae982e2a243feb905f57f1288d56325.txt,64,c8337b947f1766d454e69f67882f8ca5209962098203dc0fef30eec153148ddc
after,test,labels,dataset_clean/test/labels/464_png.rf.60db66cc97b3520019b098aa55770983.txt,57,2f8abddca48df511e532ba9dd842a52003c39f1f48c94dbffe6f3500b7363b36
after,test,labels,dataset_clean/test/labels/464_png.rf.9c312fbe2c156d34b0348ebdaf5e9df7.txt,64,c8337b947f1766d454e69f67882f8ca5209962098203dc0fef30eec153148ddc
after,test,labels,dataset_clean/test/labels/465_png.rf.3278f86d09e5c6741ea4aec9bc5de9f1.txt,49,3f57d05a12350e167b79ba7552dcd04b91f90fb9f138fee42edd8831dd83fcea
after,test,labels,dataset_clean/test/labels/465_png.rf.678d972f285f1400ba16c04554a4c940.txt,58,41e91b88c382502e22ed0e02243a503571764f2532986db76ef7ecec5d0c2562
after,test,labels,dataset_clean/test/labels/465_png.rf.c29368cfc7f4ccbe618d5e295ad18fe9.txt,58,41e91b88c382502e22ed0e02243a503571764f2532986db76ef7ecec5d0c2562
after,test,labels,dataset_clean/test/labels/476_png.rf.10fd9313949fc34fce8e1ea333a3d9ec.txt,61,b126f62749d6b8945ea074ddd393d57c894e366721381eb6d89150223b10d057
after,test,labels,dataset_clean/test/labels/476_png.rf.75bb3e6c05e7c11a3d6dcf5cd745ce86.txt,61,b126f62749d6b8945ea074ddd393d57c894e366721381eb6d89150223b10d057
after,test,labels,dataset_clean/test/labels/476_png.rf.9b61d41eb574e462ab6ee83ea55a09fb.txt,52,3a14b86ffa120b6ed0fec18155d950ebe1dd603ba9e8b5764a197b55eeecf0fa
after,test,labels,dataset_clean/test/labels/493_png.rf.1a7f3bed4ad26e505f29b2a8c96102ee.txt,62,ef21c674c9f35d97450e61c914f54fda88f6d667d84018daf9a96ae58e9fc524
after,test,labels,dataset_clean/test/labels/493_png.rf.8b84b93cac002906abc5d9b64b00e6f5.txt,62,ef21c674c9f35d97450e61c914f54fda88f6d667d84018daf9a96ae58e9fc524
after,test,labels,dataset_clean/test/labels/493_png.rf.9921860566b99dac1398d779ddc39b6c.txt,62,ef21c674c9f35d97450e61c914f54fda88f6d667d84018daf9a96ae58e9fc524
after,test,labels,dataset_clean/test/labels/496_png.rf.3a0e07a6d29ce64bedd0790f6f144f47.txt,53,afb139d18b7ab1af5ca28686629a3a813e762fd25df9539319af17a00a28b86f
after,test,labels,dataset_clean/test/labels/496_png.rf.757cb0a2dd30258052cd7570364588ff.txt,53,afb139d18b7ab1af5ca28686629a3a813e762fd25df9539319af17a00a28b86f
after,test,labels,dataset_clean/test/labels/496_png.rf.94e7651b98baeeb05180c5c6213dfbaf.txt,53,afb139d18b7ab1af5ca28686629a3a813e762fd25df9539319af17a00a28b86f
after,test,labels,dataset_clean/test/labels/502_png.rf.3866a00b3e57eb9b01de8306ebcd8c17.txt,66,6e09f4bf00939994897e6776458b7ece97ff1fd5f00c2cdd644035c0d0ef2765
after,test,labels,dataset_clean/test/labels/502_png.rf.69ace5536c0257069156e9af2c56ab08.txt,59,85eea524117506d8f6e91da3559312054279768aeeaab50b6fea7b0deedeeb08
after,test,labels,dataset_clean/test/labels/502_png.rf.f80e31dd41fabf79b851996f1263f87a.txt,66,6e09f4bf00939994897e6776458b7ece97ff1fd5f00c2cdd644035c0d0ef2765
after,test,labels,dataset_clean/test/labels/517_png.rf.585f601fc106ac783e2150be205c0cd4.txt,54,21bf92a1ee87fe3458be16a90a9ff1d8643812da0eec858e9893449870704fa6
after,test,labels,dataset_clean/test/labels/517_png.rf.c2dd9ca0adc7e1c8ca7b7bfd1cd9eff6.txt,54,792f85ef4d7827275f6560227b0cb9cc17dbb834ed35a23bc84af42c62b5e60c
after,test,labels,dataset_clean/test/labels/517_png.rf.c56365d1c968682a773e1e5f8b08c553.txt,54,792f85ef4d7827275f6560227b0cb9cc17dbb834ed35a23bc84af42c62b5e60c
after,test,labels,dataset_clean/test/labels/522_png.rf.07975f7a478e985df547dee561b0848f.txt,69,dc9148ffd4ea50a5b61be499a46cddb48ed93de617e6cfb5f6b6cb4899f5c78f
after,test,labels,dataset_clean/test/labels/522_png.rf.39ef8d9d4671195b0621d15ef129393e.txt,68,c32c4ecd8cff71f8a43304a58980dce5411d1e5d3e71869405246396e5635bd0
after,test,labels,dataset_clean/test/labels/522_png.rf.fafc2798521f7879cc1feee923d0a54c.txt,69,dc9148ffd4ea50a5b61be499a46cddb48ed93de617e6cfb5f6b6cb4899f5c78f
after,test,labels,dataset_clean/test/labels/530_png.rf.29a5632f3a2d048db87d1394fa77e430.txt,64,0e1f379df0200fc477c459000cfac164f9fcebe239de3ece885db3a3c177a0a2
after,test,labels,dataset_clean/test/labels/530_png.rf.3c7222de8f901d3bce1db7f0be319c46.txt,64,0e1f379df0200fc477c459000cfac164f9fcebe239de3ece885db3a3c177a0a2
after,test,labels,dataset_clean/test/labels/530_png.rf.c96e2ec8e4f0f6297209b1a452b1521c.txt,64,0e1f379df0200fc477c459000cfac164f9fcebe239de3ece885db3a3c177a0a2
after,test,labels,dataset_clean/test/labels/531_png.rf.04daa8e1bf2105d6ddaf5006f6e010a7.txt,66,c408f74b757bdbef4a67d6cc72b7d568ac6bca8effe30afa716a57ef97bb8c90
after,test,labels,dataset_clean/test/labels/531_png.rf.80e71f59886c11b4bbb2b4ce12ac6efe.txt,65,99b0f5e281ddd451e85c5001556a21ed6c70a87a0739a04082c4f94a3b12f895
after,test,labels,dataset_clean/test/labels/531_png.rf.dda5dc5a59a3094c340140399f5a31e7.txt,66,c408f74b757bdbef4a67d6cc72b7d568ac6bca8effe30afa716a57ef97bb8c90
after,test,labels,dataset_clean/test/labels/55_png.rf.08323d8ebce1579413da8296f880941f.txt,65,82202915b88dbc760745535163a575646a1493a80dd77a3ebfaf6067f5dc0dfc
after,test,labels,dataset_clean/test/labels/55_png.rf.5dff9ad5cc4cf735f69198362d955397.txt,64,1ce463b2761093e96943d2a75269860f2a5f8ab6757301a47af79b2b6851beef
after,test,labels,dataset_clean/test/labels/55_png.rf.7d9fa346a67ecd150cf5fd8d5ac25dbe.txt,65,82202915b88dbc760745535163a575646a1493a80dd77a3ebfaf6067f5dc0dfc
after,test,labels,dataset_clean/test/labels/60_png.rf.34c5d01bd9b0c9528196a6c6663ea6ee.txt,66,f3a9076dbac4b229990e33ca48d9d7c36dabb38f94d2ad841c6e04b2f607fc17
after,test,labels,dataset_clean/test/labels/60_png.rf.8e3b432a9795bb5760d0ff0b919d5275.txt,60,257eeda2bcb3ddc8c6eb6a71900b4935b16ebb167d0363c30cf1bbd59e245e63
after,test,labels,dataset_clean/test/labels/60_png.rf.a30d2876b7f8220d123e17d09eaaf31f.txt,60,257eeda2bcb3ddc8c6eb6a71900b4935b16ebb167d0363c30cf1bbd59e245e63
after,test,labels,dataset_clean/test/labels/61_png.rf.21f0ca7877d38a1bf7bb846490a3f328.txt,57,b75fe9c4b946bd9a6d2008c4c125786247c52e0bc3ba95163eb36172e5ef4152
after,test,labels,dataset_clean/test/labels/61_png.rf.85107c6ba59e43f3a430792e40e6eda6.txt,57,b75fe9c4b946bd9a6d2008c4c125786247c52e0bc3ba95163eb36172e5ef4152
after,test,labels,dataset_clean/test/labels/61_png.rf.ab0baf3e70a8e9ebe9cc7f06c24d974f.txt,57,b75fe9c4b946bd9a6d2008c4c125786247c52e0bc3ba95163eb36172e5ef4152
after,test,labels,dataset_clean/test/labels/93_png.rf.8a1d13db389615445e591a871e42b5b8.txt,67,47c6890b2b81e513c4c1160d1c25cd81003d53440d981fde476dc86e62b914d0
after,test,labels,dataset_clean/test/labels/93_png.rf.dc820faff08831e2152a413b3c1c0c5f.txt,67,47c6890b2b81e513c4c1160d1c25cd81003d53440d981fde476dc86e62b914d0
after,test,labels,dataset_clean/test/labels/93_png.rf.f9a56e04ca0c7fd9bf7f1a682e55a78c.txt,67,47c6890b2b81e513c4c1160d1c25cd81003d53440d981fde476dc86e62b914d0
after,test,labels,dataset_clean/test/labels/95_png.rf.0fd4bdfed9e3515b7161bbcde2a6d259.txt,64,4008a1b31b0e02f5092725163c6fc2678eb009d524ec5073f8801a8150410bd4
after,test,labels,dataset_clean/test/labels/95_png.rf.72dae3ea3d7a0076e3263b95e173e83b.txt,64,4008a1b31b0e02f5092725163c6fc2678eb009d524ec5073f8801a8150410bd4
after,test,labels,dataset_clean/test/labels/95_png.rf.7f55243c342899f829ace9ed32fd1596.txt,64,4008a1b31b0e02f5092725163c6fc2678eb009d524ec5073f8801a8150410bd4
after,test,labels,dataset_clean/test/labels/T_15_20190608_075438_jpg.rf.00b0749c47ba452610698b70cc27a615.txt,79,8d3b55e2d69a31f0e199003c4e0ec0bea777f85a4e7b475bdbd5f1b28671f3cb
after,test,labels,dataset_clean/test/labels/T_15_20190608_075438_jpg.rf.159b72a16036fba4fabd548bcc443c60.txt,78,894479794fc6b5bc7ee6abe688e31bbdd69542bc318836e8d1dbd54eeae941f1
after,test,labels,dataset_clean/test/labels/T_15_20190608_075438_jpg.rf.54f8bb06d8e24acacf0f3b3a3cbf0901.txt,78,32c257379d5ac546d85e7e6df78feb27ce775b33ec3ca3030898eb521e364d6c
after,test,labels,dataset_clean/test/labels/T_15_20190608_075438_jpg.rf.5a1417e67178b48a23a9ab41b3506f11.txt,78,32c257379d5ac546d85e7e6df78feb27ce775b33ec3ca3030898eb521e364d6c
after,test,labels,dataset_clean/test/labels/T_15_20190608_075438_jpg.rf.76405f06d86f1f1bd23c8b0a55f545fd.txt,78,894479794fc6b5bc7ee6abe688e31bbdd69542bc318836e8d1dbd54eeae941f1
after,test,labels,dataset_clean/test/labels/T_15_20190608_075438_jpg.rf.8fa3fe755ef3ce06dc60ee0d52d1393d.txt,69,c22a97dd58c058a0f934136d5885754e9f2657163ee00a18de6969a9b99d680d
after,test,labels,dataset_clean/test/labels/T_15_20190608_075438_jpg.rf.a697c2f298a96c816006ce89bfcd3967.txt,78,10fcda271e8e81bbfd8d2c08562bfbd4bb1393d1d6eec07c0d75a3df03f5752c
after,test,labels,dataset_clean/test/labels/T_15_20190608_075438_jpg.rf.de08f3327fa66b6f6dd07b92422be8bf.txt,79,70b64d9686d7789b1e02c4feadf6db9e33a6dceb9395bc641dac102c55cab603
after,test,labels,dataset_clean/test/labels/T_15_20190608_075438_jpg.rf.e80e62ba6a50455e3e6b42fba97728ab.txt,79,70b64d9686d7789b1e02c4feadf6db9e33a6dceb9395bc641dac102c55cab603
after,test,labels,dataset_clean/test/labels/T_16_20190608_075548_jpg.rf.24256f1f3406ba781cf93738a663b58c.txt,78,8772c2761493f1abba041b913781fd397acba7d6939cf720c8ce963bb2a24ff4
after,test,labels,dataset_clean/test/labels/T_16_20190608_075548_jpg.rf.7b018518aff11e5d5b56e376fd2b4f4b.txt,78,8772c2761493f1abba041b913781fd397acba7d6939cf720c8ce963bb2a24ff4
after,test,labels,dataset_clean/test/labels/T_16_20190608_075548_jpg.rf.d9baea2b1e60b432f25f86067ec9697e.txt,69,0adf59757d806224e55822da5aa77773709f112a60cf914f9b84c84e99b98179
after,test,labels,dataset_clean/test/labels/T_36_20190610_084456_jpg.rf.438da1efaf185b6c9fa557fefd557f1b.txt,76,a79156803e19a007827a709c8c6f08bab634636ee1d7c9350baf28e2c9b2e1d9
after,test,labels,dataset_clean/test/labels/T_45_20190611_090821_jpg.rf.1e7e8502c647b6dfb69f4a06bb962d09.txt,69,6e735e58dda3fe366061eed336d54041acec219a46b549c03f0418f7be17adad
after,test,labels,dataset_clean/test/labels/T_45_20190611_090821_jpg.rf.f636b4f978381f2d5a4627e2dcc934c1.txt,79,375cd371956b99cc30c3dcb244e503f79e4ca73ed3a3bf3e942f8d2f06f4210b
after,test,labels,dataset_clean/test/labels/T_47_20190611_094951_jpg.rf.245773b97e4a0fcab89f75f922c44c9c.txt,80,dc22e649d383f538d14f02e937e8722f36b7ddc7dac4c4bc75f7c2b180908205
after,test,labels,dataset_clean/test/labels/T_47_20190611_094951_jpg.rf.292ca3c6430fd3e8fa218e62df65fc3b.txt,77,de9e2fa36e232af046e9762c9d6816690c1b0e1299f9c1c1df8d0bb778f004b1
after,test,labels,dataset_clean/test/labels/T_47_20190611_094951_jpg.rf.4764d131b94b24a12b690aab44549076.txt,77,6a275537bec2f37acd93f00d704a45f3fe3ebc19323aa0e680cd121730b42e17
after,test,labels,dataset_clean/test/labels/T_47_20190611_094951_jpg.rf.991333d5f674623da921674095e73ec7.txt,78,d4babf50376690150fdfce1ecdf468a3e65ff27a082946f22110c28c4ddfc628
after,test,labels,dataset_clean/test/labels/T_47_20190611_094951_jpg.rf.a540905d16fa4b05cdaf6f7aa4332548.txt,77,ee0c06f31d0b7811501e044c62d0a76804f2e7a45fd93dcf27bc08c459b0a9f6
after,test,labels,dataset_clean/test/labels/T_47_20190611_094951_jpg.rf.d582a5716d0a589835d174847e90e6df.txt,78,d4babf50376690150fdfce1ecdf468a3e65ff27a082946f22110c28c4ddfc628
after,test,labels,dataset_clean/test/labels/T_47_20190611_094951_jpg.rf.e51fcbf9e6a2d8e22ec1898db2047929.txt,77,ee0c06f31d0b7811501e044c62d0a76804f2e7a45fd93dcf27bc08c459b0a9f6
after,test,labels,dataset_clean/test/labels/T_49_20190611_095655_jpg.rf.0cc1040780e0e088992411bd4eaa955f.txt,66,448098d46632570984f6c3f54c6bacb0a1062de37a7cb5a2292f7899cdaf4033
after,test,labels,dataset_clean/test/labels/T_49_20190611_095655_jpg.rf.3855c343c01c7aac5abf7966de1d4adb.txt,79,94c29ffffbee13c12b51bea9779734b9f68e2936eb62251044c12fd72bc5421e
after,test,labels,dataset_clean/test/labels/T_49_20190611_095655_jpg.rf.3bf3f95c9d8997e8f0bbe12ff5aabd86.txt,67,8af717d53ae3dc87119223b3df8b47dfb62be08e3fc189a8c1a5e0ace4ba875a
after,test,labels,dataset_clean/test/labels/T_49_20190611_095655_jpg.rf.56ec3d5ec197fe55dad12c387928ff5a.txt,77,93e144893bf6640ab0d5a302e2cd1bde2bd3c257ebe7db427b5a32174da2723a
after,test,labels,dataset_clean/test/labels/T_49_20190611_095655_jpg.rf.6b99026ea959113640df090b1de3e131.txt,78,ef3ee272cfa6570706f57c0118827df572ac90f68acd0da3c701c87f5bda7f5e
after,test,labels,dataset_clean/test/labels/T_49_20190611_095655_jpg.rf.75ed7ad26f74ac6c067d70fcc5a6903a.txt,79,1319f65158a5ac461c6f3b15b09cd06ad52180e27a4858801c96b791fdb69aeb
after,test,labels,dataset_clean/test/labels/T_49_20190611_095655_jpg.rf.b13bdf78d9fe1f4e44ad395968395e21.txt,67,8af717d53ae3dc87119223b3df8b47dfb62be08e3fc189a8c1a5e0ace4ba875a
after,test,labels,dataset_clean/test/labels/T_49_20190611_095655_jpg.rf.bc2054dda1f70c7b4f95fc542ca72de2.txt,79,94c29ffffbee13c12b51bea9779734b9f68e2936eb62251044c12fd72bc5421e
after,test,labels,dataset_clean/test/labels/T_49_20190611_095655_jpg.rf.d569389154f27f78f9ad1bb1e885ac78.txt,78,ef3ee272cfa6570706f57c0118827df572ac90f68acd0da3c701c87f5bda7f5e
after,test,labels,dataset_clean/test/labels/T_4_20190606_095326_jpg.rf.00235588feac58cfa7134d30bea0ed5a.txt,79,33ed544ce0df546fe4834d7446a90b2eb87e65b50005981cc6fd5903a8e556eb
after,test,labels,dataset_clean/test/labels/T_4_20190606_095326_jpg.rf.b8b441a6a57b95ff485e98884c9e57a9.txt,78,6024fc0528afd7f5cbf2970594a9a1f61d1bae156d3076a99e0511dd48fda0b4
after,test,labels,dataset_clean/test/labels/T_4_20190606_095326_jpg.rf.f6428d17c3960f48d9c9517daf4b6be6.txt,79,33ed544ce0df546fe4834d7446a90b2eb87e65b50005981cc6fd5903a8e556eb
after,test,labels,dataset_clean/test/labels/T_60_20190612_091032_jpg.rf.25a052c35f6dbe5fec0615a32a2ed05c.txt,80,f34dac2483b830a438cad1f6fa99de761924eeda8ca14b276ec913c1b3554570
after,test,labels,dataset_clean/test/labels/T_60_20190612_091032_jpg.rf.4dd23d56dc32a798e6df7e4939f51466.txt,80,ff7e7d7eb5fc72583410a7e1539f87e6b3b1024a7b8abc1d63cc47ce7c379777
after,test,labels,dataset_clean/test/labels/T_60_20190612_091032_jpg.rf.53382e5959c94a5036a09df165174dec.txt,80,ff7e7d7eb5fc72583410a7e1539f87e6b3b1024a7b8abc1d63cc47ce7c379777
after,test,labels,dataset_clean/test/labels/T_60_20190612_091032_jpg.rf.b6755fa6f2f80ce845f1d91b37e3f1f4.txt,78,83de1e844cc7a2e235fdad05ddfc33016e6f59fff5ca2101a170b2b3fe9d65fe
after,test,labels,dataset_clean/test/labels/T_60_20190612_091032_jpg.rf.b8226e7e3c1491f53fa5c589396c9358.txt,68,378089ff0229afcefe07d75489bafd170f720712bbbb15059935fdc35b5ae361
after,test,labels,dataset_clean/test/labels/T_60_20190612_091032_jpg.rf.c1b7d8448acb104f35a6a2595e4f6d74.txt,77,53d37ca3edde9bd5fbc0af4409fb4d01deaf687cbc497b40217737da2a0c7c76
after,test,labels,dataset_clean/test/labels/T_60_20190612_091032_jpg.rf.d27c0c5bad20bcc0aa82761408b9425a.txt,78,83de1e844cc7a2e235fdad05ddfc33016e6f59fff5ca2101a170b2b3fe9d65fe
after,test,labels,dataset_clean/test/labels/T_61_20190612_091504_jpg.rf.d436c352f9d1f6fb7237c2438a36f297.txt,69,a85a7ed1e456c8619c2872845d6840a4a009102dfd084a8ac218f02d0bf3ae00
after,test,labels,dataset_clean/test/labels/T_81_20190614_075610_jpg.rf.0d5e52f69117f55ea395fd5f8d4e8377.txt,77,185815b9f8d7cf6fcd18ac37b6b65ce7ba16086af1eef985cef5135bbcb1cbc7
after,test,labels,dataset_clean/test/labels/T_81_20190614_075610_jpg.rf.6486e19917f005133044ca4e017406a4.txt,78,2783fc752a656e1f50a960e092e2b09724e69599334868f65cdc2f2657782060
after,test,labels,dataset_clean/test/labels/T_81_20190614_075610_jpg.rf.9abf92e7e3fcddbbcece307147f7a4af.txt,80,821fdc6668a2d51f680fe4833f750a1ec49d3307fb9a56d1fd18af4f2d7c96dd
after,test,labels,dataset_clean/test/labels/T_81_20190614_075610_jpg.rf.d5e03f285c77c842ccbbf6f02b37de6f.txt,78,2783fc752a656e1f50a960e092e2b09724e69599334868f65cdc2f2657782060
after,test,labels,dataset_clean/test/labels/T_86_20190614_081710_jpg.rf.0896433eeda0f67341a60f468e758103.txt,79,bda90af9c06ca139dc37203c2ccece07504c94dca8ac6c4b68186ff57f2aa87a
after,test,labels,dataset_clean/test/labels/T_86_20190614_081710_jpg.rf.4cfc5dda8a7d87f0c363a8ecd4cd5b74.txt,66,f4b987141d17eea4c113c62f8d310ba307266670ec97cc72f2f43aeec1b07bfb
after,test,labels,dataset_clean/test/labels/T_86_20190614_081710_jpg.rf.4f99787551a8053b2cf1c6751aca67bf.txt,66,f4b987141d17eea4c113c62f8d310ba307266670ec97cc72f2f43aeec1b07bfb
after,test,labels,dataset_clean/test/labels/T_86_20190614_081710_jpg.rf.585cd1a99fcd2d9d8d9cff505e58269a.txt,78,38d54781407254b63243f71610486caddb7e6bab1271e997554ba8e991a3ff59
after,test,labels,dataset_clean/test/labels/T_86_20190614_081710_jpg.rf.b6fef57995b8e38c02af182d41dd4a8a.txt,69,ae96de54e6345f2976476ed49a9a5db14d2b1cc1355786aa346e534de8316cab
after,test,labels,dataset_clean/test/labels/T_86_20190614_081710_jpg.rf.c00fea1700b0a4e1cd608541362aec04.txt,69,ae96de54e6345f2976476ed49a9a5db14d2b1cc1355786aa346e534de8316cab
after,test,labels,dataset_clean/test/labels/T_86_20190614_081710_jpg.rf.cbb53997759da917b3a00078ce60f5ce.txt,79,bda90af9c06ca139dc37203c2ccece07504c94dca8ac6c4b68186ff57f2aa87a
after,test,labels,dataset_clean/test/labels/T_86_20190614_081710_jpg.rf.d062b612e4194870c128b7a1cde34022.txt,67,3d2c5dca0fd4ec8333e18f2d30de81d5d56967069a75b5e45a95b7bf757af537
after,test,labels,dataset_clean/test/labels/T_86_20190614_081710_jpg.rf.f36e1333a61a26f7783ff300567ee894.txt,77,9ef074240e0153fb5295f89eb0bd9ff0d8d675cf3a7dffc56986e70fe155d863
after,test,labels,dataset_clean/test/labels/T_8_20190607_075130_jpg.rf.041e7460b4e32b7a291bbb94208a590e.txt,78,76faf3f2c050c5d9663c7b29bd9acbb5a6efab3b36e72ec3eb5178942b12a5b9
after,test,labels,dataset_clean/test/labels/T_8_20190607_075130_jpg.rf.12cb92b5da05e4c94f2b63f6312f320f.txt,77,4bc878b422f2525050aeed65715075b786503aee7ed948e155e89dd8dd254d23
after,test,labels,dataset_clean/test/labels/T_8_20190607_075130_jpg.rf.1368a5e370cb9a1cf20e192381c25536.txt,78,6e8b8bfc87cb87b83c5b223200334e9e51308a727f6b2ec009beb8f44fd4d291
after,test,labels,dataset_clean/test/labels/T_8_20190607_075130_jpg.rf.3994728756040544857466a6fe7d5d6a.txt,79,e92cdda79afb7717eb1935ba3385b6d320894ff7eeb9557533f50fd91843b138
after,test,labels,dataset_clean/test/labels/T_8_20190607_075130_jpg.rf.5d433f210fe5eeb605fad7ac33eb6221.txt,77,4bc878b422f2525050aeed65715075b786503aee7ed948e155e89dd8dd254d23
after,test,labels,dataset_clean/test/labels/T_8_20190607_075130_jpg.rf.6945ace0ccf6fb0fd79776d4ddec878c.txt,79,e92cdda79afb7717eb1935ba3385b6d320894ff7eeb9557533f50fd91843b138
after,test,labels,dataset_clean/test/labels/T_8_20190607_075130_jpg.rf.8830ecfd28dc115d386741df8026e025.txt,78,8705d18064b30d48a419e606274e339d6130897d0de7008f0189a6d627f99380
after,test,labels,dataset_clean/test/labels/T_8_20190607_075130_jpg.rf.a7118f9f3567c76e88b79f2181096ff7.txt,77,ab4d22454b4b96c1799e9d487aa8c1ef009b7afb0c7c6e60b7b72b863005371d
after,test,labels,dataset_clean/test/labels/T_8_20190607_075130_jpg.rf.efaca8827bf2b01426d387faa1fd428a.txt,77,ab4d22454b4b96c1799e9d487aa8c1ef009b7afb0c7c6e60b7b72b863005371d
after,test,labels,dataset_clean/test/labels/T_92_20190614_090938_jpg.rf.04dac06627ed5e3c11135cea694fb7e3.txt,77,6d0729f6eb8b1c838c6dff48d0c347735e7c2c71a428c7ebdfd8656edb9a0059
after,test,labels,dataset_clean/test/labels/T_92_20190614_090938_jpg.rf.1599b7969799fc8fec894a1e393c4538.txt,68,912b26b66eb7ed27c18a0e1dc2f7c1ec2aba1d17e07dba9b95b0d72875cf78eb
after,test,labels,dataset_clean/test/labels/T_92_20190614_090938_jpg.rf.2a092662138af0e0b5f194bc13c2c381.txt,78,790904834f139a3784e3850a6c8eb53ee06f1a3bdbd42d48c26d01d4ba986a22
after,test,labels,dataset_clean/test/labels/T_92_20190614_090938_jpg.rf.3a8c1d074b695460d09ff6d04039b9c4.txt,78,53c3a4b1327e69d1dbf033c7aa0f72e4554f2a3091dcc58859f4dd04b72373e7
after,test,labels,dataset_clean/test/labels/T_92_20190614_090938_jpg.rf.5fdd6e69cacf89059385162648d7ec87.txt,77,e6708a7e300dd023c7bd28ba2b59c93a3ca83539de00d803daadb30c82ad91bc
after,test,labels,dataset_clean/test/labels/T_92_20190614_090938_jpg.rf.854cdbd0945ad00850be9eb870b3f4f9.txt,79,72dbe813165520c98c961ca81a7b1990254948add60f836d1b84c1b2cfdc6ded
after,test,labels,dataset_clean/test/labels/T_92_20190614_090938_jpg.rf.9fb7a12ce28a2c7dd9690ff43aaa5e8f.txt,78,790904834f139a3784e3850a6c8eb53ee06f1a3bdbd42d48c26d01d4ba986a22
after,test,labels,dataset_clean/test/labels/T_92_20190614_090938_jpg.rf.f455745f2c6672c5b5aca89b93b66c3d.txt,79,72dbe813165520c98c961ca81a7b1990254948add60f836d1b84c1b2cfdc6ded
after,test,labels,dataset_clean/test/labels/T_92_20190614_090938_jpg.rf.fadc2f633bed055183f0f4a0e2a18358.txt,77,6d0729f6eb8b1c838c6dff48d0c347735e7c2c71a428c7ebdfd8656edb9a0059
